OrderID,ProductID,UnitPrice,Quantity,Discount,DataSource,CustomerID,EmployeeID,OrderDate,RequiredDate,ShippedDate,ShipVia,Freight,ShipName,ShipAddress,ShipCity,ShipRegion,ShipPostalCode,ShipCountry,DataSource_Order,SalesAmount,GrossAmount,DiscountAmount,DaysToShip,IsLateDelivery,IsHighFreight,SalesKey
10248,11,14.0,12.0,0.0,SQLServer,VINET,5,1996-07-04 00:00:00,1996-08-01,1996-07-16,3.0,32.38,Vins et alcools Chevalier,59 rue de l'Abbaye,Reims,,51100,France,SQLServer,168.0,168.0,0.0,12.0,False,False,1
10248,42,9.8,10.0,0.0,SQLServer,VINET,5,1996-07-04 00:00:00,1996-08-01,1996-07-16,3.0,32.38,Vins et alcools Chevalier,59 rue de l'Abbaye,Reims,,51100,France,SQLServer,98.0,98.0,0.0,12.0,False,False,2
10248,72,34.8,5.0,0.0,SQLServer,VINET,5,1996-07-04 00:00:00,1996-08-01,1996-07-16,3.0,32.38,Vins et alcools Chevalier,59 rue de l'Abbaye,Reims,,51100,France,SQLServer,174.0,174.0,0.0,12.0,False,False,3
10249,14,18.6,9.0,0.0,SQLServer,TOMSP,6,1996-07-05 00:00:00,1996-08-16,1996-07-10,1.0,11.61,Toms Spezialitäten,Luisenstr. 48,Münster,,44087,Germany,SQLServer,167.4,167.4,0.0,5.0,False,False,4
10249,51,42.4,40.0,0.0,SQLServer,TOMSP,6,1996-07-05 00:00:00,1996-08-16,1996-07-10,1.0,11.61,Toms Spezialitäten,Luisenstr. 48,Münster,,44087,Germany,SQLServer,1696.0,1696.0,0.0,5.0,False,False,5
10250,41,7.7,10.0,0.0,SQLServer,HANAR,4,1996-07-08 00:00:00,1996-08-05,1996-07-12,2.0,65.83,Hanari Carnes,"Rua do Paço, 67",Rio de Janeiro,RJ,05454-876,Brazil,SQLServer,77.0,77.0,0.0,4.0,False,False,6
10250,51,42.4,35.0,0.15000000596046448,SQLServer,HANAR,4,1996-07-08 00:00:00,1996-08-05,1996-07-12,2.0,65.83,Hanari Carnes,"Rua do Paço, 67",Rio de Janeiro,RJ,05454-876,Brazil,SQLServer,1261.4,1484.0,222.6,4.0,False,False,7
10250,65,16.8,15.0,0.15000000596046448,SQLServer,HANAR,4,1996-07-08 00:00:00,1996-08-05,1996-07-12,2.0,65.83,Hanari Carnes,"Rua do Paço, 67",Rio de Janeiro,RJ,05454-876,Brazil,SQLServer,214.2,252.0,37.8,4.0,False,False,8
10251,22,16.8,6.0,0.05000000074505806,SQLServer,VICTE,3,1996-07-08 00:00:00,1996-08-05,1996-07-15,1.0,41.34,Victuailles en stock,"2, rue du Commerce",Lyon,,69004,France,SQLServer,95.76,100.8,5.04,7.0,False,False,9
10251,57,15.6,15.0,0.05000000074505806,SQLServer,VICTE,3,1996-07-08 00:00:00,1996-08-05,1996-07-15,1.0,41.34,Victuailles en stock,"2, rue du Commerce",Lyon,,69004,France,SQLServer,222.3,234.0,11.7,7.0,False,False,10
10251,65,16.8,20.0,0.0,SQLServer,VICTE,3,1996-07-08 00:00:00,1996-08-05,1996-07-15,1.0,41.34,Victuailles en stock,"2, rue du Commerce",Lyon,,69004,France,SQLServer,336.0,336.0,0.0,7.0,False,False,11
10252,20,64.8,40.0,0.05000000074505806,SQLServer,SUPRD,4,1996-07-09 00:00:00,1996-08-06,1996-07-11,2.0,51.3,Suprêmes délices,"Boulevard Tirou, 255",Charleroi,,B-6000,Belgium,SQLServer,2462.4,2592.0,129.6,2.0,False,False,12
10252,33,2.0,25.0,0.05000000074505806,SQLServer,SUPRD,4,1996-07-09 00:00:00,1996-08-06,1996-07-11,2.0,51.3,Suprêmes délices,"Boulevard Tirou, 255",Charleroi,,B-6000,Belgium,SQLServer,47.5,50.0,2.5,2.0,False,False,13
10252,60,27.2,40.0,0.0,SQLServer,SUPRD,4,1996-07-09 00:00:00,1996-08-06,1996-07-11,2.0,51.3,Suprêmes délices,"Boulevard Tirou, 255",Charleroi,,B-6000,Belgium,SQLServer,1088.0,1088.0,0.0,2.0,False,False,14
10253,31,10.0,20.0,0.0,SQLServer,HANAR,3,1996-07-10 00:00:00,1996-07-24,1996-07-16,2.0,58.17,Hanari Carnes,"Rua do Paço, 67",Rio de Janeiro,RJ,05454-876,Brazil,SQLServer,200.0,200.0,0.0,6.0,False,False,15
10253,39,14.4,42.0,0.0,SQLServer,HANAR,3,1996-07-10 00:00:00,1996-07-24,1996-07-16,2.0,58.17,Hanari Carnes,"Rua do Paço, 67",Rio de Janeiro,RJ,05454-876,Brazil,SQLServer,604.8,604.8,0.0,6.0,False,False,16
10253,49,16.0,40.0,0.0,SQLServer,HANAR,3,1996-07-10 00:00:00,1996-07-24,1996-07-16,2.0,58.17,Hanari Carnes,"Rua do Paço, 67",Rio de Janeiro,RJ,05454-876,Brazil,SQLServer,640.0,640.0,0.0,6.0,False,False,17
10254,24,3.6,15.0,0.15000000596046448,SQLServer,CHOPS,5,1996-07-11 00:00:00,1996-08-08,1996-07-23,2.0,22.98,Chop-suey Chinese,Hauptstr. 31,Bern,,3012,Switzerland,SQLServer,45.9,54.0,8.1,12.0,False,False,18
10254,55,19.2,21.0,0.15000000596046448,SQLServer,CHOPS,5,1996-07-11 00:00:00,1996-08-08,1996-07-23,2.0,22.98,Chop-suey Chinese,Hauptstr. 31,Bern,,3012,Switzerland,SQLServer,342.72,403.2,60.48,12.0,False,False,19
10254,74,8.0,21.0,0.0,SQLServer,CHOPS,5,1996-07-11 00:00:00,1996-08-08,1996-07-23,2.0,22.98,Chop-suey Chinese,Hauptstr. 31,Bern,,3012,Switzerland,SQLServer,168.0,168.0,0.0,12.0,False,False,20
10255,2,15.2,20.0,0.0,SQLServer,RICSU,9,1996-07-12 00:00:00,1996-08-09,1996-07-15,3.0,148.33,Richter Supermarkt,Starenweg 5,Genève,,1204,Switzerland,SQLServer,304.0,304.0,0.0,3.0,False,False,21
10255,16,13.9,35.0,0.0,SQLServer,RICSU,9,1996-07-12 00:00:00,1996-08-09,1996-07-15,3.0,148.33,Richter Supermarkt,Starenweg 5,Genève,,1204,Switzerland,SQLServer,486.5,486.5,0.0,3.0,False,False,22
10255,36,15.2,25.0,0.0,SQLServer,RICSU,9,1996-07-12 00:00:00,1996-08-09,1996-07-15,3.0,148.33,Richter Supermarkt,Starenweg 5,Genève,,1204,Switzerland,SQLServer,380.0,380.0,0.0,3.0,False,False,23
10255,59,44.0,30.0,0.0,SQLServer,RICSU,9,1996-07-12 00:00:00,1996-08-09,1996-07-15,3.0,148.33,Richter Supermarkt,Starenweg 5,Genève,,1204,Switzerland,SQLServer,1320.0,1320.0,0.0,3.0,False,False,24
10256,53,26.2,15.0,0.0,SQLServer,WELLI,3,1996-07-15 00:00:00,1996-08-12,1996-07-17,2.0,13.97,Wellington Importadora,"Rua do Mercado, 12",Resende,SP,08737-363,Brazil,SQLServer,393.0,393.0,0.0,2.0,False,False,25
10256,77,10.4,12.0,0.0,SQLServer,WELLI,3,1996-07-15 00:00:00,1996-08-12,1996-07-17,2.0,13.97,Wellington Importadora,"Rua do Mercado, 12",Resende,SP,08737-363,Brazil,SQLServer,124.8,124.8,0.0,2.0,False,False,26
10257,27,35.1,25.0,0.0,SQLServer,HILAA,4,1996-07-16 00:00:00,1996-08-13,1996-07-22,3.0,81.91,HILARION-Abastos,Carrera 22 con Ave. Carlos Soublette #8-35,San Cristóbal,Táchira,5022,Venezuela,SQLServer,877.5,877.5,0.0,6.0,False,False,27
10257,39,14.4,6.0,0.0,SQLServer,HILAA,4,1996-07-16 00:00:00,1996-08-13,1996-07-22,3.0,81.91,HILARION-Abastos,Carrera 22 con Ave. Carlos Soublette #8-35,San Cristóbal,Táchira,5022,Venezuela,SQLServer,86.4,86.4,0.0,6.0,False,False,28
10257,77,10.4,15.0,0.0,SQLServer,HILAA,4,1996-07-16 00:00:00,1996-08-13,1996-07-22,3.0,81.91,HILARION-Abastos,Carrera 22 con Ave. Carlos Soublette #8-35,San Cristóbal,Táchira,5022,Venezuela,SQLServer,156.0,156.0,0.0,6.0,False,False,29
10258,2,15.2,50.0,0.20000000298023224,SQLServer,ERNSH,1,1996-07-17 00:00:00,1996-08-14,1996-07-23,1.0,140.51,Ernst Handel,Kirchgasse 6,Graz,,8010,Austria,SQLServer,608.0,760.0,152.0,6.0,False,False,30
10258,5,17.0,65.0,0.20000000298023224,SQLServer,ERNSH,1,1996-07-17 00:00:00,1996-08-14,1996-07-23,1.0,140.51,Ernst Handel,Kirchgasse 6,Graz,,8010,Austria,SQLServer,884.0,1105.0,221.0,6.0,False,False,31
10258,32,25.6,6.0,0.20000000298023224,SQLServer,ERNSH,1,1996-07-17 00:00:00,1996-08-14,1996-07-23,1.0,140.51,Ernst Handel,Kirchgasse 6,Graz,,8010,Austria,SQLServer,122.88,153.6,30.72,6.0,False,False,32
10259,21,8.0,10.0,0.0,SQLServer,CENTC,4,1996-07-18 00:00:00,1996-08-15,1996-07-25,3.0,3.25,Centro comercial Moctezuma,Sierras de Granada 9993,México D.F.,,05022,Mexico,SQLServer,80.0,80.0,0.0,7.0,False,False,33
10259,37,20.8,1.0,0.0,SQLServer,CENTC,4,1996-07-18 00:00:00,1996-08-15,1996-07-25,3.0,3.25,Centro comercial Moctezuma,Sierras de Granada 9993,México D.F.,,05022,Mexico,SQLServer,20.8,20.8,0.0,7.0,False,False,34
10260,41,7.7,16.0,0.25,SQLServer,OTTIK,4,1996-07-19 00:00:00,1996-08-16,1996-07-29,1.0,55.09,Ottilies Käseladen,Mehrheimerstr. 369,Köln,,50739,Germany,SQLServer,92.4,123.2,30.8,10.0,False,False,35
10260,57,15.6,50.0,0.0,SQLServer,OTTIK,4,1996-07-19 00:00:00,1996-08-16,1996-07-29,1.0,55.09,Ottilies Käseladen,Mehrheimerstr. 369,Köln,,50739,Germany,SQLServer,780.0,780.0,0.0,10.0,False,False,36
10260,62,39.4,15.0,0.25,SQLServer,OTTIK,4,1996-07-19 00:00:00,1996-08-16,1996-07-29,1.0,55.09,Ottilies Käseladen,Mehrheimerstr. 369,Köln,,50739,Germany,SQLServer,443.25,591.0,147.75,10.0,False,False,37
10260,70,12.0,21.0,0.25,SQLServer,OTTIK,4,1996-07-19 00:00:00,1996-08-16,1996-07-29,1.0,55.09,Ottilies Käseladen,Mehrheimerstr. 369,Köln,,50739,Germany,SQLServer,189.0,252.0,63.0,10.0,False,False,38
10261,21,8.0,20.0,0.0,SQLServer,QUEDE,4,1996-07-19 00:00:00,1996-08-16,1996-07-30,2.0,3.05,Que Delícia,"Rua da Panificadora, 12",Rio de Janeiro,RJ,02389-673,Brazil,SQLServer,160.0,160.0,0.0,11.0,False,False,39
10261,35,14.4,20.0,0.0,SQLServer,QUEDE,4,1996-07-19 00:00:00,1996-08-16,1996-07-30,2.0,3.05,Que Delícia,"Rua da Panificadora, 12",Rio de Janeiro,RJ,02389-673,Brazil,SQLServer,288.0,288.0,0.0,11.0,False,False,40
10262,5,17.0,12.0,0.20000000298023224,SQLServer,RATTC,8,1996-07-22 00:00:00,1996-08-19,1996-07-25,3.0,48.29,Rattlesnake Canyon Grocery,2817 Milton Dr.,Albuquerque,NM,87110,USA,SQLServer,163.2,204.0,40.8,3.0,False,False,41
10262,7,24.0,15.0,0.0,SQLServer,RATTC,8,1996-07-22 00:00:00,1996-08-19,1996-07-25,3.0,48.29,Rattlesnake Canyon Grocery,2817 Milton Dr.,Albuquerque,NM,87110,USA,SQLServer,360.0,360.0,0.0,3.0,False,False,42
10262,56,30.4,2.0,0.0,SQLServer,RATTC,8,1996-07-22 00:00:00,1996-08-19,1996-07-25,3.0,48.29,Rattlesnake Canyon Grocery,2817 Milton Dr.,Albuquerque,NM,87110,USA,SQLServer,60.8,60.8,0.0,3.0,False,False,43
10263,16,13.9,60.0,0.25,SQLServer,ERNSH,9,1996-07-23 00:00:00,1996-08-20,1996-07-31,3.0,146.06,Ernst Handel,Kirchgasse 6,Graz,,8010,Austria,SQLServer,625.5,834.0,208.5,8.0,False,False,44
10263,24,3.6,28.0,0.0,SQLServer,ERNSH,9,1996-07-23 00:00:00,1996-08-20,1996-07-31,3.0,146.06,Ernst Handel,Kirchgasse 6,Graz,,8010,Austria,SQLServer,100.8,100.8,0.0,8.0,False,False,45
10263,30,20.7,60.0,0.25,SQLServer,ERNSH,9,1996-07-23 00:00:00,1996-08-20,1996-07-31,3.0,146.06,Ernst Handel,Kirchgasse 6,Graz,,8010,Austria,SQLServer,931.5,1242.0,310.5,8.0,False,False,46
10263,74,8.0,36.0,0.25,SQLServer,ERNSH,9,1996-07-23 00:00:00,1996-08-20,1996-07-31,3.0,146.06,Ernst Handel,Kirchgasse 6,Graz,,8010,Austria,SQLServer,216.0,288.0,72.0,8.0,False,False,47
10264,2,15.2,35.0,0.0,SQLServer,FOLKO,6,1996-07-24 00:00:00,1996-08-21,1996-08-23,3.0,3.67,Folk och fä HB,Åkergatan 24,Bräcke,,S-844 67,Sweden,SQLServer,532.0,532.0,0.0,30.0,True,False,48
10264,41,7.7,25.0,0.15000000596046448,SQLServer,FOLKO,6,1996-07-24 00:00:00,1996-08-21,1996-08-23,3.0,3.67,Folk och fä HB,Åkergatan 24,Bräcke,,S-844 67,Sweden,SQLServer,163.62,192.5,28.88,30.0,True,False,49
10265,17,31.2,30.0,0.0,SQLServer,BLONP,2,1996-07-25 00:00:00,1996-08-22,1996-08-12,1.0,55.28,Blondel père et fils,"24, place Kléber",Strasbourg,,67000,France,SQLServer,936.0,936.0,0.0,18.0,False,False,50
10265,70,12.0,20.0,0.0,SQLServer,BLONP,2,1996-07-25 00:00:00,1996-08-22,1996-08-12,1.0,55.28,Blondel père et fils,"24, place Kléber",Strasbourg,,67000,France,SQLServer,240.0,240.0,0.0,18.0,False,False,51
10266,12,30.4,12.0,0.05000000074505806,SQLServer,WARTH,3,1996-07-26 00:00:00,1996-09-06,1996-07-31,3.0,25.73,Wartian Herkku,Torikatu 38,Oulu,,90110,Finland,SQLServer,346.56,364.8,18.24,5.0,False,False,52
10267,40,14.7,50.0,0.0,SQLServer,FRANK,4,1996-07-29 00:00:00,1996-08-26,1996-08-06,1.0,208.58,Frankenversand,Berliner Platz 43,München,,80805,Germany,SQLServer,735.0,735.0,0.0,8.0,False,False,53
10267,59,44.0,70.0,0.15000000596046448,SQLServer,FRANK,4,1996-07-29 00:00:00,1996-08-26,1996-08-06,1.0,208.58,Frankenversand,Berliner Platz 43,München,,80805,Germany,SQLServer,2618.0,3080.0,462.0,8.0,False,False,54
10267,76,14.4,15.0,0.15000000596046448,SQLServer,FRANK,4,1996-07-29 00:00:00,1996-08-26,1996-08-06,1.0,208.58,Frankenversand,Berliner Platz 43,München,,80805,Germany,SQLServer,183.6,216.0,32.4,8.0,False,False,55
10268,29,99.0,10.0,0.0,SQLServer,GROSR,8,1996-07-30 00:00:00,1996-08-27,1996-08-02,3.0,66.29,GROSELLA-Restaurante,5ª Ave. Los Palos Grandes,Caracas,DF,1081,Venezuela,SQLServer,990.0,990.0,0.0,3.0,False,False,56
10268,72,27.8,4.0,0.0,SQLServer,GROSR,8,1996-07-30 00:00:00,1996-08-27,1996-08-02,3.0,66.29,GROSELLA-Restaurante,5ª Ave. Los Palos Grandes,Caracas,DF,1081,Venezuela,SQLServer,111.2,111.2,0.0,3.0,False,False,57
10269,33,2.0,60.0,0.05000000074505806,SQLServer,WHITC,5,1996-07-31 00:00:00,1996-08-14,1996-08-09,1.0,4.56,White Clover Markets,1029 - 12th Ave. S.,Seattle,WA,98124,USA,SQLServer,114.0,120.0,6.0,9.0,False,False,58
10269,72,27.8,20.0,0.05000000074505806,SQLServer,WHITC,5,1996-07-31 00:00:00,1996-08-14,1996-08-09,1.0,4.56,White Clover Markets,1029 - 12th Ave. S.,Seattle,WA,98124,USA,SQLServer,528.2,556.0,27.8,9.0,False,False,59
10270,36,15.2,30.0,0.0,SQLServer,WARTH,1,1996-08-01 00:00:00,1996-08-29,1996-08-02,1.0,136.54,Wartian Herkku,Torikatu 38,Oulu,,90110,Finland,SQLServer,456.0,456.0,0.0,1.0,False,False,60
10270,43,36.8,25.0,0.0,SQLServer,WARTH,1,1996-08-01 00:00:00,1996-08-29,1996-08-02,1.0,136.54,Wartian Herkku,Torikatu 38,Oulu,,90110,Finland,SQLServer,920.0,920.0,0.0,1.0,False,False,61
10271,33,2.0,24.0,0.0,SQLServer,SPLIR,6,1996-08-01 00:00:00,1996-08-29,1996-08-30,2.0,4.54,Split Rail Beer & Ale,P.O. Box 555,Lander,WY,82520,USA,SQLServer,48.0,48.0,0.0,29.0,True,False,62
10272,20,64.8,6.0,0.0,SQLServer,RATTC,6,1996-08-02 00:00:00,1996-08-30,1996-08-06,2.0,98.03,Rattlesnake Canyon Grocery,2817 Milton Dr.,Albuquerque,NM,87110,USA,SQLServer,388.8,388.8,0.0,4.0,False,False,63
10272,31,10.0,40.0,0.0,SQLServer,RATTC,6,1996-08-02 00:00:00,1996-08-30,1996-08-06,2.0,98.03,Rattlesnake Canyon Grocery,2817 Milton Dr.,Albuquerque,NM,87110,USA,SQLServer,400.0,400.0,0.0,4.0,False,False,64
10272,72,27.8,24.0,0.0,SQLServer,RATTC,6,1996-08-02 00:00:00,1996-08-30,1996-08-06,2.0,98.03,Rattlesnake Canyon Grocery,2817 Milton Dr.,Albuquerque,NM,87110,USA,SQLServer,667.2,667.2,0.0,4.0,False,False,65
10273,10,24.8,24.0,0.05000000074505806,SQLServer,QUICK,3,1996-08-05 00:00:00,1996-09-02,1996-08-12,3.0,76.07,QUICK-Stop,Taucherstraße 10,Cunewalde,,01307,Germany,SQLServer,565.44,595.2,29.76,7.0,False,False,66
10273,31,10.0,15.0,0.05000000074505806,SQLServer,QUICK,3,1996-08-05 00:00:00,1996-09-02,1996-08-12,3.0,76.07,QUICK-Stop,Taucherstraße 10,Cunewalde,,01307,Germany,SQLServer,142.5,150.0,7.5,7.0,False,False,67
10273,33,2.0,20.0,0.0,SQLServer,QUICK,3,1996-08-05 00:00:00,1996-09-02,1996-08-12,3.0,76.07,QUICK-Stop,Taucherstraße 10,Cunewalde,,01307,Germany,SQLServer,40.0,40.0,0.0,7.0,False,False,68
10273,40,14.7,60.0,0.05000000074505806,SQLServer,QUICK,3,1996-08-05 00:00:00,1996-09-02,1996-08-12,3.0,76.07,QUICK-Stop,Taucherstraße 10,Cunewalde,,01307,Germany,SQLServer,837.9,882.0,44.1,7.0,False,False,69
10273,76,14.4,33.0,0.05000000074505806,SQLServer,QUICK,3,1996-08-05 00:00:00,1996-09-02,1996-08-12,3.0,76.07,QUICK-Stop,Taucherstraße 10,Cunewalde,,01307,Germany,SQLServer,451.44,475.2,23.76,7.0,False,False,70
10274,71,17.2,20.0,0.0,SQLServer,VINET,6,1996-08-06 00:00:00,1996-09-03,1996-08-16,1.0,6.01,Vins et alcools Chevalier,59 rue de l'Abbaye,Reims,,51100,France,SQLServer,344.0,344.0,0.0,10.0,False,False,71
10274,72,27.8,7.0,0.0,SQLServer,VINET,6,1996-08-06 00:00:00,1996-09-03,1996-08-16,1.0,6.01,Vins et alcools Chevalier,59 rue de l'Abbaye,Reims,,51100,France,SQLServer,194.6,194.6,0.0,10.0,False,False,72
10275,24,3.6,12.0,0.05000000074505806,SQLServer,MAGAA,1,1996-08-07 00:00:00,1996-09-04,1996-08-09,1.0,26.93,Magazzini Alimentari Riuniti,Via Ludovico il Moro 22,Bergamo,,24100,Italy,SQLServer,41.04,43.2,2.16,2.0,False,False,73
10275,59,44.0,6.0,0.05000000074505806,SQLServer,MAGAA,1,1996-08-07 00:00:00,1996-09-04,1996-08-09,1.0,26.93,Magazzini Alimentari Riuniti,Via Ludovico il Moro 22,Bergamo,,24100,Italy,SQLServer,250.8,264.0,13.2,2.0,False,False,74
10276,10,24.8,15.0,0.0,SQLServer,TORTU,8,1996-08-08 00:00:00,1996-08-22,1996-08-14,3.0,13.84,Tortuga Restaurante,Avda. Azteca 123,México D.F.,,05033,Mexico,SQLServer,372.0,372.0,0.0,6.0,False,False,75
10276,13,4.8,10.0,0.0,SQLServer,TORTU,8,1996-08-08 00:00:00,1996-08-22,1996-08-14,3.0,13.84,Tortuga Restaurante,Avda. Azteca 123,México D.F.,,05033,Mexico,SQLServer,48.0,48.0,0.0,6.0,False,False,76
10277,28,36.4,20.0,0.0,SQLServer,MORGK,2,1996-08-09 00:00:00,1996-09-06,1996-08-13,3.0,125.77,Morgenstern Gesundkost,Heerstr. 22,Leipzig,,04179,Germany,SQLServer,728.0,728.0,0.0,4.0,False,False,77
10277,62,39.4,12.0,0.0,SQLServer,MORGK,2,1996-08-09 00:00:00,1996-09-06,1996-08-13,3.0,125.77,Morgenstern Gesundkost,Heerstr. 22,Leipzig,,04179,Germany,SQLServer,472.8,472.8,0.0,4.0,False,False,78
10278,44,15.5,16.0,0.0,SQLServer,BERGS,8,1996-08-12 00:00:00,1996-09-09,1996-08-16,2.0,92.69,Berglunds snabbköp,Berguvsvägen  8,Luleå,,S-958 22,Sweden,SQLServer,248.0,248.0,0.0,4.0,False,False,79
10278,59,44.0,15.0,0.0,SQLServer,BERGS,8,1996-08-12 00:00:00,1996-09-09,1996-08-16,2.0,92.69,Berglunds snabbköp,Berguvsvägen  8,Luleå,,S-958 22,Sweden,SQLServer,660.0,660.0,0.0,4.0,False,False,80
10278,63,35.1,8.0,0.0,SQLServer,BERGS,8,1996-08-12 00:00:00,1996-09-09,1996-08-16,2.0,92.69,Berglunds snabbköp,Berguvsvägen  8,Luleå,,S-958 22,Sweden,SQLServer,280.8,280.8,0.0,4.0,False,False,81
10278,73,12.0,25.0,0.0,SQLServer,BERGS,8,1996-08-12 00:00:00,1996-09-09,1996-08-16,2.0,92.69,Berglunds snabbköp,Berguvsvägen  8,Luleå,,S-958 22,Sweden,SQLServer,300.0,300.0,0.0,4.0,False,False,82
10279,17,31.2,15.0,0.25,SQLServer,LEHMS,8,1996-08-13 00:00:00,1996-09-10,1996-08-16,2.0,25.83,Lehmanns Marktstand,Magazinweg 7,Frankfurt a.M.,,60528,Germany,SQLServer,351.0,468.0,117.0,3.0,False,False,83
10280,24,3.6,12.0,0.0,SQLServer,BERGS,2,1996-08-14 00:00:00,1996-09-11,1996-09-12,1.0,8.98,Berglunds snabbköp,Berguvsvägen  8,Luleå,,S-958 22,Sweden,SQLServer,43.2,43.2,0.0,29.0,True,False,84
10280,55,19.2,20.0,0.0,SQLServer,BERGS,2,1996-08-14 00:00:00,1996-09-11,1996-09-12,1.0,8.98,Berglunds snabbköp,Berguvsvägen  8,Luleå,,S-958 22,Sweden,SQLServer,384.0,384.0,0.0,29.0,True,False,85
10280,75,6.2,30.0,0.0,SQLServer,BERGS,2,1996-08-14 00:00:00,1996-09-11,1996-09-12,1.0,8.98,Berglunds snabbköp,Berguvsvägen  8,Luleå,,S-958 22,Sweden,SQLServer,186.0,186.0,0.0,29.0,True,False,86
10281,19,7.3,1.0,0.0,SQLServer,ROMEY,4,1996-08-14 00:00:00,1996-08-28,1996-08-21,1.0,2.94,Romero y tomillo,"Gran Vía, 1",Madrid,,28001,Spain,SQLServer,7.3,7.3,0.0,7.0,False,False,87
10281,24,3.6,6.0,0.0,SQLServer,ROMEY,4,1996-08-14 00:00:00,1996-08-28,1996-08-21,1.0,2.94,Romero y tomillo,"Gran Vía, 1",Madrid,,28001,Spain,SQLServer,21.6,21.6,0.0,7.0,False,False,88
10281,35,14.4,4.0,0.0,SQLServer,ROMEY,4,1996-08-14 00:00:00,1996-08-28,1996-08-21,1.0,2.94,Romero y tomillo,"Gran Vía, 1",Madrid,,28001,Spain,SQLServer,57.6,57.6,0.0,7.0,False,False,89
10282,30,20.7,6.0,0.0,SQLServer,ROMEY,4,1996-08-15 00:00:00,1996-09-12,1996-08-21,1.0,12.69,Romero y tomillo,"Gran Vía, 1",Madrid,,28001,Spain,SQLServer,124.2,124.2,0.0,6.0,False,False,90
10282,57,15.6,2.0,0.0,SQLServer,ROMEY,4,1996-08-15 00:00:00,1996-09-12,1996-08-21,1.0,12.69,Romero y tomillo,"Gran Vía, 1",Madrid,,28001,Spain,SQLServer,31.2,31.2,0.0,6.0,False,False,91
10283,15,12.4,20.0,0.0,SQLServer,LILAS,3,1996-08-16 00:00:00,1996-09-13,1996-08-23,3.0,84.81,LILA-Supermercado,Carrera 52 con Ave. Bolívar #65-98 Llano Largo,Barquisimeto,Lara,3508,Venezuela,SQLServer,248.0,248.0,0.0,7.0,False,False,92
10283,19,7.3,18.0,0.0,SQLServer,LILAS,3,1996-08-16 00:00:00,1996-09-13,1996-08-23,3.0,84.81,LILA-Supermercado,Carrera 52 con Ave. Bolívar #65-98 Llano Largo,Barquisimeto,Lara,3508,Venezuela,SQLServer,131.4,131.4,0.0,7.0,False,False,93
10283,60,27.2,35.0,0.0,SQLServer,LILAS,3,1996-08-16 00:00:00,1996-09-13,1996-08-23,3.0,84.81,LILA-Supermercado,Carrera 52 con Ave. Bolívar #65-98 Llano Largo,Barquisimeto,Lara,3508,Venezuela,SQLServer,952.0,952.0,0.0,7.0,False,False,94
10283,72,27.8,3.0,0.0,SQLServer,LILAS,3,1996-08-16 00:00:00,1996-09-13,1996-08-23,3.0,84.81,LILA-Supermercado,Carrera 52 con Ave. Bolívar #65-98 Llano Largo,Barquisimeto,Lara,3508,Venezuela,SQLServer,83.4,83.4,0.0,7.0,False,False,95
10284,27,35.1,15.0,0.25,SQLServer,LEHMS,4,1996-08-19 00:00:00,1996-09-16,1996-08-27,1.0,76.56,Lehmanns Marktstand,Magazinweg 7,Frankfurt a.M.,,60528,Germany,SQLServer,394.88,526.5,131.62,8.0,False,False,96
10284,44,15.5,21.0,0.0,SQLServer,LEHMS,4,1996-08-19 00:00:00,1996-09-16,1996-08-27,1.0,76.56,Lehmanns Marktstand,Magazinweg 7,Frankfurt a.M.,,60528,Germany,SQLServer,325.5,325.5,0.0,8.0,False,False,97
10284,60,27.2,20.0,0.25,SQLServer,LEHMS,4,1996-08-19 00:00:00,1996-09-16,1996-08-27,1.0,76.56,Lehmanns Marktstand,Magazinweg 7,Frankfurt a.M.,,60528,Germany,SQLServer,408.0,544.0,136.0,8.0,False,False,98
10284,67,11.2,5.0,0.25,SQLServer,LEHMS,4,1996-08-19 00:00:00,1996-09-16,1996-08-27,1.0,76.56,Lehmanns Marktstand,Magazinweg 7,Frankfurt a.M.,,60528,Germany,SQLServer,42.0,56.0,14.0,8.0,False,False,99
10285,1,14.4,45.0,0.20000000298023224,SQLServer,QUICK,1,1996-08-20 00:00:00,1996-09-17,1996-08-26,2.0,76.83,QUICK-Stop,Taucherstraße 10,Cunewalde,,01307,Germany,SQLServer,518.4,648.0,129.6,6.0,False,False,100
10285,40,14.7,40.0,0.20000000298023224,SQLServer,QUICK,1,1996-08-20 00:00:00,1996-09-17,1996-08-26,2.0,76.83,QUICK-Stop,Taucherstraße 10,Cunewalde,,01307,Germany,SQLServer,470.4,588.0,117.6,6.0,False,False,101
10285,53,26.2,36.0,0.20000000298023224,SQLServer,QUICK,1,1996-08-20 00:00:00,1996-09-17,1996-08-26,2.0,76.83,QUICK-Stop,Taucherstraße 10,Cunewalde,,01307,Germany,SQLServer,754.56,943.2,188.64,6.0,False,False,102
10286,35,14.4,100.0,0.0,SQLServer,QUICK,8,1996-08-21 00:00:00,1996-09-18,1996-08-30,3.0,229.24,QUICK-Stop,Taucherstraße 10,Cunewalde,,01307,Germany,SQLServer,1440.0,1440.0,0.0,9.0,False,False,103
10286,62,39.4,40.0,0.0,SQLServer,QUICK,8,1996-08-21 00:00:00,1996-09-18,1996-08-30,3.0,229.24,QUICK-Stop,Taucherstraße 10,Cunewalde,,01307,Germany,SQLServer,1576.0,1576.0,0.0,9.0,False,False,104
10287,16,13.9,40.0,0.15000000596046448,SQLServer,RICAR,8,1996-08-22 00:00:00,1996-09-19,1996-08-28,3.0,12.76,Ricardo Adocicados,"Av. Copacabana, 267",Rio de Janeiro,RJ,02389-890,Brazil,SQLServer,472.6,556.0,83.4,6.0,False,False,105
10287,34,11.2,20.0,0.0,SQLServer,RICAR,8,1996-08-22 00:00:00,1996-09-19,1996-08-28,3.0,12.76,Ricardo Adocicados,"Av. Copacabana, 267",Rio de Janeiro,RJ,02389-890,Brazil,SQLServer,224.0,224.0,0.0,6.0,False,False,106
10287,46,9.6,15.0,0.15000000596046448,SQLServer,RICAR,8,1996-08-22 00:00:00,1996-09-19,1996-08-28,3.0,12.76,Ricardo Adocicados,"Av. Copacabana, 267",Rio de Janeiro,RJ,02389-890,Brazil,SQLServer,122.4,144.0,21.6,6.0,False,False,107
10288,54,5.9,10.0,0.10000000149011612,SQLServer,REGGC,4,1996-08-23 00:00:00,1996-09-20,1996-09-03,1.0,7.45,Reggiani Caseifici,Strada Provinciale 124,Reggio Emilia,,42100,Italy,SQLServer,53.1,59.0,5.9,11.0,False,False,108
10288,68,10.0,3.0,0.10000000149011612,SQLServer,REGGC,4,1996-08-23 00:00:00,1996-09-20,1996-09-03,1.0,7.45,Reggiani Caseifici,Strada Provinciale 124,Reggio Emilia,,42100,Italy,SQLServer,27.0,30.0,3.0,11.0,False,False,109
10289,3,8.0,30.0,0.0,SQLServer,BSBEV,7,1996-08-26 00:00:00,1996-09-23,1996-08-28,3.0,22.77,B's Beverages,Fauntleroy Circus,London,,EC2 5NT,UK,SQLServer,240.0,240.0,0.0,2.0,False,False,110
10289,64,26.6,9.0,0.0,SQLServer,BSBEV,7,1996-08-26 00:00:00,1996-09-23,1996-08-28,3.0,22.77,B's Beverages,Fauntleroy Circus,London,,EC2 5NT,UK,SQLServer,239.4,239.4,0.0,2.0,False,False,111
10290,5,17.0,20.0,0.0,SQLServer,COMMI,8,1996-08-27 00:00:00,1996-09-24,1996-09-03,1.0,79.7,Comércio Mineiro,"Av. dos Lusíadas, 23",Sao Paulo,SP,05432-043,Brazil,SQLServer,340.0,340.0,0.0,7.0,False,False,112
10290,29,99.0,15.0,0.0,SQLServer,COMMI,8,1996-08-27 00:00:00,1996-09-24,1996-09-03,1.0,79.7,Comércio Mineiro,"Av. dos Lusíadas, 23",Sao Paulo,SP,05432-043,Brazil,SQLServer,1485.0,1485.0,0.0,7.0,False,False,113
10290,49,16.0,15.0,0.0,SQLServer,COMMI,8,1996-08-27 00:00:00,1996-09-24,1996-09-03,1.0,79.7,Comércio Mineiro,"Av. dos Lusíadas, 23",Sao Paulo,SP,05432-043,Brazil,SQLServer,240.0,240.0,0.0,7.0,False,False,114
10290,77,10.4,10.0,0.0,SQLServer,COMMI,8,1996-08-27 00:00:00,1996-09-24,1996-09-03,1.0,79.7,Comércio Mineiro,"Av. dos Lusíadas, 23",Sao Paulo,SP,05432-043,Brazil,SQLServer,104.0,104.0,0.0,7.0,False,False,115
10291,13,4.8,20.0,0.10000000149011612,SQLServer,QUEDE,6,1996-08-27 00:00:00,1996-09-24,1996-09-04,2.0,6.4,Que Delícia,"Rua da Panificadora, 12",Rio de Janeiro,RJ,02389-673,Brazil,SQLServer,86.4,96.0,9.6,8.0,False,False,116
10291,44,15.5,24.0,0.10000000149011612,SQLServer,QUEDE,6,1996-08-27 00:00:00,1996-09-24,1996-09-04,2.0,6.4,Que Delícia,"Rua da Panificadora, 12",Rio de Janeiro,RJ,02389-673,Brazil,SQLServer,334.8,372.0,37.2,8.0,False,False,117
10291,51,42.4,2.0,0.10000000149011612,SQLServer,QUEDE,6,1996-08-27 00:00:00,1996-09-24,1996-09-04,2.0,6.4,Que Delícia,"Rua da Panificadora, 12",Rio de Janeiro,RJ,02389-673,Brazil,SQLServer,76.32,84.8,8.48,8.0,False,False,118
10292,20,64.8,20.0,0.0,SQLServer,TRADH,1,1996-08-28 00:00:00,1996-09-25,1996-09-02,2.0,1.35,Tradiçao Hipermercados,"Av. Inês de Castro, 414",Sao Paulo,SP,05634-030,Brazil,SQLServer,1296.0,1296.0,0.0,5.0,False,False,119
10293,18,50.0,12.0,0.0,SQLServer,TORTU,1,1996-08-29 00:00:00,1996-09-26,1996-09-11,3.0,21.18,Tortuga Restaurante,Avda. Azteca 123,México D.F.,,05033,Mexico,SQLServer,600.0,600.0,0.0,13.0,False,False,120
10293,24,3.6,10.0,0.0,SQLServer,TORTU,1,1996-08-29 00:00:00,1996-09-26,1996-09-11,3.0,21.18,Tortuga Restaurante,Avda. Azteca 123,México D.F.,,05033,Mexico,SQLServer,36.0,36.0,0.0,13.0,False,False,121
10293,63,35.1,5.0,0.0,SQLServer,TORTU,1,1996-08-29 00:00:00,1996-09-26,1996-09-11,3.0,21.18,Tortuga Restaurante,Avda. Azteca 123,México D.F.,,05033,Mexico,SQLServer,175.5,175.5,0.0,13.0,False,False,122
10293,75,6.2,6.0,0.0,SQLServer,TORTU,1,1996-08-29 00:00:00,1996-09-26,1996-09-11,3.0,21.18,Tortuga Restaurante,Avda. Azteca 123,México D.F.,,05033,Mexico,SQLServer,37.2,37.2,0.0,13.0,False,False,123
10294,1,14.4,18.0,0.0,SQLServer,RATTC,4,1996-08-30 00:00:00,1996-09-27,1996-09-05,2.0,147.26,Rattlesnake Canyon Grocery,2817 Milton Dr.,Albuquerque,NM,87110,USA,SQLServer,259.2,259.2,0.0,6.0,False,False,124
10294,17,31.2,15.0,0.0,SQLServer,RATTC,4,1996-08-30 00:00:00,1996-09-27,1996-09-05,2.0,147.26,Rattlesnake Canyon Grocery,2817 Milton Dr.,Albuquerque,NM,87110,USA,SQLServer,468.0,468.0,0.0,6.0,False,False,125
10294,43,36.8,15.0,0.0,SQLServer,RATTC,4,1996-08-30 00:00:00,1996-09-27,1996-09-05,2.0,147.26,Rattlesnake Canyon Grocery,2817 Milton Dr.,Albuquerque,NM,87110,USA,SQLServer,552.0,552.0,0.0,6.0,False,False,126
10294,60,27.2,21.0,0.0,SQLServer,RATTC,4,1996-08-30 00:00:00,1996-09-27,1996-09-05,2.0,147.26,Rattlesnake Canyon Grocery,2817 Milton Dr.,Albuquerque,NM,87110,USA,SQLServer,571.2,571.2,0.0,6.0,False,False,127
10294,75,6.2,6.0,0.0,SQLServer,RATTC,4,1996-08-30 00:00:00,1996-09-27,1996-09-05,2.0,147.26,Rattlesnake Canyon Grocery,2817 Milton Dr.,Albuquerque,NM,87110,USA,SQLServer,37.2,37.2,0.0,6.0,False,False,128
10295,56,30.4,4.0,0.0,SQLServer,VINET,2,1996-09-02 00:00:00,1996-09-30,1996-09-10,2.0,1.15,Vins et alcools Chevalier,59 rue de l'Abbaye,Reims,,51100,France,SQLServer,121.6,121.6,0.0,8.0,False,False,129
10296,11,16.8,12.0,0.0,SQLServer,LILAS,6,1996-09-03 00:00:00,1996-10-01,1996-09-11,1.0,0.12,LILA-Supermercado,Carrera 52 con Ave. Bolívar #65-98 Llano Largo,Barquisimeto,Lara,3508,Venezuela,SQLServer,201.6,201.6,0.0,8.0,False,False,130
10296,16,13.9,30.0,0.0,SQLServer,LILAS,6,1996-09-03 00:00:00,1996-10-01,1996-09-11,1.0,0.12,LILA-Supermercado,Carrera 52 con Ave. Bolívar #65-98 Llano Largo,Barquisimeto,Lara,3508,Venezuela,SQLServer,417.0,417.0,0.0,8.0,False,False,131
10296,69,28.8,15.0,0.0,SQLServer,LILAS,6,1996-09-03 00:00:00,1996-10-01,1996-09-11,1.0,0.12,LILA-Supermercado,Carrera 52 con Ave. Bolívar #65-98 Llano Largo,Barquisimeto,Lara,3508,Venezuela,SQLServer,432.0,432.0,0.0,8.0,False,False,132
10297,39,14.4,60.0,0.0,SQLServer,BLONP,5,1996-09-04 00:00:00,1996-10-16,1996-09-10,2.0,5.74,Blondel père et fils,"24, place Kléber",Strasbourg,,67000,France,SQLServer,864.0,864.0,0.0,6.0,False,False,133
10297,72,27.8,20.0,0.0,SQLServer,BLONP,5,1996-09-04 00:00:00,1996-10-16,1996-09-10,2.0,5.74,Blondel père et fils,"24, place Kléber",Strasbourg,,67000,France,SQLServer,556.0,556.0,0.0,6.0,False,False,134
10298,2,15.2,40.0,0.0,SQLServer,HUNGO,6,1996-09-05 00:00:00,1996-10-03,1996-09-11,2.0,168.22,Hungry Owl All-Night Grocers,8 Johnstown Road,Cork,Co. Cork,,Ireland,SQLServer,608.0,608.0,0.0,6.0,False,False,135
10298,36,15.2,40.0,0.25,SQLServer,HUNGO,6,1996-09-05 00:00:00,1996-10-03,1996-09-11,2.0,168.22,Hungry Owl All-Night Grocers,8 Johnstown Road,Cork,Co. Cork,,Ireland,SQLServer,456.0,608.0,152.0,6.0,False,False,136
10298,59,44.0,30.0,0.25,SQLServer,HUNGO,6,1996-09-05 00:00:00,1996-10-03,1996-09-11,2.0,168.22,Hungry Owl All-Night Grocers,8 Johnstown Road,Cork,Co. Cork,,Ireland,SQLServer,990.0,1320.0,330.0,6.0,False,False,137
10298,62,39.4,15.0,0.0,SQLServer,HUNGO,6,1996-09-05 00:00:00,1996-10-03,1996-09-11,2.0,168.22,Hungry Owl All-Night Grocers,8 Johnstown Road,Cork,Co. Cork,,Ireland,SQLServer,591.0,591.0,0.0,6.0,False,False,138
10299,19,7.3,15.0,0.0,SQLServer,RICAR,4,1996-09-06 00:00:00,1996-10-04,1996-09-13,2.0,29.76,Ricardo Adocicados,"Av. Copacabana, 267",Rio de Janeiro,RJ,02389-890,Brazil,SQLServer,109.5,109.5,0.0,7.0,False,False,139
10299,70,12.0,20.0,0.0,SQLServer,RICAR,4,1996-09-06 00:00:00,1996-10-04,1996-09-13,2.0,29.76,Ricardo Adocicados,"Av. Copacabana, 267",Rio de Janeiro,RJ,02389-890,Brazil,SQLServer,240.0,240.0,0.0,7.0,False,False,140
10300,66,13.6,30.0,0.0,SQLServer,MAGAA,2,1996-09-09 00:00:00,1996-10-07,1996-09-18,2.0,17.68,Magazzini Alimentari Riuniti,Via Ludovico il Moro 22,Bergamo,,24100,Italy,SQLServer,408.0,408.0,0.0,9.0,False,False,141
10300,68,10.0,20.0,0.0,SQLServer,MAGAA,2,1996-09-09 00:00:00,1996-10-07,1996-09-18,2.0,17.68,Magazzini Alimentari Riuniti,Via Ludovico il Moro 22,Bergamo,,24100,Italy,SQLServer,200.0,200.0,0.0,9.0,False,False,142
10301,40,14.7,10.0,0.0,SQLServer,WANDK,8,1996-09-09 00:00:00,1996-10-07,1996-09-17,2.0,45.08,Die Wandernde Kuh,Adenauerallee 900,Stuttgart,,70563,Germany,SQLServer,147.0,147.0,0.0,8.0,False,False,143
10301,56,30.4,20.0,0.0,SQLServer,WANDK,8,1996-09-09 00:00:00,1996-10-07,1996-09-17,2.0,45.08,Die Wandernde Kuh,Adenauerallee 900,Stuttgart,,70563,Germany,SQLServer,608.0,608.0,0.0,8.0,False,False,144
10302,17,31.2,40.0,0.0,SQLServer,SUPRD,4,1996-09-10 00:00:00,1996-10-08,1996-10-09,2.0,6.27,Suprêmes délices,"Boulevard Tirou, 255",Charleroi,,B-6000,Belgium,SQLServer,1248.0,1248.0,0.0,29.0,True,False,145
10302,28,36.4,28.0,0.0,SQLServer,SUPRD,4,1996-09-10 00:00:00,1996-10-08,1996-10-09,2.0,6.27,Suprêmes délices,"Boulevard Tirou, 255",Charleroi,,B-6000,Belgium,SQLServer,1019.2,1019.2,0.0,29.0,True,False,146
10302,43,36.8,12.0,0.0,SQLServer,SUPRD,4,1996-09-10 00:00:00,1996-10-08,1996-10-09,2.0,6.27,Suprêmes délices,"Boulevard Tirou, 255",Charleroi,,B-6000,Belgium,SQLServer,441.6,441.6,0.0,29.0,True,False,147
10303,40,14.7,40.0,0.10000000149011612,SQLServer,GODOS,7,1996-09-11 00:00:00,1996-10-09,1996-09-18,2.0,107.83,Godos Cocina Típica,"C/ Romero, 33",Sevilla,,41101,Spain,SQLServer,529.2,588.0,58.8,7.0,False,False,148
10303,65,16.8,30.0,0.10000000149011612,SQLServer,GODOS,7,1996-09-11 00:00:00,1996-10-09,1996-09-18,2.0,107.83,Godos Cocina Típica,"C/ Romero, 33",Sevilla,,41101,Spain,SQLServer,453.6,504.0,50.4,7.0,False,False,149
10303,68,10.0,15.0,0.10000000149011612,SQLServer,GODOS,7,1996-09-11 00:00:00,1996-10-09,1996-09-18,2.0,107.83,Godos Cocina Típica,"C/ Romero, 33",Sevilla,,41101,Spain,SQLServer,135.0,150.0,15.0,7.0,False,False,150
10304,49,16.0,30.0,0.0,SQLServer,TORTU,1,1996-09-12 00:00:00,1996-10-10,1996-09-17,2.0,63.79,Tortuga Restaurante,Avda. Azteca 123,México D.F.,,05033,Mexico,SQLServer,480.0,480.0,0.0,5.0,False,False,151
10304,59,44.0,10.0,0.0,SQLServer,TORTU,1,1996-09-12 00:00:00,1996-10-10,1996-09-17,2.0,63.79,Tortuga Restaurante,Avda. Azteca 123,México D.F.,,05033,Mexico,SQLServer,440.0,440.0,0.0,5.0,False,False,152
10304,71,17.2,2.0,0.0,SQLServer,TORTU,1,1996-09-12 00:00:00,1996-10-10,1996-09-17,2.0,63.79,Tortuga Restaurante,Avda. Azteca 123,México D.F.,,05033,Mexico,SQLServer,34.4,34.4,0.0,5.0,False,False,153
10305,18,50.0,25.0,0.10000000149011612,SQLServer,OLDWO,8,1996-09-13 00:00:00,1996-10-11,1996-10-09,3.0,257.62,Old World Delicatessen,2743 Bering St.,Anchorage,AK,99508,USA,SQLServer,1125.0,1250.0,125.0,26.0,False,False,154
10305,29,99.0,25.0,0.10000000149011612,SQLServer,OLDWO,8,1996-09-13 00:00:00,1996-10-11,1996-10-09,3.0,257.62,Old World Delicatessen,2743 Bering St.,Anchorage,AK,99508,USA,SQLServer,2227.5,2475.0,247.5,26.0,False,False,155
10305,39,14.4,30.0,0.10000000149011612,SQLServer,OLDWO,8,1996-09-13 00:00:00,1996-10-11,1996-10-09,3.0,257.62,Old World Delicatessen,2743 Bering St.,Anchorage,AK,99508,USA,SQLServer,388.8,432.0,43.2,26.0,False,False,156
10306,30,20.7,10.0,0.0,SQLServer,ROMEY,1,1996-09-16 00:00:00,1996-10-14,1996-09-23,3.0,7.56,Romero y tomillo,"Gran Vía, 1",Madrid,,28001,Spain,SQLServer,207.0,207.0,0.0,7.0,False,False,157
10306,53,26.2,10.0,0.0,SQLServer,ROMEY,1,1996-09-16 00:00:00,1996-10-14,1996-09-23,3.0,7.56,Romero y tomillo,"Gran Vía, 1",Madrid,,28001,Spain,SQLServer,262.0,262.0,0.0,7.0,False,False,158
10306,54,5.9,5.0,0.0,SQLServer,ROMEY,1,1996-09-16 00:00:00,1996-10-14,1996-09-23,3.0,7.56,Romero y tomillo,"Gran Vía, 1",Madrid,,28001,Spain,SQLServer,29.5,29.5,0.0,7.0,False,False,159
10307,62,39.4,10.0,0.0,SQLServer,LONEP,2,1996-09-17 00:00:00,1996-10-15,1996-09-25,2.0,0.56,Lonesome Pine Restaurant,89 Chiaroscuro Rd.,Portland,OR,97219,USA,SQLServer,394.0,394.0,0.0,8.0,False,False,160
10307,68,10.0,3.0,0.0,SQLServer,LONEP,2,1996-09-17 00:00:00,1996-10-15,1996-09-25,2.0,0.56,Lonesome Pine Restaurant,89 Chiaroscuro Rd.,Portland,OR,97219,USA,SQLServer,30.0,30.0,0.0,8.0,False,False,161
10308,69,28.8,1.0,0.0,SQLServer,ANATR,7,1996-09-18 00:00:00,1996-10-16,1996-09-24,3.0,1.61,Ana Trujillo Emparedados y helados,Avda. de la Constitución 2222,México D.F.,,05021,Mexico,SQLServer,28.8,28.8,0.0,6.0,False,False,162
10308,70,12.0,5.0,0.0,SQLServer,ANATR,7,1996-09-18 00:00:00,1996-10-16,1996-09-24,3.0,1.61,Ana Trujillo Emparedados y helados,Avda. de la Constitución 2222,México D.F.,,05021,Mexico,SQLServer,60.0,60.0,0.0,6.0,False,False,163
10309,4,17.6,20.0,0.0,SQLServer,HUNGO,3,1996-09-19 00:00:00,1996-10-17,1996-10-23,1.0,47.3,Hungry Owl All-Night Grocers,8 Johnstown Road,Cork,Co. Cork,,Ireland,SQLServer,352.0,352.0,0.0,34.0,True,False,164
10309,6,20.0,30.0,0.0,SQLServer,HUNGO,3,1996-09-19 00:00:00,1996-10-17,1996-10-23,1.0,47.3,Hungry Owl All-Night Grocers,8 Johnstown Road,Cork,Co. Cork,,Ireland,SQLServer,600.0,600.0,0.0,34.0,True,False,165
10309,42,11.2,2.0,0.0,SQLServer,HUNGO,3,1996-09-19 00:00:00,1996-10-17,1996-10-23,1.0,47.3,Hungry Owl All-Night Grocers,8 Johnstown Road,Cork,Co. Cork,,Ireland,SQLServer,22.4,22.4,0.0,34.0,True,False,166
10309,43,36.8,20.0,0.0,SQLServer,HUNGO,3,1996-09-19 00:00:00,1996-10-17,1996-10-23,1.0,47.3,Hungry Owl All-Night Grocers,8 Johnstown Road,Cork,Co. Cork,,Ireland,SQLServer,736.0,736.0,0.0,34.0,True,False,167
10309,71,17.2,3.0,0.0,SQLServer,HUNGO,3,1996-09-19 00:00:00,1996-10-17,1996-10-23,1.0,47.3,Hungry Owl All-Night Grocers,8 Johnstown Road,Cork,Co. Cork,,Ireland,SQLServer,51.6,51.6,0.0,34.0,True,False,168
10310,16,13.9,10.0,0.0,SQLServer,THEBI,8,1996-09-20 00:00:00,1996-10-18,1996-09-27,2.0,17.52,The Big Cheese,89 Jefferson Way Suite 2,Portland,OR,97201,USA,SQLServer,139.0,139.0,0.0,7.0,False,False,169
10310,62,39.4,5.0,0.0,SQLServer,THEBI,8,1996-09-20 00:00:00,1996-10-18,1996-09-27,2.0,17.52,The Big Cheese,89 Jefferson Way Suite 2,Portland,OR,97201,USA,SQLServer,197.0,197.0,0.0,7.0,False,False,170
10311,42,11.2,6.0,0.0,SQLServer,DUMON,1,1996-09-20 00:00:00,1996-10-04,1996-09-26,3.0,24.69,Du monde entier,"67, rue des Cinquante Otages",Nantes,,44000,France,SQLServer,67.2,67.2,0.0,6.0,False,False,171
10311,69,28.8,7.0,0.0,SQLServer,DUMON,1,1996-09-20 00:00:00,1996-10-04,1996-09-26,3.0,24.69,Du monde entier,"67, rue des Cinquante Otages",Nantes,,44000,France,SQLServer,201.6,201.6,0.0,6.0,False,False,172
10312,28,36.4,4.0,0.0,SQLServer,WANDK,2,1996-09-23 00:00:00,1996-10-21,1996-10-03,2.0,40.26,Die Wandernde Kuh,Adenauerallee 900,Stuttgart,,70563,Germany,SQLServer,145.6,145.6,0.0,10.0,False,False,173
10312,43,36.8,24.0,0.0,SQLServer,WANDK,2,1996-09-23 00:00:00,1996-10-21,1996-10-03,2.0,40.26,Die Wandernde Kuh,Adenauerallee 900,Stuttgart,,70563,Germany,SQLServer,883.2,883.2,0.0,10.0,False,False,174
10312,53,26.2,20.0,0.0,SQLServer,WANDK,2,1996-09-23 00:00:00,1996-10-21,1996-10-03,2.0,40.26,Die Wandernde Kuh,Adenauerallee 900,Stuttgart,,70563,Germany,SQLServer,524.0,524.0,0.0,10.0,False,False,175
10312,75,6.2,10.0,0.0,SQLServer,WANDK,2,1996-09-23 00:00:00,1996-10-21,1996-10-03,2.0,40.26,Die Wandernde Kuh,Adenauerallee 900,Stuttgart,,70563,Germany,SQLServer,62.0,62.0,0.0,10.0,False,False,176
10313,36,15.2,12.0,0.0,SQLServer,QUICK,2,1996-09-24 00:00:00,1996-10-22,1996-10-04,2.0,1.96,QUICK-Stop,Taucherstraße 10,Cunewalde,,01307,Germany,SQLServer,182.4,182.4,0.0,10.0,False,False,177
10314,32,25.6,40.0,0.10000000149011612,SQLServer,RATTC,1,1996-09-25 00:00:00,1996-10-23,1996-10-04,2.0,74.16,Rattlesnake Canyon Grocery,2817 Milton Dr.,Albuquerque,NM,87110,USA,SQLServer,921.6,1024.0,102.4,9.0,False,False,178
10314,58,10.6,30.0,0.10000000149011612,SQLServer,RATTC,1,1996-09-25 00:00:00,1996-10-23,1996-10-04,2.0,74.16,Rattlesnake Canyon Grocery,2817 Milton Dr.,Albuquerque,NM,87110,USA,SQLServer,286.2,318.0,31.8,9.0,False,False,179
10314,62,39.4,25.0,0.10000000149011612,SQLServer,RATTC,1,1996-09-25 00:00:00,1996-10-23,1996-10-04,2.0,74.16,Rattlesnake Canyon Grocery,2817 Milton Dr.,Albuquerque,NM,87110,USA,SQLServer,886.5,985.0,98.5,9.0,False,False,180
10315,34,11.2,14.0,0.0,SQLServer,ISLAT,4,1996-09-26 00:00:00,1996-10-24,1996-10-03,2.0,41.76,Island Trading,Garden House Crowther Way,Cowes,Isle of Wight,PO31 7PJ,UK,SQLServer,156.8,156.8,0.0,7.0,False,False,181
10315,70,12.0,30.0,0.0,SQLServer,ISLAT,4,1996-09-26 00:00:00,1996-10-24,1996-10-03,2.0,41.76,Island Trading,Garden House Crowther Way,Cowes,Isle of Wight,PO31 7PJ,UK,SQLServer,360.0,360.0,0.0,7.0,False,False,182
10316,41,7.7,10.0,0.0,SQLServer,RATTC,1,1996-09-27 00:00:00,1996-10-25,1996-10-08,3.0,150.15,Rattlesnake Canyon Grocery,2817 Milton Dr.,Albuquerque,NM,87110,USA,SQLServer,77.0,77.0,0.0,11.0,False,False,183
10316,62,39.4,70.0,0.0,SQLServer,RATTC,1,1996-09-27 00:00:00,1996-10-25,1996-10-08,3.0,150.15,Rattlesnake Canyon Grocery,2817 Milton Dr.,Albuquerque,NM,87110,USA,SQLServer,2758.0,2758.0,0.0,11.0,False,False,184
10317,1,14.4,20.0,0.0,SQLServer,LONEP,6,1996-09-30 00:00:00,1996-10-28,1996-10-10,1.0,12.69,Lonesome Pine Restaurant,89 Chiaroscuro Rd.,Portland,OR,97219,USA,SQLServer,288.0,288.0,0.0,10.0,False,False,185
10318,41,7.7,20.0,0.0,SQLServer,ISLAT,8,1996-10-01 00:00:00,1996-10-29,1996-10-04,2.0,4.73,Island Trading,Garden House Crowther Way,Cowes,Isle of Wight,PO31 7PJ,UK,SQLServer,154.0,154.0,0.0,3.0,False,False,186
10318,76,14.4,6.0,0.0,SQLServer,ISLAT,8,1996-10-01 00:00:00,1996-10-29,1996-10-04,2.0,4.73,Island Trading,Garden House Crowther Way,Cowes,Isle of Wight,PO31 7PJ,UK,SQLServer,86.4,86.4,0.0,3.0,False,False,187
10319,17,31.2,8.0,0.0,SQLServer,TORTU,7,1996-10-02 00:00:00,1996-10-30,1996-10-11,3.0,64.5,Tortuga Restaurante,Avda. Azteca 123,México D.F.,,05033,Mexico,SQLServer,249.6,249.6,0.0,9.0,False,False,188
10319,28,36.4,14.0,0.0,SQLServer,TORTU,7,1996-10-02 00:00:00,1996-10-30,1996-10-11,3.0,64.5,Tortuga Restaurante,Avda. Azteca 123,México D.F.,,05033,Mexico,SQLServer,509.6,509.6,0.0,9.0,False,False,189
10319,76,14.4,30.0,0.0,SQLServer,TORTU,7,1996-10-02 00:00:00,1996-10-30,1996-10-11,3.0,64.5,Tortuga Restaurante,Avda. Azteca 123,México D.F.,,05033,Mexico,SQLServer,432.0,432.0,0.0,9.0,False,False,190
10320,71,17.2,30.0,0.0,SQLServer,WARTH,5,1996-10-03 00:00:00,1996-10-17,1996-10-18,3.0,34.57,Wartian Herkku,Torikatu 38,Oulu,,90110,Finland,SQLServer,516.0,516.0,0.0,15.0,True,False,191
10321,35,14.4,10.0,0.0,SQLServer,ISLAT,3,1996-10-03 00:00:00,1996-10-31,1996-10-11,2.0,3.43,Island Trading,Garden House Crowther Way,Cowes,Isle of Wight,PO31 7PJ,UK,SQLServer,144.0,144.0,0.0,8.0,False,False,192
10322,52,5.6,20.0,0.0,SQLServer,PERIC,7,1996-10-04 00:00:00,1996-11-01,1996-10-23,3.0,0.4,Pericles Comidas clásicas,Calle Dr. Jorge Cash 321,México D.F.,,05033,Mexico,SQLServer,112.0,112.0,0.0,19.0,False,False,193
10323,15,12.4,5.0,0.0,SQLServer,KOENE,4,1996-10-07 00:00:00,1996-11-04,1996-10-14,1.0,4.88,Königlich Essen,Maubelstr. 90,Brandenburg,,14776,Germany,SQLServer,62.0,62.0,0.0,7.0,False,False,194
10323,25,11.2,4.0,0.0,SQLServer,KOENE,4,1996-10-07 00:00:00,1996-11-04,1996-10-14,1.0,4.88,Königlich Essen,Maubelstr. 90,Brandenburg,,14776,Germany,SQLServer,44.8,44.8,0.0,7.0,False,False,195
10323,39,14.4,4.0,0.0,SQLServer,KOENE,4,1996-10-07 00:00:00,1996-11-04,1996-10-14,1.0,4.88,Königlich Essen,Maubelstr. 90,Brandenburg,,14776,Germany,SQLServer,57.6,57.6,0.0,7.0,False,False,196
10324,16,13.9,21.0,0.15000000596046448,SQLServer,SAVEA,9,1996-10-08 00:00:00,1996-11-05,1996-10-10,1.0,214.27,Save-a-lot Markets,187 Suffolk Ln.,Boise,ID,83720,USA,SQLServer,248.11,291.9,43.79,2.0,False,False,197
10324,35,14.4,70.0,0.15000000596046448,SQLServer,SAVEA,9,1996-10-08 00:00:00,1996-11-05,1996-10-10,1.0,214.27,Save-a-lot Markets,187 Suffolk Ln.,Boise,ID,83720,USA,SQLServer,856.8,1008.0,151.2,2.0,False,False,198
10324,46,9.6,30.0,0.0,SQLServer,SAVEA,9,1996-10-08 00:00:00,1996-11-05,1996-10-10,1.0,214.27,Save-a-lot Markets,187 Suffolk Ln.,Boise,ID,83720,USA,SQLServer,288.0,288.0,0.0,2.0,False,False,199
10324,59,44.0,40.0,0.15000000596046448,SQLServer,SAVEA,9,1996-10-08 00:00:00,1996-11-05,1996-10-10,1.0,214.27,Save-a-lot Markets,187 Suffolk Ln.,Boise,ID,83720,USA,SQLServer,1496.0,1760.0,264.0,2.0,False,False,200
10324,63,35.1,80.0,0.15000000596046448,SQLServer,SAVEA,9,1996-10-08 00:00:00,1996-11-05,1996-10-10,1.0,214.27,Save-a-lot Markets,187 Suffolk Ln.,Boise,ID,83720,USA,SQLServer,2386.8,2808.0,421.2,2.0,False,False,201
10325,6,20.0,6.0,0.0,SQLServer,KOENE,1,1996-10-09 00:00:00,1996-10-23,1996-10-14,3.0,64.86,Königlich Essen,Maubelstr. 90,Brandenburg,,14776,Germany,SQLServer,120.0,120.0,0.0,5.0,False,False,202
10325,13,4.8,12.0,0.0,SQLServer,KOENE,1,1996-10-09 00:00:00,1996-10-23,1996-10-14,3.0,64.86,Königlich Essen,Maubelstr. 90,Brandenburg,,14776,Germany,SQLServer,57.6,57.6,0.0,5.0,False,False,203
10325,14,18.6,9.0,0.0,SQLServer,KOENE,1,1996-10-09 00:00:00,1996-10-23,1996-10-14,3.0,64.86,Königlich Essen,Maubelstr. 90,Brandenburg,,14776,Germany,SQLServer,167.4,167.4,0.0,5.0,False,False,204
10325,31,10.0,4.0,0.0,SQLServer,KOENE,1,1996-10-09 00:00:00,1996-10-23,1996-10-14,3.0,64.86,Königlich Essen,Maubelstr. 90,Brandenburg,,14776,Germany,SQLServer,40.0,40.0,0.0,5.0,False,False,205
10325,72,27.8,40.0,0.0,SQLServer,KOENE,1,1996-10-09 00:00:00,1996-10-23,1996-10-14,3.0,64.86,Königlich Essen,Maubelstr. 90,Brandenburg,,14776,Germany,SQLServer,1112.0,1112.0,0.0,5.0,False,False,206
10326,4,17.6,24.0,0.0,SQLServer,BOLID,4,1996-10-10 00:00:00,1996-11-07,1996-10-14,2.0,77.92,Bólido Comidas preparadas,"C/ Araquil, 67",Madrid,,28023,Spain,SQLServer,422.4,422.4,0.0,4.0,False,False,207
10326,57,15.6,16.0,0.0,SQLServer,BOLID,4,1996-10-10 00:00:00,1996-11-07,1996-10-14,2.0,77.92,Bólido Comidas preparadas,"C/ Araquil, 67",Madrid,,28023,Spain,SQLServer,249.6,249.6,0.0,4.0,False,False,208
10326,75,6.2,50.0,0.0,SQLServer,BOLID,4,1996-10-10 00:00:00,1996-11-07,1996-10-14,2.0,77.92,Bólido Comidas preparadas,"C/ Araquil, 67",Madrid,,28023,Spain,SQLServer,310.0,310.0,0.0,4.0,False,False,209
10327,2,15.2,25.0,0.20000000298023224,SQLServer,FOLKO,2,1996-10-11 00:00:00,1996-11-08,1996-10-14,1.0,63.36,Folk och fä HB,Åkergatan 24,Bräcke,,S-844 67,Sweden,SQLServer,304.0,380.0,76.0,3.0,False,False,210
10327,11,16.8,50.0,0.20000000298023224,SQLServer,FOLKO,2,1996-10-11 00:00:00,1996-11-08,1996-10-14,1.0,63.36,Folk och fä HB,Åkergatan 24,Bräcke,,S-844 67,Sweden,SQLServer,672.0,840.0,168.0,3.0,False,False,211
10327,30,20.7,35.0,0.20000000298023224,SQLServer,FOLKO,2,1996-10-11 00:00:00,1996-11-08,1996-10-14,1.0,63.36,Folk och fä HB,Åkergatan 24,Bräcke,,S-844 67,Sweden,SQLServer,579.6,724.5,144.9,3.0,False,False,212
10327,58,10.6,30.0,0.20000000298023224,SQLServer,FOLKO,2,1996-10-11 00:00:00,1996-11-08,1996-10-14,1.0,63.36,Folk och fä HB,Åkergatan 24,Bräcke,,S-844 67,Sweden,SQLServer,254.4,318.0,63.6,3.0,False,False,213
10328,59,44.0,9.0,0.0,SQLServer,FURIB,4,1996-10-14 00:00:00,1996-11-11,1996-10-17,3.0,87.03,Furia Bacalhau e Frutos do Mar,Jardim das rosas n. 32,Lisboa,,1675,Portugal,SQLServer,396.0,396.0,0.0,3.0,False,False,214
10328,65,16.8,40.0,0.0,SQLServer,FURIB,4,1996-10-14 00:00:00,1996-11-11,1996-10-17,3.0,87.03,Furia Bacalhau e Frutos do Mar,Jardim das rosas n. 32,Lisboa,,1675,Portugal,SQLServer,672.0,672.0,0.0,3.0,False,False,215
10328,68,10.0,10.0,0.0,SQLServer,FURIB,4,1996-10-14 00:00:00,1996-11-11,1996-10-17,3.0,87.03,Furia Bacalhau e Frutos do Mar,Jardim das rosas n. 32,Lisboa,,1675,Portugal,SQLServer,100.0,100.0,0.0,3.0,False,False,216
10329,19,7.3,10.0,0.05000000074505806,SQLServer,SPLIR,4,1996-10-15 00:00:00,1996-11-26,1996-10-23,2.0,191.67,Split Rail Beer & Ale,P.O. Box 555,Lander,WY,82520,USA,SQLServer,69.35,73.0,3.65,8.0,False,False,217
10329,30,20.7,8.0,0.05000000074505806,SQLServer,SPLIR,4,1996-10-15 00:00:00,1996-11-26,1996-10-23,2.0,191.67,Split Rail Beer & Ale,P.O. Box 555,Lander,WY,82520,USA,SQLServer,157.32,165.6,8.28,8.0,False,False,218
10329,38,210.8,20.0,0.05000000074505806,SQLServer,SPLIR,4,1996-10-15 00:00:00,1996-11-26,1996-10-23,2.0,191.67,Split Rail Beer & Ale,P.O. Box 555,Lander,WY,82520,USA,SQLServer,4005.2,4216.0,210.8,8.0,False,False,219
10329,56,30.4,12.0,0.05000000074505806,SQLServer,SPLIR,4,1996-10-15 00:00:00,1996-11-26,1996-10-23,2.0,191.67,Split Rail Beer & Ale,P.O. Box 555,Lander,WY,82520,USA,SQLServer,346.56,364.8,18.24,8.0,False,False,220
10330,26,24.9,50.0,0.15000000596046448,SQLServer,LILAS,3,1996-10-16 00:00:00,1996-11-13,1996-10-28,1.0,12.75,LILA-Supermercado,Carrera 52 con Ave. Bolívar #65-98 Llano Largo,Barquisimeto,Lara,3508,Venezuela,SQLServer,1058.25,1245.0,186.75,12.0,False,False,221
10330,72,27.8,25.0,0.15000000596046448,SQLServer,LILAS,3,1996-10-16 00:00:00,1996-11-13,1996-10-28,1.0,12.75,LILA-Supermercado,Carrera 52 con Ave. Bolívar #65-98 Llano Largo,Barquisimeto,Lara,3508,Venezuela,SQLServer,590.75,695.0,104.25,12.0,False,False,222
10331,54,5.9,15.0,0.0,SQLServer,BONAP,9,1996-10-16 00:00:00,1996-11-27,1996-10-21,1.0,10.19,Bon app',"12, rue des Bouchers",Marseille,,13008,France,SQLServer,88.5,88.5,0.0,5.0,False,False,223
10332,18,50.0,40.0,0.20000000298023224,SQLServer,MEREP,3,1996-10-17 00:00:00,1996-11-28,1996-10-21,2.0,52.84,Mère Paillarde,43 rue St. Laurent,Montréal,Québec,H1J 1C3,Canada,SQLServer,1600.0,2000.0,400.0,4.0,False,False,224
10332,42,11.2,10.0,0.20000000298023224,SQLServer,MEREP,3,1996-10-17 00:00:00,1996-11-28,1996-10-21,2.0,52.84,Mère Paillarde,43 rue St. Laurent,Montréal,Québec,H1J 1C3,Canada,SQLServer,89.6,112.0,22.4,4.0,False,False,225
10332,47,7.6,16.0,0.20000000298023224,SQLServer,MEREP,3,1996-10-17 00:00:00,1996-11-28,1996-10-21,2.0,52.84,Mère Paillarde,43 rue St. Laurent,Montréal,Québec,H1J 1C3,Canada,SQLServer,97.28,121.6,24.32,4.0,False,False,226
10333,14,18.6,10.0,0.0,SQLServer,WARTH,5,1996-10-18 00:00:00,1996-11-15,1996-10-25,3.0,0.59,Wartian Herkku,Torikatu 38,Oulu,,90110,Finland,SQLServer,186.0,186.0,0.0,7.0,False,False,227
10333,21,8.0,10.0,0.10000000149011612,SQLServer,WARTH,5,1996-10-18 00:00:00,1996-11-15,1996-10-25,3.0,0.59,Wartian Herkku,Torikatu 38,Oulu,,90110,Finland,SQLServer,72.0,80.0,8.0,7.0,False,False,228
10333,71,17.2,40.0,0.10000000149011612,SQLServer,WARTH,5,1996-10-18 00:00:00,1996-11-15,1996-10-25,3.0,0.59,Wartian Herkku,Torikatu 38,Oulu,,90110,Finland,SQLServer,619.2,688.0,68.8,7.0,False,False,229
10334,52,5.6,8.0,0.0,SQLServer,VICTE,8,1996-10-21 00:00:00,1996-11-18,1996-10-28,2.0,8.56,Victuailles en stock,"2, rue du Commerce",Lyon,,69004,France,SQLServer,44.8,44.8,0.0,7.0,False,False,230
10334,68,10.0,10.0,0.0,SQLServer,VICTE,8,1996-10-21 00:00:00,1996-11-18,1996-10-28,2.0,8.56,Victuailles en stock,"2, rue du Commerce",Lyon,,69004,France,SQLServer,100.0,100.0,0.0,7.0,False,False,231
10335,2,15.2,7.0,0.20000000298023224,SQLServer,HUNGO,7,1996-10-22 00:00:00,1996-11-19,1996-10-24,2.0,42.11,Hungry Owl All-Night Grocers,8 Johnstown Road,Cork,Co. Cork,,Ireland,SQLServer,85.12,106.4,21.28,2.0,False,False,232
10335,31,10.0,25.0,0.20000000298023224,SQLServer,HUNGO,7,1996-10-22 00:00:00,1996-11-19,1996-10-24,2.0,42.11,Hungry Owl All-Night Grocers,8 Johnstown Road,Cork,Co. Cork,,Ireland,SQLServer,200.0,250.0,50.0,2.0,False,False,233
10335,32,25.6,6.0,0.20000000298023224,SQLServer,HUNGO,7,1996-10-22 00:00:00,1996-11-19,1996-10-24,2.0,42.11,Hungry Owl All-Night Grocers,8 Johnstown Road,Cork,Co. Cork,,Ireland,SQLServer,122.88,153.6,30.72,2.0,False,False,234
10335,51,42.4,48.0,0.20000000298023224,SQLServer,HUNGO,7,1996-10-22 00:00:00,1996-11-19,1996-10-24,2.0,42.11,Hungry Owl All-Night Grocers,8 Johnstown Road,Cork,Co. Cork,,Ireland,SQLServer,1628.16,2035.2,407.04,2.0,False,False,235
10336,4,17.6,18.0,0.10000000149011612,SQLServer,PRINI,7,1996-10-23 00:00:00,1996-11-20,1996-10-25,2.0,15.51,Princesa Isabel Vinhos,Estrada da saúde n. 58,Lisboa,,1756,Portugal,SQLServer,285.12,316.8,31.68,2.0,False,False,236
10337,23,7.2,40.0,0.0,SQLServer,FRANK,4,1996-10-24 00:00:00,1996-11-21,1996-10-29,3.0,108.26,Frankenversand,Berliner Platz 43,München,,80805,Germany,SQLServer,288.0,288.0,0.0,5.0,False,False,237
10337,26,24.9,24.0,0.0,SQLServer,FRANK,4,1996-10-24 00:00:00,1996-11-21,1996-10-29,3.0,108.26,Frankenversand,Berliner Platz 43,München,,80805,Germany,SQLServer,597.6,597.6,0.0,5.0,False,False,238
10337,36,15.2,20.0,0.0,SQLServer,FRANK,4,1996-10-24 00:00:00,1996-11-21,1996-10-29,3.0,108.26,Frankenversand,Berliner Platz 43,München,,80805,Germany,SQLServer,304.0,304.0,0.0,5.0,False,False,239
10337,37,20.8,28.0,0.0,SQLServer,FRANK,4,1996-10-24 00:00:00,1996-11-21,1996-10-29,3.0,108.26,Frankenversand,Berliner Platz 43,München,,80805,Germany,SQLServer,582.4,582.4,0.0,5.0,False,False,240
10337,72,27.8,25.0,0.0,SQLServer,FRANK,4,1996-10-24 00:00:00,1996-11-21,1996-10-29,3.0,108.26,Frankenversand,Berliner Platz 43,München,,80805,Germany,SQLServer,695.0,695.0,0.0,5.0,False,False,241
10338,17,31.2,20.0,0.0,SQLServer,OLDWO,4,1996-10-25 00:00:00,1996-11-22,1996-10-29,3.0,84.21,Old World Delicatessen,2743 Bering St.,Anchorage,AK,99508,USA,SQLServer,624.0,624.0,0.0,4.0,False,False,242
10338,30,20.7,15.0,0.0,SQLServer,OLDWO,4,1996-10-25 00:00:00,1996-11-22,1996-10-29,3.0,84.21,Old World Delicatessen,2743 Bering St.,Anchorage,AK,99508,USA,SQLServer,310.5,310.5,0.0,4.0,False,False,243
10339,4,17.6,10.0,0.0,SQLServer,MEREP,2,1996-10-28 00:00:00,1996-11-25,1996-11-04,2.0,15.66,Mère Paillarde,43 rue St. Laurent,Montréal,Québec,H1J 1C3,Canada,SQLServer,176.0,176.0,0.0,7.0,False,False,244
10339,17,31.2,70.0,0.05000000074505806,SQLServer,MEREP,2,1996-10-28 00:00:00,1996-11-25,1996-11-04,2.0,15.66,Mère Paillarde,43 rue St. Laurent,Montréal,Québec,H1J 1C3,Canada,SQLServer,2074.8,2184.0,109.2,7.0,False,False,245
10339,62,39.4,28.0,0.0,SQLServer,MEREP,2,1996-10-28 00:00:00,1996-11-25,1996-11-04,2.0,15.66,Mère Paillarde,43 rue St. Laurent,Montréal,Québec,H1J 1C3,Canada,SQLServer,1103.2,1103.2,0.0,7.0,False,False,246
10340,18,50.0,20.0,0.05000000074505806,SQLServer,BONAP,1,1996-10-29 00:00:00,1996-11-26,1996-11-08,3.0,166.31,Bon app',"12, rue des Bouchers",Marseille,,13008,France,SQLServer,950.0,1000.0,50.0,10.0,False,False,247
10340,41,7.7,12.0,0.05000000074505806,SQLServer,BONAP,1,1996-10-29 00:00:00,1996-11-26,1996-11-08,3.0,166.31,Bon app',"12, rue des Bouchers",Marseille,,13008,France,SQLServer,87.78,92.4,4.62,10.0,False,False,248
10340,43,36.8,40.0,0.05000000074505806,SQLServer,BONAP,1,1996-10-29 00:00:00,1996-11-26,1996-11-08,3.0,166.31,Bon app',"12, rue des Bouchers",Marseille,,13008,France,SQLServer,1398.4,1472.0,73.6,10.0,False,False,249
10341,33,2.0,8.0,0.0,SQLServer,SIMOB,7,1996-10-29 00:00:00,1996-11-26,1996-11-05,3.0,26.78,Simons bistro,Vinbæltet 34,Kobenhavn,,1734,Denmark,SQLServer,16.0,16.0,0.0,7.0,False,False,250
10341,59,44.0,9.0,0.15000000596046448,SQLServer,SIMOB,7,1996-10-29 00:00:00,1996-11-26,1996-11-05,3.0,26.78,Simons bistro,Vinbæltet 34,Kobenhavn,,1734,Denmark,SQLServer,336.6,396.0,59.4,7.0,False,False,251
10342,2,15.2,24.0,0.20000000298023224,SQLServer,FRANK,4,1996-10-30 00:00:00,1996-11-13,1996-11-04,2.0,54.83,Frankenversand,Berliner Platz 43,München,,80805,Germany,SQLServer,291.84,364.8,72.96,5.0,False,False,252
10342,31,10.0,56.0,0.20000000298023224,SQLServer,FRANK,4,1996-10-30 00:00:00,1996-11-13,1996-11-04,2.0,54.83,Frankenversand,Berliner Platz 43,München,,80805,Germany,SQLServer,448.0,560.0,112.0,5.0,False,False,253
10342,36,15.2,40.0,0.20000000298023224,SQLServer,FRANK,4,1996-10-30 00:00:00,1996-11-13,1996-11-04,2.0,54.83,Frankenversand,Berliner Platz 43,München,,80805,Germany,SQLServer,486.4,608.0,121.6,5.0,False,False,254
10342,55,19.2,40.0,0.20000000298023224,SQLServer,FRANK,4,1996-10-30 00:00:00,1996-11-13,1996-11-04,2.0,54.83,Frankenversand,Berliner Platz 43,München,,80805,Germany,SQLServer,614.4,768.0,153.6,5.0,False,False,255
10343,64,26.6,50.0,0.0,SQLServer,LEHMS,4,1996-10-31 00:00:00,1996-11-28,1996-11-06,1.0,110.37,Lehmanns Marktstand,Magazinweg 7,Frankfurt a.M.,,60528,Germany,SQLServer,1330.0,1330.0,0.0,6.0,False,False,256
10343,68,10.0,4.0,0.05000000074505806,SQLServer,LEHMS,4,1996-10-31 00:00:00,1996-11-28,1996-11-06,1.0,110.37,Lehmanns Marktstand,Magazinweg 7,Frankfurt a.M.,,60528,Germany,SQLServer,38.0,40.0,2.0,6.0,False,False,257
10343,76,14.4,15.0,0.0,SQLServer,LEHMS,4,1996-10-31 00:00:00,1996-11-28,1996-11-06,1.0,110.37,Lehmanns Marktstand,Magazinweg 7,Frankfurt a.M.,,60528,Germany,SQLServer,216.0,216.0,0.0,6.0,False,False,258
10344,4,17.6,35.0,0.0,SQLServer,WHITC,4,1996-11-01 00:00:00,1996-11-29,1996-11-05,2.0,23.29,White Clover Markets,1029 - 12th Ave. S.,Seattle,WA,98124,USA,SQLServer,616.0,616.0,0.0,4.0,False,False,259
10344,8,32.0,70.0,0.25,SQLServer,WHITC,4,1996-11-01 00:00:00,1996-11-29,1996-11-05,2.0,23.29,White Clover Markets,1029 - 12th Ave. S.,Seattle,WA,98124,USA,SQLServer,1680.0,2240.0,560.0,4.0,False,False,260
10345,8,32.0,70.0,0.0,SQLServer,QUICK,2,1996-11-04 00:00:00,1996-12-02,1996-11-11,2.0,249.06,QUICK-Stop,Taucherstraße 10,Cunewalde,,01307,Germany,SQLServer,2240.0,2240.0,0.0,7.0,False,False,261
10345,19,7.3,80.0,0.0,SQLServer,QUICK,2,1996-11-04 00:00:00,1996-12-02,1996-11-11,2.0,249.06,QUICK-Stop,Taucherstraße 10,Cunewalde,,01307,Germany,SQLServer,584.0,584.0,0.0,7.0,False,False,262
10345,42,11.2,9.0,0.0,SQLServer,QUICK,2,1996-11-04 00:00:00,1996-12-02,1996-11-11,2.0,249.06,QUICK-Stop,Taucherstraße 10,Cunewalde,,01307,Germany,SQLServer,100.8,100.8,0.0,7.0,False,False,263
10346,17,31.2,36.0,0.10000000149011612,SQLServer,RATTC,3,1996-11-05 00:00:00,1996-12-17,1996-11-08,3.0,142.08,Rattlesnake Canyon Grocery,2817 Milton Dr.,Albuquerque,NM,87110,USA,SQLServer,1010.88,1123.2,112.32,3.0,False,False,264
10346,56,30.4,20.0,0.0,SQLServer,RATTC,3,1996-11-05 00:00:00,1996-12-17,1996-11-08,3.0,142.08,Rattlesnake Canyon Grocery,2817 Milton Dr.,Albuquerque,NM,87110,USA,SQLServer,608.0,608.0,0.0,3.0,False,False,265
10347,25,11.2,10.0,0.0,SQLServer,FAMIA,4,1996-11-06 00:00:00,1996-12-04,1996-11-08,3.0,3.1,Familia Arquibaldo,"Rua Orós, 92",Sao Paulo,SP,05442-030,Brazil,SQLServer,112.0,112.0,0.0,2.0,False,False,266
10347,39,14.4,50.0,0.15000000596046448,SQLServer,FAMIA,4,1996-11-06 00:00:00,1996-12-04,1996-11-08,3.0,3.1,Familia Arquibaldo,"Rua Orós, 92",Sao Paulo,SP,05442-030,Brazil,SQLServer,612.0,720.0,108.0,2.0,False,False,267
10347,40,14.7,4.0,0.0,SQLServer,FAMIA,4,1996-11-06 00:00:00,1996-12-04,1996-11-08,3.0,3.1,Familia Arquibaldo,"Rua Orós, 92",Sao Paulo,SP,05442-030,Brazil,SQLServer,58.8,58.8,0.0,2.0,False,False,268
10347,75,6.2,6.0,0.15000000596046448,SQLServer,FAMIA,4,1996-11-06 00:00:00,1996-12-04,1996-11-08,3.0,3.1,Familia Arquibaldo,"Rua Orós, 92",Sao Paulo,SP,05442-030,Brazil,SQLServer,31.62,37.2,5.58,2.0,False,False,269
10348,1,14.4,15.0,0.15000000596046448,SQLServer,WANDK,4,1996-11-07 00:00:00,1996-12-05,1996-11-15,2.0,0.78,Die Wandernde Kuh,Adenauerallee 900,Stuttgart,,70563,Germany,SQLServer,183.6,216.0,32.4,8.0,False,False,270
10348,23,7.2,25.0,0.0,SQLServer,WANDK,4,1996-11-07 00:00:00,1996-12-05,1996-11-15,2.0,0.78,Die Wandernde Kuh,Adenauerallee 900,Stuttgart,,70563,Germany,SQLServer,180.0,180.0,0.0,8.0,False,False,271
10349,54,5.9,24.0,0.0,SQLServer,SPLIR,7,1996-11-08 00:00:00,1996-12-06,1996-11-15,1.0,8.63,Split Rail Beer & Ale,P.O. Box 555,Lander,WY,82520,USA,SQLServer,141.6,141.6,0.0,7.0,False,False,272
10350,50,13.0,15.0,0.10000000149011612,SQLServer,LAMAI,6,1996-11-11 00:00:00,1996-12-09,1996-12-03,2.0,64.19,La maison d'Asie,1 rue Alsace-Lorraine,Toulouse,,31000,France,SQLServer,175.5,195.0,19.5,22.0,False,False,273
10350,69,28.8,18.0,0.10000000149011612,SQLServer,LAMAI,6,1996-11-11 00:00:00,1996-12-09,1996-12-03,2.0,64.19,La maison d'Asie,1 rue Alsace-Lorraine,Toulouse,,31000,France,SQLServer,466.56,518.4,51.84,22.0,False,False,274
10351,38,210.8,20.0,0.05000000074505806,SQLServer,ERNSH,1,1996-11-11 00:00:00,1996-12-09,1996-11-20,1.0,162.33,Ernst Handel,Kirchgasse 6,Graz,,8010,Austria,SQLServer,4005.2,4216.0,210.8,9.0,False,False,275
10351,41,7.7,13.0,0.0,SQLServer,ERNSH,1,1996-11-11 00:00:00,1996-12-09,1996-11-20,1.0,162.33,Ernst Handel,Kirchgasse 6,Graz,,8010,Austria,SQLServer,100.1,100.1,0.0,9.0,False,False,276
10351,44,15.5,77.0,0.05000000074505806,SQLServer,ERNSH,1,1996-11-11 00:00:00,1996-12-09,1996-11-20,1.0,162.33,Ernst Handel,Kirchgasse 6,Graz,,8010,Austria,SQLServer,1133.82,1193.5,59.68,9.0,False,False,277
10351,65,16.8,10.0,0.05000000074505806,SQLServer,ERNSH,1,1996-11-11 00:00:00,1996-12-09,1996-11-20,1.0,162.33,Ernst Handel,Kirchgasse 6,Graz,,8010,Austria,SQLServer,159.6,168.0,8.4,9.0,False,False,278
10352,24,3.6,10.0,0.0,SQLServer,FURIB,3,1996-11-12 00:00:00,1996-11-26,1996-11-18,3.0,1.3,Furia Bacalhau e Frutos do Mar,Jardim das rosas n. 32,Lisboa,,1675,Portugal,SQLServer,36.0,36.0,0.0,6.0,False,False,279
10352,54,5.9,20.0,0.15000000596046448,SQLServer,FURIB,3,1996-11-12 00:00:00,1996-11-26,1996-11-18,3.0,1.3,Furia Bacalhau e Frutos do Mar,Jardim das rosas n. 32,Lisboa,,1675,Portugal,SQLServer,100.3,118.0,17.7,6.0,False,False,280
10353,11,16.8,12.0,0.20000000298023224,SQLServer,PICCO,7,1996-11-13 00:00:00,1996-12-11,1996-11-25,3.0,360.63,Piccolo und mehr,Geislweg 14,Salzburg,,5020,Austria,SQLServer,161.28,201.6,40.32,12.0,False,False,281
10353,38,210.8,50.0,0.20000000298023224,SQLServer,PICCO,7,1996-11-13 00:00:00,1996-12-11,1996-11-25,3.0,360.63,Piccolo und mehr,Geislweg 14,Salzburg,,5020,Austria,SQLServer,8432.0,10540.0,2108.0,12.0,False,False,282
10354,1,14.4,12.0,0.0,SQLServer,PERIC,8,1996-11-14 00:00:00,1996-12-12,1996-11-20,3.0,53.8,Pericles Comidas clásicas,Calle Dr. Jorge Cash 321,México D.F.,,05033,Mexico,SQLServer,172.8,172.8,0.0,6.0,False,False,283
10354,29,99.0,4.0,0.0,SQLServer,PERIC,8,1996-11-14 00:00:00,1996-12-12,1996-11-20,3.0,53.8,Pericles Comidas clásicas,Calle Dr. Jorge Cash 321,México D.F.,,05033,Mexico,SQLServer,396.0,396.0,0.0,6.0,False,False,284
10355,24,3.6,25.0,0.0,SQLServer,AROUT,6,1996-11-15 00:00:00,1996-12-13,1996-11-20,1.0,41.95,Around the Horn,Brook Farm Stratford St. Mary,Colchester,Essex,CO7 6JX,UK,SQLServer,90.0,90.0,0.0,5.0,False,False,285
10355,57,15.6,25.0,0.0,SQLServer,AROUT,6,1996-11-15 00:00:00,1996-12-13,1996-11-20,1.0,41.95,Around the Horn,Brook Farm Stratford St. Mary,Colchester,Essex,CO7 6JX,UK,SQLServer,390.0,390.0,0.0,5.0,False,False,286
10356,31,10.0,30.0,0.0,SQLServer,WANDK,6,1996-11-18 00:00:00,1996-12-16,1996-11-27,2.0,36.71,Die Wandernde Kuh,Adenauerallee 900,Stuttgart,,70563,Germany,SQLServer,300.0,300.0,0.0,9.0,False,False,287
10356,55,19.2,12.0,0.0,SQLServer,WANDK,6,1996-11-18 00:00:00,1996-12-16,1996-11-27,2.0,36.71,Die Wandernde Kuh,Adenauerallee 900,Stuttgart,,70563,Germany,SQLServer,230.4,230.4,0.0,9.0,False,False,288
10356,69,28.8,20.0,0.0,SQLServer,WANDK,6,1996-11-18 00:00:00,1996-12-16,1996-11-27,2.0,36.71,Die Wandernde Kuh,Adenauerallee 900,Stuttgart,,70563,Germany,SQLServer,576.0,576.0,0.0,9.0,False,False,289
10357,10,24.8,30.0,0.20000000298023224,SQLServer,LILAS,1,1996-11-19 00:00:00,1996-12-17,1996-12-02,3.0,34.88,LILA-Supermercado,Carrera 52 con Ave. Bolívar #65-98 Llano Largo,Barquisimeto,Lara,3508,Venezuela,SQLServer,595.2,744.0,148.8,13.0,False,False,290
10357,26,24.9,16.0,0.0,SQLServer,LILAS,1,1996-11-19 00:00:00,1996-12-17,1996-12-02,3.0,34.88,LILA-Supermercado,Carrera 52 con Ave. Bolívar #65-98 Llano Largo,Barquisimeto,Lara,3508,Venezuela,SQLServer,398.4,398.4,0.0,13.0,False,False,291
10357,60,27.2,8.0,0.20000000298023224,SQLServer,LILAS,1,1996-11-19 00:00:00,1996-12-17,1996-12-02,3.0,34.88,LILA-Supermercado,Carrera 52 con Ave. Bolívar #65-98 Llano Largo,Barquisimeto,Lara,3508,Venezuela,SQLServer,174.08,217.6,43.52,13.0,False,False,292
10358,24,3.6,10.0,0.05000000074505806,SQLServer,LAMAI,5,1996-11-20 00:00:00,1996-12-18,1996-11-27,1.0,19.64,La maison d'Asie,1 rue Alsace-Lorraine,Toulouse,,31000,France,SQLServer,34.2,36.0,1.8,7.0,False,False,293
10358,34,11.2,10.0,0.05000000074505806,SQLServer,LAMAI,5,1996-11-20 00:00:00,1996-12-18,1996-11-27,1.0,19.64,La maison d'Asie,1 rue Alsace-Lorraine,Toulouse,,31000,France,SQLServer,106.4,112.0,5.6,7.0,False,False,294
10358,36,15.2,20.0,0.05000000074505806,SQLServer,LAMAI,5,1996-11-20 00:00:00,1996-12-18,1996-11-27,1.0,19.64,La maison d'Asie,1 rue Alsace-Lorraine,Toulouse,,31000,France,SQLServer,288.8,304.0,15.2,7.0,False,False,295
10359,16,13.9,56.0,0.05000000074505806,SQLServer,SEVES,5,1996-11-21 00:00:00,1996-12-19,1996-11-26,3.0,288.43,Seven Seas Imports,90 Wadhurst Rd.,London,,OX15 4NB,UK,SQLServer,739.48,778.4,38.92,5.0,False,False,296
10359,31,10.0,70.0,0.05000000074505806,SQLServer,SEVES,5,1996-11-21 00:00:00,1996-12-19,1996-11-26,3.0,288.43,Seven Seas Imports,90 Wadhurst Rd.,London,,OX15 4NB,UK,SQLServer,665.0,700.0,35.0,5.0,False,False,297
10359,60,27.2,80.0,0.05000000074505806,SQLServer,SEVES,5,1996-11-21 00:00:00,1996-12-19,1996-11-26,3.0,288.43,Seven Seas Imports,90 Wadhurst Rd.,London,,OX15 4NB,UK,SQLServer,2067.2,2176.0,108.8,5.0,False,False,298
10360,28,36.4,30.0,0.0,SQLServer,BLONP,4,1996-11-22 00:00:00,1996-12-20,1996-12-02,3.0,131.7,Blondel père et fils,"24, place Kléber",Strasbourg,,67000,France,SQLServer,1092.0,1092.0,0.0,10.0,False,False,299
10360,29,99.0,35.0,0.0,SQLServer,BLONP,4,1996-11-22 00:00:00,1996-12-20,1996-12-02,3.0,131.7,Blondel père et fils,"24, place Kléber",Strasbourg,,67000,France,SQLServer,3465.0,3465.0,0.0,10.0,False,False,300
10360,38,210.8,10.0,0.0,SQLServer,BLONP,4,1996-11-22 00:00:00,1996-12-20,1996-12-02,3.0,131.7,Blondel père et fils,"24, place Kléber",Strasbourg,,67000,France,SQLServer,2108.0,2108.0,0.0,10.0,False,False,301
10360,49,16.0,35.0,0.0,SQLServer,BLONP,4,1996-11-22 00:00:00,1996-12-20,1996-12-02,3.0,131.7,Blondel père et fils,"24, place Kléber",Strasbourg,,67000,France,SQLServer,560.0,560.0,0.0,10.0,False,False,302
10360,54,5.9,28.0,0.0,SQLServer,BLONP,4,1996-11-22 00:00:00,1996-12-20,1996-12-02,3.0,131.7,Blondel père et fils,"24, place Kléber",Strasbourg,,67000,France,SQLServer,165.2,165.2,0.0,10.0,False,False,303
10361,39,14.4,54.0,0.10000000149011612,SQLServer,QUICK,1,1996-11-22 00:00:00,1996-12-20,1996-12-03,2.0,183.17,QUICK-Stop,Taucherstraße 10,Cunewalde,,01307,Germany,SQLServer,699.84,777.6,77.76,11.0,False,False,304
10361,60,27.2,55.0,0.10000000149011612,SQLServer,QUICK,1,1996-11-22 00:00:00,1996-12-20,1996-12-03,2.0,183.17,QUICK-Stop,Taucherstraße 10,Cunewalde,,01307,Germany,SQLServer,1346.4,1496.0,149.6,11.0,False,False,305
10362,25,11.2,50.0,0.0,SQLServer,BONAP,3,1996-11-25 00:00:00,1996-12-23,1996-11-28,1.0,96.04,Bon app',"12, rue des Bouchers",Marseille,,13008,France,SQLServer,560.0,560.0,0.0,3.0,False,False,306
10362,51,42.4,20.0,0.0,SQLServer,BONAP,3,1996-11-25 00:00:00,1996-12-23,1996-11-28,1.0,96.04,Bon app',"12, rue des Bouchers",Marseille,,13008,France,SQLServer,848.0,848.0,0.0,3.0,False,False,307
10362,54,5.9,24.0,0.0,SQLServer,BONAP,3,1996-11-25 00:00:00,1996-12-23,1996-11-28,1.0,96.04,Bon app',"12, rue des Bouchers",Marseille,,13008,France,SQLServer,141.6,141.6,0.0,3.0,False,False,308
10363,31,10.0,20.0,0.0,SQLServer,DRACD,4,1996-11-26 00:00:00,1996-12-24,1996-12-04,3.0,30.54,Drachenblut Delikatessen,Walserweg 21,Aachen,,52066,Germany,SQLServer,200.0,200.0,0.0,8.0,False,False,309
10363,75,6.2,12.0,0.0,SQLServer,DRACD,4,1996-11-26 00:00:00,1996-12-24,1996-12-04,3.0,30.54,Drachenblut Delikatessen,Walserweg 21,Aachen,,52066,Germany,SQLServer,74.4,74.4,0.0,8.0,False,False,310
10363,76,14.4,12.0,0.0,SQLServer,DRACD,4,1996-11-26 00:00:00,1996-12-24,1996-12-04,3.0,30.54,Drachenblut Delikatessen,Walserweg 21,Aachen,,52066,Germany,SQLServer,172.8,172.8,0.0,8.0,False,False,311
10364,69,28.8,30.0,0.0,SQLServer,EASTC,1,1996-11-26 00:00:00,1997-01-07,1996-12-04,1.0,71.97,Eastern Connection,35 King George,London,,WX3 6FW,UK,SQLServer,864.0,864.0,0.0,8.0,False,False,312
10364,71,17.2,5.0,0.0,SQLServer,EASTC,1,1996-11-26 00:00:00,1997-01-07,1996-12-04,1.0,71.97,Eastern Connection,35 King George,London,,WX3 6FW,UK,SQLServer,86.0,86.0,0.0,8.0,False,False,313
10365,11,16.8,24.0,0.0,SQLServer,ANTON,3,1996-11-27 00:00:00,1996-12-25,1996-12-02,2.0,22.0,Antonio Moreno Taquería,Mataderos  2312,México D.F.,,05023,Mexico,SQLServer,403.2,403.2,0.0,5.0,False,False,314
10366,65,16.8,5.0,0.0,SQLServer,GALED,8,1996-11-28 00:00:00,1997-01-09,1996-12-30,2.0,10.14,Galería del gastronómo,"Rambla de Cataluña, 23",Barcelona,,8022,Spain,SQLServer,84.0,84.0,0.0,32.0,False,False,315
10366,77,10.4,5.0,0.0,SQLServer,GALED,8,1996-11-28 00:00:00,1997-01-09,1996-12-30,2.0,10.14,Galería del gastronómo,"Rambla de Cataluña, 23",Barcelona,,8022,Spain,SQLServer,52.0,52.0,0.0,32.0,False,False,316
10367,34,11.2,36.0,0.0,SQLServer,VAFFE,7,1996-11-28 00:00:00,1996-12-26,1996-12-02,3.0,13.55,Vaffeljernet,Smagsloget 45,Århus,,8200,Denmark,SQLServer,403.2,403.2,0.0,4.0,False,False,317
10367,54,5.9,18.0,0.0,SQLServer,VAFFE,7,1996-11-28 00:00:00,1996-12-26,1996-12-02,3.0,13.55,Vaffeljernet,Smagsloget 45,Århus,,8200,Denmark,SQLServer,106.2,106.2,0.0,4.0,False,False,318
10367,65,16.8,15.0,0.0,SQLServer,VAFFE,7,1996-11-28 00:00:00,1996-12-26,1996-12-02,3.0,13.55,Vaffeljernet,Smagsloget 45,Århus,,8200,Denmark,SQLServer,252.0,252.0,0.0,4.0,False,False,319
10367,77,10.4,7.0,0.0,SQLServer,VAFFE,7,1996-11-28 00:00:00,1996-12-26,1996-12-02,3.0,13.55,Vaffeljernet,Smagsloget 45,Århus,,8200,Denmark,SQLServer,72.8,72.8,0.0,4.0,False,False,320
10368,21,8.0,5.0,0.10000000149011612,SQLServer,ERNSH,2,1996-11-29 00:00:00,1996-12-27,1996-12-02,2.0,101.95,Ernst Handel,Kirchgasse 6,Graz,,8010,Austria,SQLServer,36.0,40.0,4.0,3.0,False,False,321
10368,28,36.4,13.0,0.10000000149011612,SQLServer,ERNSH,2,1996-11-29 00:00:00,1996-12-27,1996-12-02,2.0,101.95,Ernst Handel,Kirchgasse 6,Graz,,8010,Austria,SQLServer,425.88,473.2,47.32,3.0,False,False,322
10368,57,15.6,25.0,0.0,SQLServer,ERNSH,2,1996-11-29 00:00:00,1996-12-27,1996-12-02,2.0,101.95,Ernst Handel,Kirchgasse 6,Graz,,8010,Austria,SQLServer,390.0,390.0,0.0,3.0,False,False,323
10368,64,26.6,35.0,0.10000000149011612,SQLServer,ERNSH,2,1996-11-29 00:00:00,1996-12-27,1996-12-02,2.0,101.95,Ernst Handel,Kirchgasse 6,Graz,,8010,Austria,SQLServer,837.9,931.0,93.1,3.0,False,False,324
10369,29,99.0,20.0,0.0,SQLServer,SPLIR,8,1996-12-02 00:00:00,1996-12-30,1996-12-09,2.0,195.68,Split Rail Beer & Ale,P.O. Box 555,Lander,WY,82520,USA,SQLServer,1980.0,1980.0,0.0,7.0,False,False,325
10369,56,30.4,18.0,0.25,SQLServer,SPLIR,8,1996-12-02 00:00:00,1996-12-30,1996-12-09,2.0,195.68,Split Rail Beer & Ale,P.O. Box 555,Lander,WY,82520,USA,SQLServer,410.4,547.2,136.8,7.0,False,False,326
10370,1,14.4,15.0,0.15000000596046448,SQLServer,CHOPS,6,1996-12-03 00:00:00,1996-12-31,1996-12-27,2.0,1.17,Chop-suey Chinese,Hauptstr. 31,Bern,,3012,Switzerland,SQLServer,183.6,216.0,32.4,24.0,False,False,327
10370,64,26.6,30.0,0.0,SQLServer,CHOPS,6,1996-12-03 00:00:00,1996-12-31,1996-12-27,2.0,1.17,Chop-suey Chinese,Hauptstr. 31,Bern,,3012,Switzerland,SQLServer,798.0,798.0,0.0,24.0,False,False,328
10370,74,8.0,20.0,0.15000000596046448,SQLServer,CHOPS,6,1996-12-03 00:00:00,1996-12-31,1996-12-27,2.0,1.17,Chop-suey Chinese,Hauptstr. 31,Bern,,3012,Switzerland,SQLServer,136.0,160.0,24.0,24.0,False,False,329
10371,36,15.2,6.0,0.20000000298023224,SQLServer,LAMAI,1,1996-12-03 00:00:00,1996-12-31,1996-12-24,1.0,0.45,La maison d'Asie,1 rue Alsace-Lorraine,Toulouse,,31000,France,SQLServer,72.96,91.2,18.24,21.0,False,False,330
10372,20,64.8,12.0,0.25,SQLServer,QUEEN,5,1996-12-04 00:00:00,1997-01-01,1996-12-09,2.0,890.78,Queen Cozinha,"Alameda dos Canàrios, 891",Sao Paulo,SP,05487-020,Brazil,SQLServer,583.2,777.6,194.4,5.0,False,True,331
10372,38,210.8,40.0,0.25,SQLServer,QUEEN,5,1996-12-04 00:00:00,1997-01-01,1996-12-09,2.0,890.78,Queen Cozinha,"Alameda dos Canàrios, 891",Sao Paulo,SP,05487-020,Brazil,SQLServer,6324.0,8432.0,2108.0,5.0,False,True,332
10372,60,27.2,70.0,0.25,SQLServer,QUEEN,5,1996-12-04 00:00:00,1997-01-01,1996-12-09,2.0,890.78,Queen Cozinha,"Alameda dos Canàrios, 891",Sao Paulo,SP,05487-020,Brazil,SQLServer,1428.0,1904.0,476.0,5.0,False,True,333
10372,72,27.8,42.0,0.25,SQLServer,QUEEN,5,1996-12-04 00:00:00,1997-01-01,1996-12-09,2.0,890.78,Queen Cozinha,"Alameda dos Canàrios, 891",Sao Paulo,SP,05487-020,Brazil,SQLServer,875.7,1167.6,291.9,5.0,False,True,334
10373,58,10.6,80.0,0.20000000298023224,SQLServer,HUNGO,4,1996-12-05 00:00:00,1997-01-02,1996-12-11,3.0,124.12,Hungry Owl All-Night Grocers,8 Johnstown Road,Cork,Co. Cork,,Ireland,SQLServer,678.4,848.0,169.6,6.0,False,False,335
10373,71,17.2,50.0,0.20000000298023224,SQLServer,HUNGO,4,1996-12-05 00:00:00,1997-01-02,1996-12-11,3.0,124.12,Hungry Owl All-Night Grocers,8 Johnstown Road,Cork,Co. Cork,,Ireland,SQLServer,688.0,860.0,172.0,6.0,False,False,336
10374,31,10.0,30.0,0.0,SQLServer,WOLZA,1,1996-12-05 00:00:00,1997-01-02,1996-12-09,3.0,3.94,Wolski Zajazd,ul. Filtrowa 68,Warszawa,,01-012,Poland,SQLServer,300.0,300.0,0.0,4.0,False,False,337
10374,58,10.6,15.0,0.0,SQLServer,WOLZA,1,1996-12-05 00:00:00,1997-01-02,1996-12-09,3.0,3.94,Wolski Zajazd,ul. Filtrowa 68,Warszawa,,01-012,Poland,SQLServer,159.0,159.0,0.0,4.0,False,False,338
10375,14,18.6,15.0,0.0,SQLServer,HUNGC,3,1996-12-06 00:00:00,1997-01-03,1996-12-09,2.0,20.12,Hungry Coyote Import Store,City Center Plaza 516 Main St.,Elgin,OR,97827,USA,SQLServer,279.0,279.0,0.0,3.0,False,False,339
10375,54,5.9,10.0,0.0,SQLServer,HUNGC,3,1996-12-06 00:00:00,1997-01-03,1996-12-09,2.0,20.12,Hungry Coyote Import Store,City Center Plaza 516 Main St.,Elgin,OR,97827,USA,SQLServer,59.0,59.0,0.0,3.0,False,False,340
10376,31,10.0,42.0,0.05000000074505806,SQLServer,MEREP,1,1996-12-09 00:00:00,1997-01-06,1996-12-13,2.0,20.39,Mère Paillarde,43 rue St. Laurent,Montréal,Québec,H1J 1C3,Canada,SQLServer,399.0,420.0,21.0,4.0,False,False,341
10377,28,36.4,20.0,0.15000000596046448,SQLServer,SEVES,1,1996-12-09 00:00:00,1997-01-06,1996-12-13,3.0,22.21,Seven Seas Imports,90 Wadhurst Rd.,London,,OX15 4NB,UK,SQLServer,618.8,728.0,109.2,4.0,False,False,342
10377,39,14.4,20.0,0.15000000596046448,SQLServer,SEVES,1,1996-12-09 00:00:00,1997-01-06,1996-12-13,3.0,22.21,Seven Seas Imports,90 Wadhurst Rd.,London,,OX15 4NB,UK,SQLServer,244.8,288.0,43.2,4.0,False,False,343
10378,71,17.2,6.0,0.0,SQLServer,FOLKO,5,1996-12-10 00:00:00,1997-01-07,1996-12-19,3.0,5.44,Folk och fä HB,Åkergatan 24,Bräcke,,S-844 67,Sweden,SQLServer,103.2,103.2,0.0,9.0,False,False,344
10379,41,7.7,8.0,0.10000000149011612,SQLServer,QUEDE,2,1996-12-11 00:00:00,1997-01-08,1996-12-13,1.0,45.03,Que Delícia,"Rua da Panificadora, 12",Rio de Janeiro,RJ,02389-673,Brazil,SQLServer,55.44,61.6,6.16,2.0,False,False,345
10379,63,35.1,16.0,0.10000000149011612,SQLServer,QUEDE,2,1996-12-11 00:00:00,1997-01-08,1996-12-13,1.0,45.03,Que Delícia,"Rua da Panificadora, 12",Rio de Janeiro,RJ,02389-673,Brazil,SQLServer,505.44,561.6,56.16,2.0,False,False,346
10379,65,16.8,20.0,0.10000000149011612,SQLServer,QUEDE,2,1996-12-11 00:00:00,1997-01-08,1996-12-13,1.0,45.03,Que Delícia,"Rua da Panificadora, 12",Rio de Janeiro,RJ,02389-673,Brazil,SQLServer,302.4,336.0,33.6,2.0,False,False,347
10380,30,20.7,18.0,0.10000000149011612,SQLServer,HUNGO,8,1996-12-12 00:00:00,1997-01-09,1997-01-16,3.0,35.03,Hungry Owl All-Night Grocers,8 Johnstown Road,Cork,Co. Cork,,Ireland,SQLServer,335.34,372.6,37.26,35.0,True,False,348
10380,53,26.2,20.0,0.10000000149011612,SQLServer,HUNGO,8,1996-12-12 00:00:00,1997-01-09,1997-01-16,3.0,35.03,Hungry Owl All-Night Grocers,8 Johnstown Road,Cork,Co. Cork,,Ireland,SQLServer,471.6,524.0,52.4,35.0,True,False,349
10380,60,27.2,6.0,0.10000000149011612,SQLServer,HUNGO,8,1996-12-12 00:00:00,1997-01-09,1997-01-16,3.0,35.03,Hungry Owl All-Night Grocers,8 Johnstown Road,Cork,Co. Cork,,Ireland,SQLServer,146.88,163.2,16.32,35.0,True,False,350
10380,70,12.0,30.0,0.0,SQLServer,HUNGO,8,1996-12-12 00:00:00,1997-01-09,1997-01-16,3.0,35.03,Hungry Owl All-Night Grocers,8 Johnstown Road,Cork,Co. Cork,,Ireland,SQLServer,360.0,360.0,0.0,35.0,True,False,351
10381,74,8.0,14.0,0.0,SQLServer,LILAS,3,1996-12-12 00:00:00,1997-01-09,1996-12-13,3.0,7.99,LILA-Supermercado,Carrera 52 con Ave. Bolívar #65-98 Llano Largo,Barquisimeto,Lara,3508,Venezuela,SQLServer,112.0,112.0,0.0,1.0,False,False,352
10382,5,17.0,32.0,0.0,SQLServer,ERNSH,4,1996-12-13 00:00:00,1997-01-10,1996-12-16,1.0,94.77,Ernst Handel,Kirchgasse 6,Graz,,8010,Austria,SQLServer,544.0,544.0,0.0,3.0,False,False,353
10382,18,50.0,9.0,0.0,SQLServer,ERNSH,4,1996-12-13 00:00:00,1997-01-10,1996-12-16,1.0,94.77,Ernst Handel,Kirchgasse 6,Graz,,8010,Austria,SQLServer,450.0,450.0,0.0,3.0,False,False,354
10382,29,99.0,14.0,0.0,SQLServer,ERNSH,4,1996-12-13 00:00:00,1997-01-10,1996-12-16,1.0,94.77,Ernst Handel,Kirchgasse 6,Graz,,8010,Austria,SQLServer,1386.0,1386.0,0.0,3.0,False,False,355
10382,33,2.0,60.0,0.0,SQLServer,ERNSH,4,1996-12-13 00:00:00,1997-01-10,1996-12-16,1.0,94.77,Ernst Handel,Kirchgasse 6,Graz,,8010,Austria,SQLServer,120.0,120.0,0.0,3.0,False,False,356
10382,74,8.0,50.0,0.0,SQLServer,ERNSH,4,1996-12-13 00:00:00,1997-01-10,1996-12-16,1.0,94.77,Ernst Handel,Kirchgasse 6,Graz,,8010,Austria,SQLServer,400.0,400.0,0.0,3.0,False,False,357
10383,13,4.8,20.0,0.0,SQLServer,AROUT,8,1996-12-16 00:00:00,1997-01-13,1996-12-18,3.0,34.24,Around the Horn,Brook Farm Stratford St. Mary,Colchester,Essex,CO7 6JX,UK,SQLServer,96.0,96.0,0.0,2.0,False,False,358
10383,50,13.0,15.0,0.0,SQLServer,AROUT,8,1996-12-16 00:00:00,1997-01-13,1996-12-18,3.0,34.24,Around the Horn,Brook Farm Stratford St. Mary,Colchester,Essex,CO7 6JX,UK,SQLServer,195.0,195.0,0.0,2.0,False,False,359
10383,56,30.4,20.0,0.0,SQLServer,AROUT,8,1996-12-16 00:00:00,1997-01-13,1996-12-18,3.0,34.24,Around the Horn,Brook Farm Stratford St. Mary,Colchester,Essex,CO7 6JX,UK,SQLServer,608.0,608.0,0.0,2.0,False,False,360
10384,20,64.8,28.0,0.0,SQLServer,BERGS,3,1996-12-16 00:00:00,1997-01-13,1996-12-20,3.0,168.64,Berglunds snabbköp,Berguvsvägen  8,Luleå,,S-958 22,Sweden,SQLServer,1814.4,1814.4,0.0,4.0,False,False,361
10384,60,27.2,15.0,0.0,SQLServer,BERGS,3,1996-12-16 00:00:00,1997-01-13,1996-12-20,3.0,168.64,Berglunds snabbköp,Berguvsvägen  8,Luleå,,S-958 22,Sweden,SQLServer,408.0,408.0,0.0,4.0,False,False,362
10385,7,24.0,10.0,0.20000000298023224,SQLServer,SPLIR,1,1996-12-17 00:00:00,1997-01-14,1996-12-23,2.0,30.96,Split Rail Beer & Ale,P.O. Box 555,Lander,WY,82520,USA,SQLServer,192.0,240.0,48.0,6.0,False,False,363
10385,60,27.2,20.0,0.20000000298023224,SQLServer,SPLIR,1,1996-12-17 00:00:00,1997-01-14,1996-12-23,2.0,30.96,Split Rail Beer & Ale,P.O. Box 555,Lander,WY,82520,USA,SQLServer,435.2,544.0,108.8,6.0,False,False,364
10385,68,10.0,8.0,0.20000000298023224,SQLServer,SPLIR,1,1996-12-17 00:00:00,1997-01-14,1996-12-23,2.0,30.96,Split Rail Beer & Ale,P.O. Box 555,Lander,WY,82520,USA,SQLServer,64.0,80.0,16.0,6.0,False,False,365
10386,24,3.6,15.0,0.0,SQLServer,FAMIA,9,1996-12-18 00:00:00,1997-01-01,1996-12-25,3.0,13.99,Familia Arquibaldo,"Rua Orós, 92",Sao Paulo,SP,05442-030,Brazil,SQLServer,54.0,54.0,0.0,7.0,False,False,366
10386,34,11.2,10.0,0.0,SQLServer,FAMIA,9,1996-12-18 00:00:00,1997-01-01,1996-12-25,3.0,13.99,Familia Arquibaldo,"Rua Orós, 92",Sao Paulo,SP,05442-030,Brazil,SQLServer,112.0,112.0,0.0,7.0,False,False,367
10387,24,3.6,15.0,0.0,SQLServer,SANTG,1,1996-12-18 00:00:00,1997-01-15,1996-12-20,2.0,93.63,Santé Gourmet,Erling Skakkes gate 78,Stavern,,4110,Norway,SQLServer,54.0,54.0,0.0,2.0,False,False,368
10387,28,36.4,6.0,0.0,SQLServer,SANTG,1,1996-12-18 00:00:00,1997-01-15,1996-12-20,2.0,93.63,Santé Gourmet,Erling Skakkes gate 78,Stavern,,4110,Norway,SQLServer,218.4,218.4,0.0,2.0,False,False,369
10387,59,44.0,12.0,0.0,SQLServer,SANTG,1,1996-12-18 00:00:00,1997-01-15,1996-12-20,2.0,93.63,Santé Gourmet,Erling Skakkes gate 78,Stavern,,4110,Norway,SQLServer,528.0,528.0,0.0,2.0,False,False,370
10387,71,17.2,15.0,0.0,SQLServer,SANTG,1,1996-12-18 00:00:00,1997-01-15,1996-12-20,2.0,93.63,Santé Gourmet,Erling Skakkes gate 78,Stavern,,4110,Norway,SQLServer,258.0,258.0,0.0,2.0,False,False,371
10388,45,7.6,15.0,0.20000000298023224,SQLServer,SEVES,2,1996-12-19 00:00:00,1997-01-16,1996-12-20,1.0,34.86,Seven Seas Imports,90 Wadhurst Rd.,London,,OX15 4NB,UK,SQLServer,91.2,114.0,22.8,1.0,False,False,372
10388,52,5.6,20.0,0.20000000298023224,SQLServer,SEVES,2,1996-12-19 00:00:00,1997-01-16,1996-12-20,1.0,34.86,Seven Seas Imports,90 Wadhurst Rd.,London,,OX15 4NB,UK,SQLServer,89.6,112.0,22.4,1.0,False,False,373
10388,53,26.2,40.0,0.0,SQLServer,SEVES,2,1996-12-19 00:00:00,1997-01-16,1996-12-20,1.0,34.86,Seven Seas Imports,90 Wadhurst Rd.,London,,OX15 4NB,UK,SQLServer,1048.0,1048.0,0.0,1.0,False,False,374
10389,10,24.8,16.0,0.0,SQLServer,BOTTM,4,1996-12-20 00:00:00,1997-01-17,1996-12-24,2.0,47.42,Bottom-Dollar Markets,23 Tsawassen Blvd.,Tsawassen,BC,T2F 8M4,Canada,SQLServer,396.8,396.8,0.0,4.0,False,False,375
10389,55,19.2,15.0,0.0,SQLServer,BOTTM,4,1996-12-20 00:00:00,1997-01-17,1996-12-24,2.0,47.42,Bottom-Dollar Markets,23 Tsawassen Blvd.,Tsawassen,BC,T2F 8M4,Canada,SQLServer,288.0,288.0,0.0,4.0,False,False,376
10389,62,39.4,20.0,0.0,SQLServer,BOTTM,4,1996-12-20 00:00:00,1997-01-17,1996-12-24,2.0,47.42,Bottom-Dollar Markets,23 Tsawassen Blvd.,Tsawassen,BC,T2F 8M4,Canada,SQLServer,788.0,788.0,0.0,4.0,False,False,377
10389,70,12.0,30.0,0.0,SQLServer,BOTTM,4,1996-12-20 00:00:00,1997-01-17,1996-12-24,2.0,47.42,Bottom-Dollar Markets,23 Tsawassen Blvd.,Tsawassen,BC,T2F 8M4,Canada,SQLServer,360.0,360.0,0.0,4.0,False,False,378
10390,31,10.0,60.0,0.10000000149011612,SQLServer,ERNSH,6,1996-12-23 00:00:00,1997-01-20,1996-12-26,1.0,126.38,Ernst Handel,Kirchgasse 6,Graz,,8010,Austria,SQLServer,540.0,600.0,60.0,3.0,False,False,379
10390,35,14.4,40.0,0.10000000149011612,SQLServer,ERNSH,6,1996-12-23 00:00:00,1997-01-20,1996-12-26,1.0,126.38,Ernst Handel,Kirchgasse 6,Graz,,8010,Austria,SQLServer,518.4,576.0,57.6,3.0,False,False,380
10390,46,9.6,45.0,0.0,SQLServer,ERNSH,6,1996-12-23 00:00:00,1997-01-20,1996-12-26,1.0,126.38,Ernst Handel,Kirchgasse 6,Graz,,8010,Austria,SQLServer,432.0,432.0,0.0,3.0,False,False,381
10390,72,27.8,24.0,0.10000000149011612,SQLServer,ERNSH,6,1996-12-23 00:00:00,1997-01-20,1996-12-26,1.0,126.38,Ernst Handel,Kirchgasse 6,Graz,,8010,Austria,SQLServer,600.48,667.2,66.72,3.0,False,False,382
10391,13,4.8,18.0,0.0,SQLServer,DRACD,3,1996-12-23 00:00:00,1997-01-20,1996-12-31,3.0,5.45,Drachenblut Delikatessen,Walserweg 21,Aachen,,52066,Germany,SQLServer,86.4,86.4,0.0,8.0,False,False,383
10392,69,28.8,50.0,0.0,SQLServer,PICCO,2,1996-12-24 00:00:00,1997-01-21,1997-01-01,3.0,122.46,Piccolo und mehr,Geislweg 14,Salzburg,,5020,Austria,SQLServer,1440.0,1440.0,0.0,8.0,False,False,384
10393,2,15.2,25.0,0.25,SQLServer,SAVEA,1,1996-12-25 00:00:00,1997-01-22,1997-01-03,3.0,126.56,Save-a-lot Markets,187 Suffolk Ln.,Boise,ID,83720,USA,SQLServer,285.0,380.0,95.0,9.0,False,False,385
10393,14,18.6,42.0,0.25,SQLServer,SAVEA,1,1996-12-25 00:00:00,1997-01-22,1997-01-03,3.0,126.56,Save-a-lot Markets,187 Suffolk Ln.,Boise,ID,83720,USA,SQLServer,585.9,781.2,195.3,9.0,False,False,386
10393,25,11.2,7.0,0.25,SQLServer,SAVEA,1,1996-12-25 00:00:00,1997-01-22,1997-01-03,3.0,126.56,Save-a-lot Markets,187 Suffolk Ln.,Boise,ID,83720,USA,SQLServer,58.8,78.4,19.6,9.0,False,False,387
10393,26,24.9,70.0,0.25,SQLServer,SAVEA,1,1996-12-25 00:00:00,1997-01-22,1997-01-03,3.0,126.56,Save-a-lot Markets,187 Suffolk Ln.,Boise,ID,83720,USA,SQLServer,1307.25,1743.0,435.75,9.0,False,False,388
10393,31,10.0,32.0,0.0,SQLServer,SAVEA,1,1996-12-25 00:00:00,1997-01-22,1997-01-03,3.0,126.56,Save-a-lot Markets,187 Suffolk Ln.,Boise,ID,83720,USA,SQLServer,320.0,320.0,0.0,9.0,False,False,389
10394,13,4.8,10.0,0.0,SQLServer,HUNGC,1,1996-12-25 00:00:00,1997-01-22,1997-01-03,3.0,30.34,Hungry Coyote Import Store,City Center Plaza 516 Main St.,Elgin,OR,97827,USA,SQLServer,48.0,48.0,0.0,9.0,False,False,390
10394,62,39.4,10.0,0.0,SQLServer,HUNGC,1,1996-12-25 00:00:00,1997-01-22,1997-01-03,3.0,30.34,Hungry Coyote Import Store,City Center Plaza 516 Main St.,Elgin,OR,97827,USA,SQLServer,394.0,394.0,0.0,9.0,False,False,391
10395,46,9.6,28.0,0.10000000149011612,SQLServer,HILAA,6,1996-12-26 00:00:00,1997-01-23,1997-01-03,1.0,184.41,HILARION-Abastos,Carrera 22 con Ave. Carlos Soublette #8-35,San Cristóbal,Táchira,5022,Venezuela,SQLServer,241.92,268.8,26.88,8.0,False,False,392
10395,53,26.2,70.0,0.10000000149011612,SQLServer,HILAA,6,1996-12-26 00:00:00,1997-01-23,1997-01-03,1.0,184.41,HILARION-Abastos,Carrera 22 con Ave. Carlos Soublette #8-35,San Cristóbal,Táchira,5022,Venezuela,SQLServer,1650.6,1834.0,183.4,8.0,False,False,393
10395,69,28.8,8.0,0.0,SQLServer,HILAA,6,1996-12-26 00:00:00,1997-01-23,1997-01-03,1.0,184.41,HILARION-Abastos,Carrera 22 con Ave. Carlos Soublette #8-35,San Cristóbal,Táchira,5022,Venezuela,SQLServer,230.4,230.4,0.0,8.0,False,False,394
10396,23,7.2,40.0,0.0,SQLServer,FRANK,1,1996-12-27 00:00:00,1997-01-10,1997-01-06,3.0,135.35,Frankenversand,Berliner Platz 43,München,,80805,Germany,SQLServer,288.0,288.0,0.0,10.0,False,False,395
10396,71,17.2,60.0,0.0,SQLServer,FRANK,1,1996-12-27 00:00:00,1997-01-10,1997-01-06,3.0,135.35,Frankenversand,Berliner Platz 43,München,,80805,Germany,SQLServer,1032.0,1032.0,0.0,10.0,False,False,396
10396,72,27.8,21.0,0.0,SQLServer,FRANK,1,1996-12-27 00:00:00,1997-01-10,1997-01-06,3.0,135.35,Frankenversand,Berliner Platz 43,München,,80805,Germany,SQLServer,583.8,583.8,0.0,10.0,False,False,397
10397,21,8.0,10.0,0.15000000596046448,SQLServer,PRINI,5,1996-12-27 00:00:00,1997-01-24,1997-01-02,1.0,60.26,Princesa Isabel Vinhos,Estrada da saúde n. 58,Lisboa,,1756,Portugal,SQLServer,68.0,80.0,12.0,6.0,False,False,398
10397,51,42.4,18.0,0.15000000596046448,SQLServer,PRINI,5,1996-12-27 00:00:00,1997-01-24,1997-01-02,1.0,60.26,Princesa Isabel Vinhos,Estrada da saúde n. 58,Lisboa,,1756,Portugal,SQLServer,648.72,763.2,114.48,6.0,False,False,399
10398,35,14.4,30.0,0.0,SQLServer,SAVEA,2,1996-12-30 00:00:00,1997-01-27,1997-01-09,3.0,89.16,Save-a-lot Markets,187 Suffolk Ln.,Boise,ID,83720,USA,SQLServer,432.0,432.0,0.0,10.0,False,False,400
10398,55,19.2,120.0,0.10000000149011612,SQLServer,SAVEA,2,1996-12-30 00:00:00,1997-01-27,1997-01-09,3.0,89.16,Save-a-lot Markets,187 Suffolk Ln.,Boise,ID,83720,USA,SQLServer,2073.6,2304.0,230.4,10.0,False,False,401
10399,68,10.0,60.0,0.0,SQLServer,VAFFE,8,1996-12-31 00:00:00,1997-01-14,1997-01-08,3.0,27.36,Vaffeljernet,Smagsloget 45,Århus,,8200,Denmark,SQLServer,600.0,600.0,0.0,8.0,False,False,402
10399,71,17.2,30.0,0.0,SQLServer,VAFFE,8,1996-12-31 00:00:00,1997-01-14,1997-01-08,3.0,27.36,Vaffeljernet,Smagsloget 45,Århus,,8200,Denmark,SQLServer,516.0,516.0,0.0,8.0,False,False,403
10399,76,14.4,35.0,0.0,SQLServer,VAFFE,8,1996-12-31 00:00:00,1997-01-14,1997-01-08,3.0,27.36,Vaffeljernet,Smagsloget 45,Århus,,8200,Denmark,SQLServer,504.0,504.0,0.0,8.0,False,False,404
10399,77,10.4,14.0,0.0,SQLServer,VAFFE,8,1996-12-31 00:00:00,1997-01-14,1997-01-08,3.0,27.36,Vaffeljernet,Smagsloget 45,Århus,,8200,Denmark,SQLServer,145.6,145.6,0.0,8.0,False,False,405
10400,29,99.0,21.0,0.0,SQLServer,EASTC,1,1997-01-01 00:00:00,1997-01-29,1997-01-16,3.0,83.93,Eastern Connection,35 King George,London,,WX3 6FW,UK,SQLServer,2079.0,2079.0,0.0,15.0,False,False,406
10400,35,14.4,35.0,0.0,SQLServer,EASTC,1,1997-01-01 00:00:00,1997-01-29,1997-01-16,3.0,83.93,Eastern Connection,35 King George,London,,WX3 6FW,UK,SQLServer,504.0,504.0,0.0,15.0,False,False,407
10400,49,16.0,30.0,0.0,SQLServer,EASTC,1,1997-01-01 00:00:00,1997-01-29,1997-01-16,3.0,83.93,Eastern Connection,35 King George,London,,WX3 6FW,UK,SQLServer,480.0,480.0,0.0,15.0,False,False,408
10401,30,20.7,18.0,0.0,SQLServer,RATTC,1,1997-01-01 00:00:00,1997-01-29,1997-01-10,1.0,12.51,Rattlesnake Canyon Grocery,2817 Milton Dr.,Albuquerque,NM,87110,USA,SQLServer,372.6,372.6,0.0,9.0,False,False,409
10401,56,30.4,70.0,0.0,SQLServer,RATTC,1,1997-01-01 00:00:00,1997-01-29,1997-01-10,1.0,12.51,Rattlesnake Canyon Grocery,2817 Milton Dr.,Albuquerque,NM,87110,USA,SQLServer,2128.0,2128.0,0.0,9.0,False,False,410
10401,65,16.8,20.0,0.0,SQLServer,RATTC,1,1997-01-01 00:00:00,1997-01-29,1997-01-10,1.0,12.51,Rattlesnake Canyon Grocery,2817 Milton Dr.,Albuquerque,NM,87110,USA,SQLServer,336.0,336.0,0.0,9.0,False,False,411
10401,71,17.2,60.0,0.0,SQLServer,RATTC,1,1997-01-01 00:00:00,1997-01-29,1997-01-10,1.0,12.51,Rattlesnake Canyon Grocery,2817 Milton Dr.,Albuquerque,NM,87110,USA,SQLServer,1032.0,1032.0,0.0,9.0,False,False,412
10402,23,7.2,60.0,0.0,SQLServer,ERNSH,8,1997-01-02 00:00:00,1997-02-13,1997-01-10,2.0,67.88,Ernst Handel,Kirchgasse 6,Graz,,8010,Austria,SQLServer,432.0,432.0,0.0,8.0,False,False,413
10402,63,35.1,65.0,0.0,SQLServer,ERNSH,8,1997-01-02 00:00:00,1997-02-13,1997-01-10,2.0,67.88,Ernst Handel,Kirchgasse 6,Graz,,8010,Austria,SQLServer,2281.5,2281.5,0.0,8.0,False,False,414
10403,16,13.9,21.0,0.15000000596046448,SQLServer,ERNSH,4,1997-01-03 00:00:00,1997-01-31,1997-01-09,3.0,73.79,Ernst Handel,Kirchgasse 6,Graz,,8010,Austria,SQLServer,248.11,291.9,43.79,6.0,False,False,415
10403,48,10.2,70.0,0.15000000596046448,SQLServer,ERNSH,4,1997-01-03 00:00:00,1997-01-31,1997-01-09,3.0,73.79,Ernst Handel,Kirchgasse 6,Graz,,8010,Austria,SQLServer,606.9,714.0,107.1,6.0,False,False,416
10404,26,24.9,30.0,0.05000000074505806,SQLServer,MAGAA,2,1997-01-03 00:00:00,1997-01-31,1997-01-08,1.0,155.97,Magazzini Alimentari Riuniti,Via Ludovico il Moro 22,Bergamo,,24100,Italy,SQLServer,709.65,747.0,37.35,5.0,False,False,417
10404,42,11.2,40.0,0.05000000074505806,SQLServer,MAGAA,2,1997-01-03 00:00:00,1997-01-31,1997-01-08,1.0,155.97,Magazzini Alimentari Riuniti,Via Ludovico il Moro 22,Bergamo,,24100,Italy,SQLServer,425.6,448.0,22.4,5.0,False,False,418
10404,49,16.0,30.0,0.05000000074505806,SQLServer,MAGAA,2,1997-01-03 00:00:00,1997-01-31,1997-01-08,1.0,155.97,Magazzini Alimentari Riuniti,Via Ludovico il Moro 22,Bergamo,,24100,Italy,SQLServer,456.0,480.0,24.0,5.0,False,False,419
10405,3,8.0,50.0,0.0,SQLServer,LINOD,1,1997-01-06 00:00:00,1997-02-03,1997-01-22,1.0,34.82,LINO-Delicateses,Ave. 5 de Mayo Porlamar,I. de Margarita,Nueva Esparta,4980,Venezuela,SQLServer,400.0,400.0,0.0,16.0,False,False,420
10406,1,14.4,10.0,0.0,SQLServer,QUEEN,7,1997-01-07 00:00:00,1997-02-18,1997-01-13,1.0,108.04,Queen Cozinha,"Alameda dos Canàrios, 891",Sao Paulo,SP,05487-020,Brazil,SQLServer,144.0,144.0,0.0,6.0,False,False,421
10406,21,8.0,30.0,0.10000000149011612,SQLServer,QUEEN,7,1997-01-07 00:00:00,1997-02-18,1997-01-13,1.0,108.04,Queen Cozinha,"Alameda dos Canàrios, 891",Sao Paulo,SP,05487-020,Brazil,SQLServer,216.0,240.0,24.0,6.0,False,False,422
10406,28,36.4,42.0,0.10000000149011612,SQLServer,QUEEN,7,1997-01-07 00:00:00,1997-02-18,1997-01-13,1.0,108.04,Queen Cozinha,"Alameda dos Canàrios, 891",Sao Paulo,SP,05487-020,Brazil,SQLServer,1375.92,1528.8,152.88,6.0,False,False,423
10406,36,15.2,5.0,0.10000000149011612,SQLServer,QUEEN,7,1997-01-07 00:00:00,1997-02-18,1997-01-13,1.0,108.04,Queen Cozinha,"Alameda dos Canàrios, 891",Sao Paulo,SP,05487-020,Brazil,SQLServer,68.4,76.0,7.6,6.0,False,False,424
10406,40,14.7,2.0,0.10000000149011612,SQLServer,QUEEN,7,1997-01-07 00:00:00,1997-02-18,1997-01-13,1.0,108.04,Queen Cozinha,"Alameda dos Canàrios, 891",Sao Paulo,SP,05487-020,Brazil,SQLServer,26.46,29.4,2.94,6.0,False,False,425
10407,11,16.8,30.0,0.0,SQLServer,OTTIK,2,1997-01-07 00:00:00,1997-02-04,1997-01-30,2.0,91.48,Ottilies Käseladen,Mehrheimerstr. 369,Köln,,50739,Germany,SQLServer,504.0,504.0,0.0,23.0,False,False,426
10407,69,28.8,15.0,0.0,SQLServer,OTTIK,2,1997-01-07 00:00:00,1997-02-04,1997-01-30,2.0,91.48,Ottilies Käseladen,Mehrheimerstr. 369,Köln,,50739,Germany,SQLServer,432.0,432.0,0.0,23.0,False,False,427
10407,71,17.2,15.0,0.0,SQLServer,OTTIK,2,1997-01-07 00:00:00,1997-02-04,1997-01-30,2.0,91.48,Ottilies Käseladen,Mehrheimerstr. 369,Köln,,50739,Germany,SQLServer,258.0,258.0,0.0,23.0,False,False,428
10408,37,20.8,10.0,0.0,SQLServer,FOLIG,8,1997-01-08 00:00:00,1997-02-05,1997-01-14,1.0,11.26,Folies gourmandes,"184, chaussée de Tournai",Lille,,59000,France,SQLServer,208.0,208.0,0.0,6.0,False,False,429
10408,54,5.9,6.0,0.0,SQLServer,FOLIG,8,1997-01-08 00:00:00,1997-02-05,1997-01-14,1.0,11.26,Folies gourmandes,"184, chaussée de Tournai",Lille,,59000,France,SQLServer,35.4,35.4,0.0,6.0,False,False,430
10408,62,39.4,35.0,0.0,SQLServer,FOLIG,8,1997-01-08 00:00:00,1997-02-05,1997-01-14,1.0,11.26,Folies gourmandes,"184, chaussée de Tournai",Lille,,59000,France,SQLServer,1379.0,1379.0,0.0,6.0,False,False,431
10409,14,18.6,12.0,0.0,SQLServer,OCEAN,3,1997-01-09 00:00:00,1997-02-06,1997-01-14,1.0,29.83,Océano Atlántico Ltda.,Ing. Gustavo Moncada 8585 Piso 20-A,Buenos Aires,,1010,Argentina,SQLServer,223.2,223.2,0.0,5.0,False,False,432
10409,21,8.0,12.0,0.0,SQLServer,OCEAN,3,1997-01-09 00:00:00,1997-02-06,1997-01-14,1.0,29.83,Océano Atlántico Ltda.,Ing. Gustavo Moncada 8585 Piso 20-A,Buenos Aires,,1010,Argentina,SQLServer,96.0,96.0,0.0,5.0,False,False,433
10410,33,2.0,49.0,0.0,SQLServer,BOTTM,3,1997-01-10 00:00:00,1997-02-07,1997-01-15,3.0,2.4,Bottom-Dollar Markets,23 Tsawassen Blvd.,Tsawassen,BC,T2F 8M4,Canada,SQLServer,98.0,98.0,0.0,5.0,False,False,434
10410,59,44.0,16.0,0.0,SQLServer,BOTTM,3,1997-01-10 00:00:00,1997-02-07,1997-01-15,3.0,2.4,Bottom-Dollar Markets,23 Tsawassen Blvd.,Tsawassen,BC,T2F 8M4,Canada,SQLServer,704.0,704.0,0.0,5.0,False,False,435
10411,41,7.7,25.0,0.20000000298023224,SQLServer,BOTTM,9,1997-01-10 00:00:00,1997-02-07,1997-01-21,3.0,23.65,Bottom-Dollar Markets,23 Tsawassen Blvd.,Tsawassen,BC,T2F 8M4,Canada,SQLServer,154.0,192.5,38.5,11.0,False,False,436
10411,44,15.5,40.0,0.20000000298023224,SQLServer,BOTTM,9,1997-01-10 00:00:00,1997-02-07,1997-01-21,3.0,23.65,Bottom-Dollar Markets,23 Tsawassen Blvd.,Tsawassen,BC,T2F 8M4,Canada,SQLServer,496.0,620.0,124.0,11.0,False,False,437
10411,59,44.0,9.0,0.20000000298023224,SQLServer,BOTTM,9,1997-01-10 00:00:00,1997-02-07,1997-01-21,3.0,23.65,Bottom-Dollar Markets,23 Tsawassen Blvd.,Tsawassen,BC,T2F 8M4,Canada,SQLServer,316.8,396.0,79.2,11.0,False,False,438
10412,14,18.6,20.0,0.10000000149011612,SQLServer,WARTH,8,1997-01-13 00:00:00,1997-02-10,1997-01-15,2.0,3.77,Wartian Herkku,Torikatu 38,Oulu,,90110,Finland,SQLServer,334.8,372.0,37.2,2.0,False,False,439
10413,1,14.4,24.0,0.0,SQLServer,LAMAI,3,1997-01-14 00:00:00,1997-02-11,1997-01-16,2.0,95.66,La maison d'Asie,1 rue Alsace-Lorraine,Toulouse,,31000,France,SQLServer,345.6,345.6,0.0,2.0,False,False,440
10413,62,39.4,40.0,0.0,SQLServer,LAMAI,3,1997-01-14 00:00:00,1997-02-11,1997-01-16,2.0,95.66,La maison d'Asie,1 rue Alsace-Lorraine,Toulouse,,31000,France,SQLServer,1576.0,1576.0,0.0,2.0,False,False,441
10413,76,14.4,14.0,0.0,SQLServer,LAMAI,3,1997-01-14 00:00:00,1997-02-11,1997-01-16,2.0,95.66,La maison d'Asie,1 rue Alsace-Lorraine,Toulouse,,31000,France,SQLServer,201.6,201.6,0.0,2.0,False,False,442
10414,19,7.3,18.0,0.05000000074505806,SQLServer,FAMIA,2,1997-01-14 00:00:00,1997-02-11,1997-01-17,3.0,21.48,Familia Arquibaldo,"Rua Orós, 92",Sao Paulo,SP,05442-030,Brazil,SQLServer,124.83,131.4,6.57,3.0,False,False,443
10414,33,2.0,50.0,0.0,SQLServer,FAMIA,2,1997-01-14 00:00:00,1997-02-11,1997-01-17,3.0,21.48,Familia Arquibaldo,"Rua Orós, 92",Sao Paulo,SP,05442-030,Brazil,SQLServer,100.0,100.0,0.0,3.0,False,False,444
10415,17,31.2,2.0,0.0,SQLServer,HUNGC,3,1997-01-15 00:00:00,1997-02-12,1997-01-24,1.0,0.2,Hungry Coyote Import Store,City Center Plaza 516 Main St.,Elgin,OR,97827,USA,SQLServer,62.4,62.4,0.0,9.0,False,False,445
10415,33,2.0,20.0,0.0,SQLServer,HUNGC,3,1997-01-15 00:00:00,1997-02-12,1997-01-24,1.0,0.2,Hungry Coyote Import Store,City Center Plaza 516 Main St.,Elgin,OR,97827,USA,SQLServer,40.0,40.0,0.0,9.0,False,False,446
10416,19,7.3,20.0,0.0,SQLServer,WARTH,8,1997-01-16 00:00:00,1997-02-13,1997-01-27,3.0,22.72,Wartian Herkku,Torikatu 38,Oulu,,90110,Finland,SQLServer,146.0,146.0,0.0,11.0,False,False,447
10416,53,26.2,10.0,0.0,SQLServer,WARTH,8,1997-01-16 00:00:00,1997-02-13,1997-01-27,3.0,22.72,Wartian Herkku,Torikatu 38,Oulu,,90110,Finland,SQLServer,262.0,262.0,0.0,11.0,False,False,448
10416,57,15.6,20.0,0.0,SQLServer,WARTH,8,1997-01-16 00:00:00,1997-02-13,1997-01-27,3.0,22.72,Wartian Herkku,Torikatu 38,Oulu,,90110,Finland,SQLServer,312.0,312.0,0.0,11.0,False,False,449
10417,38,210.8,50.0,0.0,SQLServer,SIMOB,4,1997-01-16 00:00:00,1997-02-13,1997-01-28,3.0,70.29,Simons bistro,Vinbæltet 34,Kobenhavn,,1734,Denmark,SQLServer,10540.0,10540.0,0.0,12.0,False,False,450
10417,46,9.6,2.0,0.25,SQLServer,SIMOB,4,1997-01-16 00:00:00,1997-02-13,1997-01-28,3.0,70.29,Simons bistro,Vinbæltet 34,Kobenhavn,,1734,Denmark,SQLServer,14.4,19.2,4.8,12.0,False,False,451
10417,68,10.0,36.0,0.25,SQLServer,SIMOB,4,1997-01-16 00:00:00,1997-02-13,1997-01-28,3.0,70.29,Simons bistro,Vinbæltet 34,Kobenhavn,,1734,Denmark,SQLServer,270.0,360.0,90.0,12.0,False,False,452
10417,77,10.4,35.0,0.0,SQLServer,SIMOB,4,1997-01-16 00:00:00,1997-02-13,1997-01-28,3.0,70.29,Simons bistro,Vinbæltet 34,Kobenhavn,,1734,Denmark,SQLServer,364.0,364.0,0.0,12.0,False,False,453
10418,2,15.2,60.0,0.0,SQLServer,QUICK,4,1997-01-17 00:00:00,1997-02-14,1997-01-24,1.0,17.55,QUICK-Stop,Taucherstraße 10,Cunewalde,,01307,Germany,SQLServer,912.0,912.0,0.0,7.0,False,False,454
10418,47,7.6,55.0,0.0,SQLServer,QUICK,4,1997-01-17 00:00:00,1997-02-14,1997-01-24,1.0,17.55,QUICK-Stop,Taucherstraße 10,Cunewalde,,01307,Germany,SQLServer,418.0,418.0,0.0,7.0,False,False,455
10418,61,22.8,16.0,0.0,SQLServer,QUICK,4,1997-01-17 00:00:00,1997-02-14,1997-01-24,1.0,17.55,QUICK-Stop,Taucherstraße 10,Cunewalde,,01307,Germany,SQLServer,364.8,364.8,0.0,7.0,False,False,456
10418,74,8.0,15.0,0.0,SQLServer,QUICK,4,1997-01-17 00:00:00,1997-02-14,1997-01-24,1.0,17.55,QUICK-Stop,Taucherstraße 10,Cunewalde,,01307,Germany,SQLServer,120.0,120.0,0.0,7.0,False,False,457
10419,60,27.2,60.0,0.05000000074505806,SQLServer,RICSU,4,1997-01-20 00:00:00,1997-02-17,1997-01-30,2.0,137.35,Richter Supermarkt,Starenweg 5,Genève,,1204,Switzerland,SQLServer,1550.4,1632.0,81.6,10.0,False,False,458
10419,69,28.8,20.0,0.05000000074505806,SQLServer,RICSU,4,1997-01-20 00:00:00,1997-02-17,1997-01-30,2.0,137.35,Richter Supermarkt,Starenweg 5,Genève,,1204,Switzerland,SQLServer,547.2,576.0,28.8,10.0,False,False,459
10420,9,77.6,20.0,0.10000000149011612,SQLServer,WELLI,3,1997-01-21 00:00:00,1997-02-18,1997-01-27,1.0,44.12,Wellington Importadora,"Rua do Mercado, 12",Resende,SP,08737-363,Brazil,SQLServer,1396.8,1552.0,155.2,6.0,False,False,460
10420,13,4.8,2.0,0.10000000149011612,SQLServer,WELLI,3,1997-01-21 00:00:00,1997-02-18,1997-01-27,1.0,44.12,Wellington Importadora,"Rua do Mercado, 12",Resende,SP,08737-363,Brazil,SQLServer,8.64,9.6,0.96,6.0,False,False,461
10420,70,12.0,8.0,0.10000000149011612,SQLServer,WELLI,3,1997-01-21 00:00:00,1997-02-18,1997-01-27,1.0,44.12,Wellington Importadora,"Rua do Mercado, 12",Resende,SP,08737-363,Brazil,SQLServer,86.4,96.0,9.6,6.0,False,False,462
10420,73,12.0,20.0,0.10000000149011612,SQLServer,WELLI,3,1997-01-21 00:00:00,1997-02-18,1997-01-27,1.0,44.12,Wellington Importadora,"Rua do Mercado, 12",Resende,SP,08737-363,Brazil,SQLServer,216.0,240.0,24.0,6.0,False,False,463
10421,19,7.3,4.0,0.15000000596046448,SQLServer,QUEDE,8,1997-01-21 00:00:00,1997-03-04,1997-01-27,1.0,99.23,Que Delícia,"Rua da Panificadora, 12",Rio de Janeiro,RJ,02389-673,Brazil,SQLServer,24.82,29.2,4.38,6.0,False,False,464
10421,26,24.9,30.0,0.0,SQLServer,QUEDE,8,1997-01-21 00:00:00,1997-03-04,1997-01-27,1.0,99.23,Que Delícia,"Rua da Panificadora, 12",Rio de Janeiro,RJ,02389-673,Brazil,SQLServer,747.0,747.0,0.0,6.0,False,False,465
10421,53,26.2,15.0,0.15000000596046448,SQLServer,QUEDE,8,1997-01-21 00:00:00,1997-03-04,1997-01-27,1.0,99.23,Que Delícia,"Rua da Panificadora, 12",Rio de Janeiro,RJ,02389-673,Brazil,SQLServer,334.05,393.0,58.95,6.0,False,False,466
10421,77,10.4,10.0,0.15000000596046448,SQLServer,QUEDE,8,1997-01-21 00:00:00,1997-03-04,1997-01-27,1.0,99.23,Que Delícia,"Rua da Panificadora, 12",Rio de Janeiro,RJ,02389-673,Brazil,SQLServer,88.4,104.0,15.6,6.0,False,False,467
10422,26,24.9,2.0,0.0,SQLServer,FRANS,2,1997-01-22 00:00:00,1997-02-19,1997-01-31,1.0,3.02,Franchi S.p.A.,Via Monte Bianco 34,Torino,,10100,Italy,SQLServer,49.8,49.8,0.0,9.0,False,False,468
10423,31,10.0,14.0,0.0,SQLServer,GOURL,6,1997-01-23 00:00:00,1997-02-06,1997-02-24,3.0,24.5,Gourmet Lanchonetes,"Av. Brasil, 442",Campinas,SP,04876-786,Brazil,SQLServer,140.0,140.0,0.0,32.0,True,False,469
10423,59,44.0,20.0,0.0,SQLServer,GOURL,6,1997-01-23 00:00:00,1997-02-06,1997-02-24,3.0,24.5,Gourmet Lanchonetes,"Av. Brasil, 442",Campinas,SP,04876-786,Brazil,SQLServer,880.0,880.0,0.0,32.0,True,False,470
10424,35,14.4,60.0,0.20000000298023224,SQLServer,MEREP,7,1997-01-23 00:00:00,1997-02-20,1997-01-27,2.0,370.61,Mère Paillarde,43 rue St. Laurent,Montréal,Québec,H1J 1C3,Canada,SQLServer,691.2,864.0,172.8,4.0,False,False,471
10424,38,210.8,49.0,0.20000000298023224,SQLServer,MEREP,7,1997-01-23 00:00:00,1997-02-20,1997-01-27,2.0,370.61,Mère Paillarde,43 rue St. Laurent,Montréal,Québec,H1J 1C3,Canada,SQLServer,8263.36,10329.2,2065.84,4.0,False,False,472
10424,68,10.0,30.0,0.20000000298023224,SQLServer,MEREP,7,1997-01-23 00:00:00,1997-02-20,1997-01-27,2.0,370.61,Mère Paillarde,43 rue St. Laurent,Montréal,Québec,H1J 1C3,Canada,SQLServer,240.0,300.0,60.0,4.0,False,False,473
10425,55,19.2,10.0,0.25,SQLServer,LAMAI,6,1997-01-24 00:00:00,1997-02-21,1997-02-14,2.0,7.93,La maison d'Asie,1 rue Alsace-Lorraine,Toulouse,,31000,France,SQLServer,144.0,192.0,48.0,21.0,False,False,474
10425,76,14.4,20.0,0.25,SQLServer,LAMAI,6,1997-01-24 00:00:00,1997-02-21,1997-02-14,2.0,7.93,La maison d'Asie,1 rue Alsace-Lorraine,Toulouse,,31000,France,SQLServer,216.0,288.0,72.0,21.0,False,False,475
10426,56,30.4,5.0,0.0,SQLServer,GALED,4,1997-01-27 00:00:00,1997-02-24,1997-02-06,1.0,18.69,Galería del gastronómo,"Rambla de Cataluña, 23",Barcelona,,8022,Spain,SQLServer,152.0,152.0,0.0,10.0,False,False,476
10426,64,26.6,7.0,0.0,SQLServer,GALED,4,1997-01-27 00:00:00,1997-02-24,1997-02-06,1.0,18.69,Galería del gastronómo,"Rambla de Cataluña, 23",Barcelona,,8022,Spain,SQLServer,186.2,186.2,0.0,10.0,False,False,477
10427,14,18.6,35.0,0.0,SQLServer,PICCO,4,1997-01-27 00:00:00,1997-02-24,1997-03-03,2.0,31.29,Piccolo und mehr,Geislweg 14,Salzburg,,5020,Austria,SQLServer,651.0,651.0,0.0,35.0,True,False,478
10428,46,9.6,20.0,0.0,SQLServer,REGGC,7,1997-01-28 00:00:00,1997-02-25,1997-02-04,1.0,11.09,Reggiani Caseifici,Strada Provinciale 124,Reggio Emilia,,42100,Italy,SQLServer,192.0,192.0,0.0,7.0,False,False,479
10429,50,13.0,40.0,0.0,SQLServer,HUNGO,3,1997-01-29 00:00:00,1997-03-12,1997-02-07,2.0,56.63,Hungry Owl All-Night Grocers,8 Johnstown Road,Cork,Co. Cork,,Ireland,SQLServer,520.0,520.0,0.0,9.0,False,False,480
10429,63,35.1,35.0,0.25,SQLServer,HUNGO,3,1997-01-29 00:00:00,1997-03-12,1997-02-07,2.0,56.63,Hungry Owl All-Night Grocers,8 Johnstown Road,Cork,Co. Cork,,Ireland,SQLServer,921.38,1228.5,307.12,9.0,False,False,481
10430,17,31.2,45.0,0.20000000298023224,SQLServer,ERNSH,4,1997-01-30 00:00:00,1997-02-13,1997-02-03,1.0,458.78,Ernst Handel,Kirchgasse 6,Graz,,8010,Austria,SQLServer,1123.2,1404.0,280.8,4.0,False,False,482
10430,21,8.0,50.0,0.0,SQLServer,ERNSH,4,1997-01-30 00:00:00,1997-02-13,1997-02-03,1.0,458.78,Ernst Handel,Kirchgasse 6,Graz,,8010,Austria,SQLServer,400.0,400.0,0.0,4.0,False,False,483
10430,56,30.4,30.0,0.0,SQLServer,ERNSH,4,1997-01-30 00:00:00,1997-02-13,1997-02-03,1.0,458.78,Ernst Handel,Kirchgasse 6,Graz,,8010,Austria,SQLServer,912.0,912.0,0.0,4.0,False,False,484
10430,59,44.0,70.0,0.20000000298023224,SQLServer,ERNSH,4,1997-01-30 00:00:00,1997-02-13,1997-02-03,1.0,458.78,Ernst Handel,Kirchgasse 6,Graz,,8010,Austria,SQLServer,2464.0,3080.0,616.0,4.0,False,False,485
10431,17,31.2,50.0,0.25,SQLServer,BOTTM,4,1997-01-30 00:00:00,1997-02-13,1997-02-07,2.0,44.17,Bottom-Dollar Markets,23 Tsawassen Blvd.,Tsawassen,BC,T2F 8M4,Canada,SQLServer,1170.0,1560.0,390.0,8.0,False,False,486
10431,40,14.7,50.0,0.25,SQLServer,BOTTM,4,1997-01-30 00:00:00,1997-02-13,1997-02-07,2.0,44.17,Bottom-Dollar Markets,23 Tsawassen Blvd.,Tsawassen,BC,T2F 8M4,Canada,SQLServer,551.25,735.0,183.75,8.0,False,False,487
10431,47,7.6,30.0,0.25,SQLServer,BOTTM,4,1997-01-30 00:00:00,1997-02-13,1997-02-07,2.0,44.17,Bottom-Dollar Markets,23 Tsawassen Blvd.,Tsawassen,BC,T2F 8M4,Canada,SQLServer,171.0,228.0,57.0,8.0,False,False,488
10432,26,24.9,10.0,0.0,SQLServer,SPLIR,3,1997-01-31 00:00:00,1997-02-14,1997-02-07,2.0,4.34,Split Rail Beer & Ale,P.O. Box 555,Lander,WY,82520,USA,SQLServer,249.0,249.0,0.0,7.0,False,False,489
10432,54,5.9,40.0,0.0,SQLServer,SPLIR,3,1997-01-31 00:00:00,1997-02-14,1997-02-07,2.0,4.34,Split Rail Beer & Ale,P.O. Box 555,Lander,WY,82520,USA,SQLServer,236.0,236.0,0.0,7.0,False,False,490
10433,56,30.4,28.0,0.0,SQLServer,PRINI,3,1997-02-03 00:00:00,1997-03-03,1997-03-04,3.0,73.83,Princesa Isabel Vinhos,Estrada da saúde n. 58,Lisboa,,1756,Portugal,SQLServer,851.2,851.2,0.0,29.0,True,False,491
10434,11,16.8,6.0,0.0,SQLServer,FOLKO,3,1997-02-03 00:00:00,1997-03-03,1997-02-13,2.0,17.92,Folk och fä HB,Åkergatan 24,Bräcke,,S-844 67,Sweden,SQLServer,100.8,100.8,0.0,10.0,False,False,492
10434,76,14.4,18.0,0.15000000596046448,SQLServer,FOLKO,3,1997-02-03 00:00:00,1997-03-03,1997-02-13,2.0,17.92,Folk och fä HB,Åkergatan 24,Bräcke,,S-844 67,Sweden,SQLServer,220.32,259.2,38.88,10.0,False,False,493
10435,2,15.2,10.0,0.0,SQLServer,CONSH,8,1997-02-04 00:00:00,1997-03-18,1997-02-07,2.0,9.21,Consolidated Holdings,Berkeley Gardens 12  Brewery,London,,WX1 6LT,UK,SQLServer,152.0,152.0,0.0,3.0,False,False,494
10435,22,16.8,12.0,0.0,SQLServer,CONSH,8,1997-02-04 00:00:00,1997-03-18,1997-02-07,2.0,9.21,Consolidated Holdings,Berkeley Gardens 12  Brewery,London,,WX1 6LT,UK,SQLServer,201.6,201.6,0.0,3.0,False,False,495
10435,72,27.8,10.0,0.0,SQLServer,CONSH,8,1997-02-04 00:00:00,1997-03-18,1997-02-07,2.0,9.21,Consolidated Holdings,Berkeley Gardens 12  Brewery,London,,WX1 6LT,UK,SQLServer,278.0,278.0,0.0,3.0,False,False,496
10436,46,9.6,5.0,0.0,SQLServer,BLONP,3,1997-02-05 00:00:00,1997-03-05,1997-02-11,2.0,156.66,Blondel père et fils,"24, place Kléber",Strasbourg,,67000,France,SQLServer,48.0,48.0,0.0,6.0,False,False,497
10436,56,30.4,40.0,0.10000000149011612,SQLServer,BLONP,3,1997-02-05 00:00:00,1997-03-05,1997-02-11,2.0,156.66,Blondel père et fils,"24, place Kléber",Strasbourg,,67000,France,SQLServer,1094.4,1216.0,121.6,6.0,False,False,498
10436,64,26.6,30.0,0.10000000149011612,SQLServer,BLONP,3,1997-02-05 00:00:00,1997-03-05,1997-02-11,2.0,156.66,Blondel père et fils,"24, place Kléber",Strasbourg,,67000,France,SQLServer,718.2,798.0,79.8,6.0,False,False,499
10436,75,6.2,24.0,0.10000000149011612,SQLServer,BLONP,3,1997-02-05 00:00:00,1997-03-05,1997-02-11,2.0,156.66,Blondel père et fils,"24, place Kléber",Strasbourg,,67000,France,SQLServer,133.92,148.8,14.88,6.0,False,False,500
10437,53,26.2,15.0,0.0,SQLServer,WARTH,8,1997-02-05 00:00:00,1997-03-05,1997-02-12,1.0,19.97,Wartian Herkku,Torikatu 38,Oulu,,90110,Finland,SQLServer,393.0,393.0,0.0,7.0,False,False,501
10438,19,7.3,15.0,0.20000000298023224,SQLServer,TOMSP,3,1997-02-06 00:00:00,1997-03-06,1997-02-14,2.0,8.24,Toms Spezialitäten,Luisenstr. 48,Münster,,44087,Germany,SQLServer,87.6,109.5,21.9,8.0,False,False,502
10438,34,11.2,20.0,0.20000000298023224,SQLServer,TOMSP,3,1997-02-06 00:00:00,1997-03-06,1997-02-14,2.0,8.24,Toms Spezialitäten,Luisenstr. 48,Münster,,44087,Germany,SQLServer,179.2,224.0,44.8,8.0,False,False,503
10438,57,15.6,15.0,0.20000000298023224,SQLServer,TOMSP,3,1997-02-06 00:00:00,1997-03-06,1997-02-14,2.0,8.24,Toms Spezialitäten,Luisenstr. 48,Münster,,44087,Germany,SQLServer,187.2,234.0,46.8,8.0,False,False,504
10439,12,30.4,15.0,0.0,SQLServer,MEREP,6,1997-02-07 00:00:00,1997-03-07,1997-02-10,3.0,4.07,Mère Paillarde,43 rue St. Laurent,Montréal,Québec,H1J 1C3,Canada,SQLServer,456.0,456.0,0.0,3.0,False,False,505
10439,16,13.9,16.0,0.0,SQLServer,MEREP,6,1997-02-07 00:00:00,1997-03-07,1997-02-10,3.0,4.07,Mère Paillarde,43 rue St. Laurent,Montréal,Québec,H1J 1C3,Canada,SQLServer,222.4,222.4,0.0,3.0,False,False,506
10439,64,26.6,6.0,0.0,SQLServer,MEREP,6,1997-02-07 00:00:00,1997-03-07,1997-02-10,3.0,4.07,Mère Paillarde,43 rue St. Laurent,Montréal,Québec,H1J 1C3,Canada,SQLServer,159.6,159.6,0.0,3.0,False,False,507
10439,74,8.0,30.0,0.0,SQLServer,MEREP,6,1997-02-07 00:00:00,1997-03-07,1997-02-10,3.0,4.07,Mère Paillarde,43 rue St. Laurent,Montréal,Québec,H1J 1C3,Canada,SQLServer,240.0,240.0,0.0,3.0,False,False,508
10440,2,15.2,45.0,0.15000000596046448,SQLServer,SAVEA,4,1997-02-10 00:00:00,1997-03-10,1997-02-28,2.0,86.53,Save-a-lot Markets,187 Suffolk Ln.,Boise,ID,83720,USA,SQLServer,581.4,684.0,102.6,18.0,False,False,509
10440,16,13.9,49.0,0.15000000596046448,SQLServer,SAVEA,4,1997-02-10 00:00:00,1997-03-10,1997-02-28,2.0,86.53,Save-a-lot Markets,187 Suffolk Ln.,Boise,ID,83720,USA,SQLServer,578.93,681.1,102.17,18.0,False,False,510
10440,29,99.0,24.0,0.15000000596046448,SQLServer,SAVEA,4,1997-02-10 00:00:00,1997-03-10,1997-02-28,2.0,86.53,Save-a-lot Markets,187 Suffolk Ln.,Boise,ID,83720,USA,SQLServer,2019.6,2376.0,356.4,18.0,False,False,511
10440,61,22.8,90.0,0.15000000596046448,SQLServer,SAVEA,4,1997-02-10 00:00:00,1997-03-10,1997-02-28,2.0,86.53,Save-a-lot Markets,187 Suffolk Ln.,Boise,ID,83720,USA,SQLServer,1744.2,2052.0,307.8,18.0,False,False,512
10441,27,35.1,50.0,0.0,SQLServer,OLDWO,3,1997-02-10 00:00:00,1997-03-24,1997-03-14,2.0,73.02,Old World Delicatessen,2743 Bering St.,Anchorage,AK,99508,USA,SQLServer,1755.0,1755.0,0.0,32.0,False,False,513
10442,11,16.8,30.0,0.0,SQLServer,ERNSH,3,1997-02-11 00:00:00,1997-03-11,1997-02-18,2.0,47.94,Ernst Handel,Kirchgasse 6,Graz,,8010,Austria,SQLServer,504.0,504.0,0.0,7.0,False,False,514
10442,54,5.9,80.0,0.0,SQLServer,ERNSH,3,1997-02-11 00:00:00,1997-03-11,1997-02-18,2.0,47.94,Ernst Handel,Kirchgasse 6,Graz,,8010,Austria,SQLServer,472.0,472.0,0.0,7.0,False,False,515
10442,66,13.6,60.0,0.0,SQLServer,ERNSH,3,1997-02-11 00:00:00,1997-03-11,1997-02-18,2.0,47.94,Ernst Handel,Kirchgasse 6,Graz,,8010,Austria,SQLServer,816.0,816.0,0.0,7.0,False,False,516
10443,11,16.8,6.0,0.20000000298023224,SQLServer,REGGC,8,1997-02-12 00:00:00,1997-03-12,1997-02-14,1.0,13.95,Reggiani Caseifici,Strada Provinciale 124,Reggio Emilia,,42100,Italy,SQLServer,80.64,100.8,20.16,2.0,False,False,517
10443,28,36.4,12.0,0.0,SQLServer,REGGC,8,1997-02-12 00:00:00,1997-03-12,1997-02-14,1.0,13.95,Reggiani Caseifici,Strada Provinciale 124,Reggio Emilia,,42100,Italy,SQLServer,436.8,436.8,0.0,2.0,False,False,518
10444,17,31.2,10.0,0.0,SQLServer,BERGS,3,1997-02-12 00:00:00,1997-03-12,1997-02-21,3.0,3.5,Berglunds snabbköp,Berguvsvägen  8,Luleå,,S-958 22,Sweden,SQLServer,312.0,312.0,0.0,9.0,False,False,519
10444,26,24.9,15.0,0.0,SQLServer,BERGS,3,1997-02-12 00:00:00,1997-03-12,1997-02-21,3.0,3.5,Berglunds snabbköp,Berguvsvägen  8,Luleå,,S-958 22,Sweden,SQLServer,373.5,373.5,0.0,9.0,False,False,520
10444,35,14.4,8.0,0.0,SQLServer,BERGS,3,1997-02-12 00:00:00,1997-03-12,1997-02-21,3.0,3.5,Berglunds snabbköp,Berguvsvägen  8,Luleå,,S-958 22,Sweden,SQLServer,115.2,115.2,0.0,9.0,False,False,521
10444,41,7.7,30.0,0.0,SQLServer,BERGS,3,1997-02-12 00:00:00,1997-03-12,1997-02-21,3.0,3.5,Berglunds snabbköp,Berguvsvägen  8,Luleå,,S-958 22,Sweden,SQLServer,231.0,231.0,0.0,9.0,False,False,522
10445,39,14.4,6.0,0.0,SQLServer,BERGS,3,1997-02-13 00:00:00,1997-03-13,1997-02-20,1.0,9.3,Berglunds snabbköp,Berguvsvägen  8,Luleå,,S-958 22,Sweden,SQLServer,86.4,86.4,0.0,7.0,False,False,523
10445,54,5.9,15.0,0.0,SQLServer,BERGS,3,1997-02-13 00:00:00,1997-03-13,1997-02-20,1.0,9.3,Berglunds snabbköp,Berguvsvägen  8,Luleå,,S-958 22,Sweden,SQLServer,88.5,88.5,0.0,7.0,False,False,524
10446,19,7.3,12.0,0.10000000149011612,SQLServer,TOMSP,6,1997-02-14 00:00:00,1997-03-14,1997-02-19,1.0,14.68,Toms Spezialitäten,Luisenstr. 48,Münster,,44087,Germany,SQLServer,78.84,87.6,8.76,5.0,False,False,525
10446,24,3.6,20.0,0.10000000149011612,SQLServer,TOMSP,6,1997-02-14 00:00:00,1997-03-14,1997-02-19,1.0,14.68,Toms Spezialitäten,Luisenstr. 48,Münster,,44087,Germany,SQLServer,64.8,72.0,7.2,5.0,False,False,526
10446,31,10.0,3.0,0.10000000149011612,SQLServer,TOMSP,6,1997-02-14 00:00:00,1997-03-14,1997-02-19,1.0,14.68,Toms Spezialitäten,Luisenstr. 48,Münster,,44087,Germany,SQLServer,27.0,30.0,3.0,5.0,False,False,527
10446,52,5.6,15.0,0.10000000149011612,SQLServer,TOMSP,6,1997-02-14 00:00:00,1997-03-14,1997-02-19,1.0,14.68,Toms Spezialitäten,Luisenstr. 48,Münster,,44087,Germany,SQLServer,75.6,84.0,8.4,5.0,False,False,528
10447,19,7.3,40.0,0.0,SQLServer,RICAR,4,1997-02-14 00:00:00,1997-03-14,1997-03-07,2.0,68.66,Ricardo Adocicados,"Av. Copacabana, 267",Rio de Janeiro,RJ,02389-890,Brazil,SQLServer,292.0,292.0,0.0,21.0,False,False,529
10447,65,16.8,35.0,0.0,SQLServer,RICAR,4,1997-02-14 00:00:00,1997-03-14,1997-03-07,2.0,68.66,Ricardo Adocicados,"Av. Copacabana, 267",Rio de Janeiro,RJ,02389-890,Brazil,SQLServer,588.0,588.0,0.0,21.0,False,False,530
10447,71,17.2,2.0,0.0,SQLServer,RICAR,4,1997-02-14 00:00:00,1997-03-14,1997-03-07,2.0,68.66,Ricardo Adocicados,"Av. Copacabana, 267",Rio de Janeiro,RJ,02389-890,Brazil,SQLServer,34.4,34.4,0.0,21.0,False,False,531
10448,26,24.9,6.0,0.0,SQLServer,RANCH,4,1997-02-17 00:00:00,1997-03-17,1997-02-24,2.0,38.82,Rancho grande,Av. del Libertador 900,Buenos Aires,,1010,Argentina,SQLServer,149.4,149.4,0.0,7.0,False,False,532
10448,40,14.7,20.0,0.0,SQLServer,RANCH,4,1997-02-17 00:00:00,1997-03-17,1997-02-24,2.0,38.82,Rancho grande,Av. del Libertador 900,Buenos Aires,,1010,Argentina,SQLServer,294.0,294.0,0.0,7.0,False,False,533
10449,10,24.8,14.0,0.0,SQLServer,BLONP,3,1997-02-18 00:00:00,1997-03-18,1997-02-27,2.0,53.3,Blondel père et fils,"24, place Kléber",Strasbourg,,67000,France,SQLServer,347.2,347.2,0.0,9.0,False,False,534
10449,52,5.6,20.0,0.0,SQLServer,BLONP,3,1997-02-18 00:00:00,1997-03-18,1997-02-27,2.0,53.3,Blondel père et fils,"24, place Kléber",Strasbourg,,67000,France,SQLServer,112.0,112.0,0.0,9.0,False,False,535
10449,62,39.4,35.0,0.0,SQLServer,BLONP,3,1997-02-18 00:00:00,1997-03-18,1997-02-27,2.0,53.3,Blondel père et fils,"24, place Kléber",Strasbourg,,67000,France,SQLServer,1379.0,1379.0,0.0,9.0,False,False,536
10450,10,24.8,20.0,0.20000000298023224,SQLServer,VICTE,8,1997-02-19 00:00:00,1997-03-19,1997-03-11,2.0,7.23,Victuailles en stock,"2, rue du Commerce",Lyon,,69004,France,SQLServer,396.8,496.0,99.2,20.0,False,False,537
10450,54,5.9,6.0,0.20000000298023224,SQLServer,VICTE,8,1997-02-19 00:00:00,1997-03-19,1997-03-11,2.0,7.23,Victuailles en stock,"2, rue du Commerce",Lyon,,69004,France,SQLServer,28.32,35.4,7.08,20.0,False,False,538
10451,55,19.2,120.0,0.10000000149011612,SQLServer,QUICK,4,1997-02-19 00:00:00,1997-03-05,1997-03-12,3.0,189.09,QUICK-Stop,Taucherstraße 10,Cunewalde,,01307,Germany,SQLServer,2073.6,2304.0,230.4,21.0,True,False,539
10451,64,26.6,35.0,0.10000000149011612,SQLServer,QUICK,4,1997-02-19 00:00:00,1997-03-05,1997-03-12,3.0,189.09,QUICK-Stop,Taucherstraße 10,Cunewalde,,01307,Germany,SQLServer,837.9,931.0,93.1,21.0,True,False,540
10451,65,16.8,28.0,0.10000000149011612,SQLServer,QUICK,4,1997-02-19 00:00:00,1997-03-05,1997-03-12,3.0,189.09,QUICK-Stop,Taucherstraße 10,Cunewalde,,01307,Germany,SQLServer,423.36,470.4,47.04,21.0,True,False,541
10451,77,10.4,55.0,0.10000000149011612,SQLServer,QUICK,4,1997-02-19 00:00:00,1997-03-05,1997-03-12,3.0,189.09,QUICK-Stop,Taucherstraße 10,Cunewalde,,01307,Germany,SQLServer,514.8,572.0,57.2,21.0,True,False,542
10452,28,36.4,15.0,0.0,SQLServer,SAVEA,8,1997-02-20 00:00:00,1997-03-20,1997-02-26,1.0,140.26,Save-a-lot Markets,187 Suffolk Ln.,Boise,ID,83720,USA,SQLServer,546.0,546.0,0.0,6.0,False,False,543
10452,44,15.5,100.0,0.05000000074505806,SQLServer,SAVEA,8,1997-02-20 00:00:00,1997-03-20,1997-02-26,1.0,140.26,Save-a-lot Markets,187 Suffolk Ln.,Boise,ID,83720,USA,SQLServer,1472.5,1550.0,77.5,6.0,False,False,544
10453,48,10.2,15.0,0.10000000149011612,SQLServer,AROUT,1,1997-02-21 00:00:00,1997-03-21,1997-02-26,2.0,25.36,Around the Horn,Brook Farm Stratford St. Mary,Colchester,Essex,CO7 6JX,UK,SQLServer,137.7,153.0,15.3,5.0,False,False,545
10453,70,12.0,25.0,0.10000000149011612,SQLServer,AROUT,1,1997-02-21 00:00:00,1997-03-21,1997-02-26,2.0,25.36,Around the Horn,Brook Farm Stratford St. Mary,Colchester,Essex,CO7 6JX,UK,SQLServer,270.0,300.0,30.0,5.0,False,False,546
10454,16,13.9,20.0,0.20000000298023224,SQLServer,LAMAI,4,1997-02-21 00:00:00,1997-03-21,1997-02-25,3.0,2.74,La maison d'Asie,1 rue Alsace-Lorraine,Toulouse,,31000,France,SQLServer,222.4,278.0,55.6,4.0,False,False,547
10454,33,2.0,20.0,0.20000000298023224,SQLServer,LAMAI,4,1997-02-21 00:00:00,1997-03-21,1997-02-25,3.0,2.74,La maison d'Asie,1 rue Alsace-Lorraine,Toulouse,,31000,France,SQLServer,32.0,40.0,8.0,4.0,False,False,548
10454,46,9.6,10.0,0.20000000298023224,SQLServer,LAMAI,4,1997-02-21 00:00:00,1997-03-21,1997-02-25,3.0,2.74,La maison d'Asie,1 rue Alsace-Lorraine,Toulouse,,31000,France,SQLServer,76.8,96.0,19.2,4.0,False,False,549
10455,39,14.4,20.0,0.0,SQLServer,WARTH,8,1997-02-24 00:00:00,1997-04-07,1997-03-03,2.0,180.45,Wartian Herkku,Torikatu 38,Oulu,,90110,Finland,SQLServer,288.0,288.0,0.0,7.0,False,False,550
10455,53,26.2,50.0,0.0,SQLServer,WARTH,8,1997-02-24 00:00:00,1997-04-07,1997-03-03,2.0,180.45,Wartian Herkku,Torikatu 38,Oulu,,90110,Finland,SQLServer,1310.0,1310.0,0.0,7.0,False,False,551
10455,61,22.8,25.0,0.0,SQLServer,WARTH,8,1997-02-24 00:00:00,1997-04-07,1997-03-03,2.0,180.45,Wartian Herkku,Torikatu 38,Oulu,,90110,Finland,SQLServer,570.0,570.0,0.0,7.0,False,False,552
10455,71,17.2,30.0,0.0,SQLServer,WARTH,8,1997-02-24 00:00:00,1997-04-07,1997-03-03,2.0,180.45,Wartian Herkku,Torikatu 38,Oulu,,90110,Finland,SQLServer,516.0,516.0,0.0,7.0,False,False,553
10456,21,8.0,40.0,0.15000000596046448,SQLServer,KOENE,8,1997-02-25 00:00:00,1997-04-08,1997-02-28,2.0,8.12,Königlich Essen,Maubelstr. 90,Brandenburg,,14776,Germany,SQLServer,272.0,320.0,48.0,3.0,False,False,554
10456,49,16.0,21.0,0.15000000596046448,SQLServer,KOENE,8,1997-02-25 00:00:00,1997-04-08,1997-02-28,2.0,8.12,Königlich Essen,Maubelstr. 90,Brandenburg,,14776,Germany,SQLServer,285.6,336.0,50.4,3.0,False,False,555
10457,59,44.0,36.0,0.0,SQLServer,KOENE,2,1997-02-25 00:00:00,1997-03-25,1997-03-03,1.0,11.57,Königlich Essen,Maubelstr. 90,Brandenburg,,14776,Germany,SQLServer,1584.0,1584.0,0.0,6.0,False,False,556
10458,26,24.9,30.0,0.0,SQLServer,SUPRD,7,1997-02-26 00:00:00,1997-03-26,1997-03-04,3.0,147.06,Suprêmes délices,"Boulevard Tirou, 255",Charleroi,,B-6000,Belgium,SQLServer,747.0,747.0,0.0,6.0,False,False,557
10458,28,36.4,30.0,0.0,SQLServer,SUPRD,7,1997-02-26 00:00:00,1997-03-26,1997-03-04,3.0,147.06,Suprêmes délices,"Boulevard Tirou, 255",Charleroi,,B-6000,Belgium,SQLServer,1092.0,1092.0,0.0,6.0,False,False,558
10458,43,36.8,20.0,0.0,SQLServer,SUPRD,7,1997-02-26 00:00:00,1997-03-26,1997-03-04,3.0,147.06,Suprêmes délices,"Boulevard Tirou, 255",Charleroi,,B-6000,Belgium,SQLServer,736.0,736.0,0.0,6.0,False,False,559
10458,56,30.4,15.0,0.0,SQLServer,SUPRD,7,1997-02-26 00:00:00,1997-03-26,1997-03-04,3.0,147.06,Suprêmes délices,"Boulevard Tirou, 255",Charleroi,,B-6000,Belgium,SQLServer,456.0,456.0,0.0,6.0,False,False,560
10458,71,17.2,50.0,0.0,SQLServer,SUPRD,7,1997-02-26 00:00:00,1997-03-26,1997-03-04,3.0,147.06,Suprêmes délices,"Boulevard Tirou, 255",Charleroi,,B-6000,Belgium,SQLServer,860.0,860.0,0.0,6.0,False,False,561
10459,7,24.0,16.0,0.05000000074505806,SQLServer,VICTE,4,1997-02-27 00:00:00,1997-03-27,1997-02-28,2.0,25.09,Victuailles en stock,"2, rue du Commerce",Lyon,,69004,France,SQLServer,364.8,384.0,19.2,1.0,False,False,562
10459,46,9.6,20.0,0.05000000074505806,SQLServer,VICTE,4,1997-02-27 00:00:00,1997-03-27,1997-02-28,2.0,25.09,Victuailles en stock,"2, rue du Commerce",Lyon,,69004,France,SQLServer,182.4,192.0,9.6,1.0,False,False,563
10459,72,27.8,40.0,0.0,SQLServer,VICTE,4,1997-02-27 00:00:00,1997-03-27,1997-02-28,2.0,25.09,Victuailles en stock,"2, rue du Commerce",Lyon,,69004,France,SQLServer,1112.0,1112.0,0.0,1.0,False,False,564
10460,68,10.0,21.0,0.25,SQLServer,FOLKO,8,1997-02-28 00:00:00,1997-03-28,1997-03-03,1.0,16.27,Folk och fä HB,Åkergatan 24,Bräcke,,S-844 67,Sweden,SQLServer,157.5,210.0,52.5,3.0,False,False,565
10460,75,6.2,4.0,0.25,SQLServer,FOLKO,8,1997-02-28 00:00:00,1997-03-28,1997-03-03,1.0,16.27,Folk och fä HB,Åkergatan 24,Bräcke,,S-844 67,Sweden,SQLServer,18.6,24.8,6.2,3.0,False,False,566
10461,21,8.0,40.0,0.25,SQLServer,LILAS,1,1997-02-28 00:00:00,1997-03-28,1997-03-05,3.0,148.61,LILA-Supermercado,Carrera 52 con Ave. Bolívar #65-98 Llano Largo,Barquisimeto,Lara,3508,Venezuela,SQLServer,240.0,320.0,80.0,5.0,False,False,567
10461,30,20.7,28.0,0.25,SQLServer,LILAS,1,1997-02-28 00:00:00,1997-03-28,1997-03-05,3.0,148.61,LILA-Supermercado,Carrera 52 con Ave. Bolívar #65-98 Llano Largo,Barquisimeto,Lara,3508,Venezuela,SQLServer,434.7,579.6,144.9,5.0,False,False,568
10461,55,19.2,60.0,0.25,SQLServer,LILAS,1,1997-02-28 00:00:00,1997-03-28,1997-03-05,3.0,148.61,LILA-Supermercado,Carrera 52 con Ave. Bolívar #65-98 Llano Largo,Barquisimeto,Lara,3508,Venezuela,SQLServer,864.0,1152.0,288.0,5.0,False,False,569
10462,13,4.8,1.0,0.0,SQLServer,CONSH,2,1997-03-03 00:00:00,1997-03-31,1997-03-18,1.0,6.17,Consolidated Holdings,Berkeley Gardens 12  Brewery,London,,WX1 6LT,UK,SQLServer,4.8,4.8,0.0,15.0,False,False,570
10462,23,7.2,21.0,0.0,SQLServer,CONSH,2,1997-03-03 00:00:00,1997-03-31,1997-03-18,1.0,6.17,Consolidated Holdings,Berkeley Gardens 12  Brewery,London,,WX1 6LT,UK,SQLServer,151.2,151.2,0.0,15.0,False,False,571
10463,19,7.3,21.0,0.0,SQLServer,SUPRD,5,1997-03-04 00:00:00,1997-04-01,1997-03-06,3.0,14.78,Suprêmes délices,"Boulevard Tirou, 255",Charleroi,,B-6000,Belgium,SQLServer,153.3,153.3,0.0,2.0,False,False,572
10463,42,11.2,50.0,0.0,SQLServer,SUPRD,5,1997-03-04 00:00:00,1997-04-01,1997-03-06,3.0,14.78,Suprêmes délices,"Boulevard Tirou, 255",Charleroi,,B-6000,Belgium,SQLServer,560.0,560.0,0.0,2.0,False,False,573
10464,4,17.6,16.0,0.20000000298023224,SQLServer,FURIB,4,1997-03-04 00:00:00,1997-04-01,1997-03-14,2.0,89.0,Furia Bacalhau e Frutos do Mar,Jardim das rosas n. 32,Lisboa,,1675,Portugal,SQLServer,225.28,281.6,56.32,10.0,False,False,574
10464,43,36.8,3.0,0.0,SQLServer,FURIB,4,1997-03-04 00:00:00,1997-04-01,1997-03-14,2.0,89.0,Furia Bacalhau e Frutos do Mar,Jardim das rosas n. 32,Lisboa,,1675,Portugal,SQLServer,110.4,110.4,0.0,10.0,False,False,575
10464,56,30.4,30.0,0.20000000298023224,SQLServer,FURIB,4,1997-03-04 00:00:00,1997-04-01,1997-03-14,2.0,89.0,Furia Bacalhau e Frutos do Mar,Jardim das rosas n. 32,Lisboa,,1675,Portugal,SQLServer,729.6,912.0,182.4,10.0,False,False,576
10464,60,27.2,20.0,0.0,SQLServer,FURIB,4,1997-03-04 00:00:00,1997-04-01,1997-03-14,2.0,89.0,Furia Bacalhau e Frutos do Mar,Jardim das rosas n. 32,Lisboa,,1675,Portugal,SQLServer,544.0,544.0,0.0,10.0,False,False,577
10465,24,3.6,25.0,0.0,SQLServer,VAFFE,1,1997-03-05 00:00:00,1997-04-02,1997-03-14,3.0,145.04,Vaffeljernet,Smagsloget 45,Århus,,8200,Denmark,SQLServer,90.0,90.0,0.0,9.0,False,False,578
10465,29,99.0,18.0,0.10000000149011612,SQLServer,VAFFE,1,1997-03-05 00:00:00,1997-04-02,1997-03-14,3.0,145.04,Vaffeljernet,Smagsloget 45,Århus,,8200,Denmark,SQLServer,1603.8,1782.0,178.2,9.0,False,False,579
10465,40,14.7,20.0,0.0,SQLServer,VAFFE,1,1997-03-05 00:00:00,1997-04-02,1997-03-14,3.0,145.04,Vaffeljernet,Smagsloget 45,Århus,,8200,Denmark,SQLServer,294.0,294.0,0.0,9.0,False,False,580
10465,45,7.6,30.0,0.10000000149011612,SQLServer,VAFFE,1,1997-03-05 00:00:00,1997-04-02,1997-03-14,3.0,145.04,Vaffeljernet,Smagsloget 45,Århus,,8200,Denmark,SQLServer,205.2,228.0,22.8,9.0,False,False,581
10465,50,13.0,25.0,0.0,SQLServer,VAFFE,1,1997-03-05 00:00:00,1997-04-02,1997-03-14,3.0,145.04,Vaffeljernet,Smagsloget 45,Århus,,8200,Denmark,SQLServer,325.0,325.0,0.0,9.0,False,False,582
10466,11,16.8,10.0,0.0,SQLServer,COMMI,4,1997-03-06 00:00:00,1997-04-03,1997-03-13,1.0,11.93,Comércio Mineiro,"Av. dos Lusíadas, 23",Sao Paulo,SP,05432-043,Brazil,SQLServer,168.0,168.0,0.0,7.0,False,False,583
10466,46,9.6,5.0,0.0,SQLServer,COMMI,4,1997-03-06 00:00:00,1997-04-03,1997-03-13,1.0,11.93,Comércio Mineiro,"Av. dos Lusíadas, 23",Sao Paulo,SP,05432-043,Brazil,SQLServer,48.0,48.0,0.0,7.0,False,False,584
10467,24,3.6,28.0,0.0,SQLServer,MAGAA,8,1997-03-06 00:00:00,1997-04-03,1997-03-11,2.0,4.93,Magazzini Alimentari Riuniti,Via Ludovico il Moro 22,Bergamo,,24100,Italy,SQLServer,100.8,100.8,0.0,5.0,False,False,585
10467,25,11.2,12.0,0.0,SQLServer,MAGAA,8,1997-03-06 00:00:00,1997-04-03,1997-03-11,2.0,4.93,Magazzini Alimentari Riuniti,Via Ludovico il Moro 22,Bergamo,,24100,Italy,SQLServer,134.4,134.4,0.0,5.0,False,False,586
10468,30,20.7,8.0,0.0,SQLServer,KOENE,3,1997-03-07 00:00:00,1997-04-04,1997-03-12,3.0,44.12,Königlich Essen,Maubelstr. 90,Brandenburg,,14776,Germany,SQLServer,165.6,165.6,0.0,5.0,False,False,587
10468,43,36.8,15.0,0.0,SQLServer,KOENE,3,1997-03-07 00:00:00,1997-04-04,1997-03-12,3.0,44.12,Königlich Essen,Maubelstr. 90,Brandenburg,,14776,Germany,SQLServer,552.0,552.0,0.0,5.0,False,False,588
10469,2,15.2,40.0,0.15000000596046448,SQLServer,WHITC,1,1997-03-10 00:00:00,1997-04-07,1997-03-14,1.0,60.18,White Clover Markets,1029 - 12th Ave. S.,Seattle,WA,98124,USA,SQLServer,516.8,608.0,91.2,4.0,False,False,589
10469,16,13.9,35.0,0.15000000596046448,SQLServer,WHITC,1,1997-03-10 00:00:00,1997-04-07,1997-03-14,1.0,60.18,White Clover Markets,1029 - 12th Ave. S.,Seattle,WA,98124,USA,SQLServer,413.52,486.5,72.98,4.0,False,False,590
10469,44,15.5,2.0,0.15000000596046448,SQLServer,WHITC,1,1997-03-10 00:00:00,1997-04-07,1997-03-14,1.0,60.18,White Clover Markets,1029 - 12th Ave. S.,Seattle,WA,98124,USA,SQLServer,26.35,31.0,4.65,4.0,False,False,591
10470,18,50.0,30.0,0.0,SQLServer,BONAP,4,1997-03-11 00:00:00,1997-04-08,1997-03-14,2.0,64.56,Bon app',"12, rue des Bouchers",Marseille,,13008,France,SQLServer,1500.0,1500.0,0.0,3.0,False,False,592
10470,23,7.2,15.0,0.0,SQLServer,BONAP,4,1997-03-11 00:00:00,1997-04-08,1997-03-14,2.0,64.56,Bon app',"12, rue des Bouchers",Marseille,,13008,France,SQLServer,108.0,108.0,0.0,3.0,False,False,593
10470,64,26.6,8.0,0.0,SQLServer,BONAP,4,1997-03-11 00:00:00,1997-04-08,1997-03-14,2.0,64.56,Bon app',"12, rue des Bouchers",Marseille,,13008,France,SQLServer,212.8,212.8,0.0,3.0,False,False,594
10471,7,24.0,30.0,0.0,SQLServer,BSBEV,2,1997-03-11 00:00:00,1997-04-08,1997-03-18,3.0,45.59,B's Beverages,Fauntleroy Circus,London,,EC2 5NT,UK,SQLServer,720.0,720.0,0.0,7.0,False,False,595
10471,56,30.4,20.0,0.0,SQLServer,BSBEV,2,1997-03-11 00:00:00,1997-04-08,1997-03-18,3.0,45.59,B's Beverages,Fauntleroy Circus,London,,EC2 5NT,UK,SQLServer,608.0,608.0,0.0,7.0,False,False,596
10472,24,3.6,80.0,0.05000000074505806,SQLServer,SEVES,8,1997-03-12 00:00:00,1997-04-09,1997-03-19,1.0,4.2,Seven Seas Imports,90 Wadhurst Rd.,London,,OX15 4NB,UK,SQLServer,273.6,288.0,14.4,7.0,False,False,597
10472,51,42.4,18.0,0.0,SQLServer,SEVES,8,1997-03-12 00:00:00,1997-04-09,1997-03-19,1.0,4.2,Seven Seas Imports,90 Wadhurst Rd.,London,,OX15 4NB,UK,SQLServer,763.2,763.2,0.0,7.0,False,False,598
10473,33,2.0,12.0,0.0,SQLServer,ISLAT,1,1997-03-13 00:00:00,1997-03-27,1997-03-21,3.0,16.37,Island Trading,Garden House Crowther Way,Cowes,Isle of Wight,PO31 7PJ,UK,SQLServer,24.0,24.0,0.0,8.0,False,False,599
10473,71,17.2,12.0,0.0,SQLServer,ISLAT,1,1997-03-13 00:00:00,1997-03-27,1997-03-21,3.0,16.37,Island Trading,Garden House Crowther Way,Cowes,Isle of Wight,PO31 7PJ,UK,SQLServer,206.4,206.4,0.0,8.0,False,False,600
10474,14,18.6,12.0,0.0,SQLServer,PERIC,5,1997-03-13 00:00:00,1997-04-10,1997-03-21,2.0,83.49,Pericles Comidas clásicas,Calle Dr. Jorge Cash 321,México D.F.,,05033,Mexico,SQLServer,223.2,223.2,0.0,8.0,False,False,601
10474,28,36.4,18.0,0.0,SQLServer,PERIC,5,1997-03-13 00:00:00,1997-04-10,1997-03-21,2.0,83.49,Pericles Comidas clásicas,Calle Dr. Jorge Cash 321,México D.F.,,05033,Mexico,SQLServer,655.2,655.2,0.0,8.0,False,False,602
10474,40,14.7,21.0,0.0,SQLServer,PERIC,5,1997-03-13 00:00:00,1997-04-10,1997-03-21,2.0,83.49,Pericles Comidas clásicas,Calle Dr. Jorge Cash 321,México D.F.,,05033,Mexico,SQLServer,308.7,308.7,0.0,8.0,False,False,603
10474,75,6.2,10.0,0.0,SQLServer,PERIC,5,1997-03-13 00:00:00,1997-04-10,1997-03-21,2.0,83.49,Pericles Comidas clásicas,Calle Dr. Jorge Cash 321,México D.F.,,05033,Mexico,SQLServer,62.0,62.0,0.0,8.0,False,False,604
10475,31,10.0,35.0,0.15000000596046448,SQLServer,SUPRD,9,1997-03-14 00:00:00,1997-04-11,1997-04-04,1.0,68.52,Suprêmes délices,"Boulevard Tirou, 255",Charleroi,,B-6000,Belgium,SQLServer,297.5,350.0,52.5,21.0,False,False,605
10475,66,13.6,60.0,0.15000000596046448,SQLServer,SUPRD,9,1997-03-14 00:00:00,1997-04-11,1997-04-04,1.0,68.52,Suprêmes délices,"Boulevard Tirou, 255",Charleroi,,B-6000,Belgium,SQLServer,693.6,816.0,122.4,21.0,False,False,606
10475,76,14.4,42.0,0.15000000596046448,SQLServer,SUPRD,9,1997-03-14 00:00:00,1997-04-11,1997-04-04,1.0,68.52,Suprêmes délices,"Boulevard Tirou, 255",Charleroi,,B-6000,Belgium,SQLServer,514.08,604.8,90.72,21.0,False,False,607
10476,55,19.2,2.0,0.05000000074505806,SQLServer,HILAA,8,1997-03-17 00:00:00,1997-04-14,1997-03-24,3.0,4.41,HILARION-Abastos,Carrera 22 con Ave. Carlos Soublette #8-35,San Cristóbal,Táchira,5022,Venezuela,SQLServer,36.48,38.4,1.92,7.0,False,False,608
10476,70,12.0,12.0,0.0,SQLServer,HILAA,8,1997-03-17 00:00:00,1997-04-14,1997-03-24,3.0,4.41,HILARION-Abastos,Carrera 22 con Ave. Carlos Soublette #8-35,San Cristóbal,Táchira,5022,Venezuela,SQLServer,144.0,144.0,0.0,7.0,False,False,609
10477,1,14.4,15.0,0.0,SQLServer,PRINI,5,1997-03-17 00:00:00,1997-04-14,1997-03-25,2.0,13.02,Princesa Isabel Vinhos,Estrada da saúde n. 58,Lisboa,,1756,Portugal,SQLServer,216.0,216.0,0.0,8.0,False,False,610
10477,21,8.0,21.0,0.25,SQLServer,PRINI,5,1997-03-17 00:00:00,1997-04-14,1997-03-25,2.0,13.02,Princesa Isabel Vinhos,Estrada da saúde n. 58,Lisboa,,1756,Portugal,SQLServer,126.0,168.0,42.0,8.0,False,False,611
10477,39,14.4,20.0,0.25,SQLServer,PRINI,5,1997-03-17 00:00:00,1997-04-14,1997-03-25,2.0,13.02,Princesa Isabel Vinhos,Estrada da saúde n. 58,Lisboa,,1756,Portugal,SQLServer,216.0,288.0,72.0,8.0,False,False,612
10478,10,24.8,20.0,0.05000000074505806,SQLServer,VICTE,2,1997-03-18 00:00:00,1997-04-01,1997-03-26,3.0,4.81,Victuailles en stock,"2, rue du Commerce",Lyon,,69004,France,SQLServer,471.2,496.0,24.8,8.0,False,False,613
10479,38,210.8,30.0,0.0,SQLServer,RATTC,3,1997-03-19 00:00:00,1997-04-16,1997-03-21,3.0,708.95,Rattlesnake Canyon Grocery,2817 Milton Dr.,Albuquerque,NM,87110,USA,SQLServer,6324.0,6324.0,0.0,2.0,False,True,614
10479,53,26.2,28.0,0.0,SQLServer,RATTC,3,1997-03-19 00:00:00,1997-04-16,1997-03-21,3.0,708.95,Rattlesnake Canyon Grocery,2817 Milton Dr.,Albuquerque,NM,87110,USA,SQLServer,733.6,733.6,0.0,2.0,False,True,615
10479,59,44.0,60.0,0.0,SQLServer,RATTC,3,1997-03-19 00:00:00,1997-04-16,1997-03-21,3.0,708.95,Rattlesnake Canyon Grocery,2817 Milton Dr.,Albuquerque,NM,87110,USA,SQLServer,2640.0,2640.0,0.0,2.0,False,True,616
10479,64,26.6,30.0,0.0,SQLServer,RATTC,3,1997-03-19 00:00:00,1997-04-16,1997-03-21,3.0,708.95,Rattlesnake Canyon Grocery,2817 Milton Dr.,Albuquerque,NM,87110,USA,SQLServer,798.0,798.0,0.0,2.0,False,True,617
10480,47,7.6,30.0,0.0,SQLServer,FOLIG,6,1997-03-20 00:00:00,1997-04-17,1997-03-24,2.0,1.35,Folies gourmandes,"184, chaussée de Tournai",Lille,,59000,France,SQLServer,228.0,228.0,0.0,4.0,False,False,618
10480,59,44.0,12.0,0.0,SQLServer,FOLIG,6,1997-03-20 00:00:00,1997-04-17,1997-03-24,2.0,1.35,Folies gourmandes,"184, chaussée de Tournai",Lille,,59000,France,SQLServer,528.0,528.0,0.0,4.0,False,False,619
10481,49,16.0,24.0,0.0,SQLServer,RICAR,8,1997-03-20 00:00:00,1997-04-17,1997-03-25,2.0,64.33,Ricardo Adocicados,"Av. Copacabana, 267",Rio de Janeiro,RJ,02389-890,Brazil,SQLServer,384.0,384.0,0.0,5.0,False,False,620
10481,60,27.2,40.0,0.0,SQLServer,RICAR,8,1997-03-20 00:00:00,1997-04-17,1997-03-25,2.0,64.33,Ricardo Adocicados,"Av. Copacabana, 267",Rio de Janeiro,RJ,02389-890,Brazil,SQLServer,1088.0,1088.0,0.0,5.0,False,False,621
10482,40,14.7,10.0,0.0,SQLServer,LAZYK,1,1997-03-21 00:00:00,1997-04-18,1997-04-10,3.0,7.48,Lazy K Kountry Store,12 Orchestra Terrace,Walla Walla,WA,99362,USA,SQLServer,147.0,147.0,0.0,20.0,False,False,622
10483,34,11.2,35.0,0.05000000074505806,SQLServer,WHITC,7,1997-03-24 00:00:00,1997-04-21,1997-04-25,2.0,15.28,White Clover Markets,1029 - 12th Ave. S.,Seattle,WA,98124,USA,SQLServer,372.4,392.0,19.6,32.0,True,False,623
10483,77,10.4,30.0,0.05000000074505806,SQLServer,WHITC,7,1997-03-24 00:00:00,1997-04-21,1997-04-25,2.0,15.28,White Clover Markets,1029 - 12th Ave. S.,Seattle,WA,98124,USA,SQLServer,296.4,312.0,15.6,32.0,True,False,624
10484,21,8.0,14.0,0.0,SQLServer,BSBEV,3,1997-03-24 00:00:00,1997-04-21,1997-04-01,3.0,6.88,B's Beverages,Fauntleroy Circus,London,,EC2 5NT,UK,SQLServer,112.0,112.0,0.0,8.0,False,False,625
10484,40,14.7,10.0,0.0,SQLServer,BSBEV,3,1997-03-24 00:00:00,1997-04-21,1997-04-01,3.0,6.88,B's Beverages,Fauntleroy Circus,London,,EC2 5NT,UK,SQLServer,147.0,147.0,0.0,8.0,False,False,626
10484,51,42.4,3.0,0.0,SQLServer,BSBEV,3,1997-03-24 00:00:00,1997-04-21,1997-04-01,3.0,6.88,B's Beverages,Fauntleroy Circus,London,,EC2 5NT,UK,SQLServer,127.2,127.2,0.0,8.0,False,False,627
10485,2,15.2,20.0,0.10000000149011612,SQLServer,LINOD,4,1997-03-25 00:00:00,1997-04-08,1997-03-31,2.0,64.45,LINO-Delicateses,Ave. 5 de Mayo Porlamar,I. de Margarita,Nueva Esparta,4980,Venezuela,SQLServer,273.6,304.0,30.4,6.0,False,False,628
10485,3,8.0,20.0,0.10000000149011612,SQLServer,LINOD,4,1997-03-25 00:00:00,1997-04-08,1997-03-31,2.0,64.45,LINO-Delicateses,Ave. 5 de Mayo Porlamar,I. de Margarita,Nueva Esparta,4980,Venezuela,SQLServer,144.0,160.0,16.0,6.0,False,False,629
10485,55,19.2,30.0,0.10000000149011612,SQLServer,LINOD,4,1997-03-25 00:00:00,1997-04-08,1997-03-31,2.0,64.45,LINO-Delicateses,Ave. 5 de Mayo Porlamar,I. de Margarita,Nueva Esparta,4980,Venezuela,SQLServer,518.4,576.0,57.6,6.0,False,False,630
10485,70,12.0,60.0,0.10000000149011612,SQLServer,LINOD,4,1997-03-25 00:00:00,1997-04-08,1997-03-31,2.0,64.45,LINO-Delicateses,Ave. 5 de Mayo Porlamar,I. de Margarita,Nueva Esparta,4980,Venezuela,SQLServer,648.0,720.0,72.0,6.0,False,False,631
10486,11,16.8,5.0,0.0,SQLServer,HILAA,1,1997-03-26 00:00:00,1997-04-23,1997-04-02,2.0,30.53,HILARION-Abastos,Carrera 22 con Ave. Carlos Soublette #8-35,San Cristóbal,Táchira,5022,Venezuela,SQLServer,84.0,84.0,0.0,7.0,False,False,632
10486,51,42.4,25.0,0.0,SQLServer,HILAA,1,1997-03-26 00:00:00,1997-04-23,1997-04-02,2.0,30.53,HILARION-Abastos,Carrera 22 con Ave. Carlos Soublette #8-35,San Cristóbal,Táchira,5022,Venezuela,SQLServer,1060.0,1060.0,0.0,7.0,False,False,633
10486,74,8.0,16.0,0.0,SQLServer,HILAA,1,1997-03-26 00:00:00,1997-04-23,1997-04-02,2.0,30.53,HILARION-Abastos,Carrera 22 con Ave. Carlos Soublette #8-35,San Cristóbal,Táchira,5022,Venezuela,SQLServer,128.0,128.0,0.0,7.0,False,False,634
10487,19,7.3,5.0,0.0,SQLServer,QUEEN,2,1997-03-26 00:00:00,1997-04-23,1997-03-28,2.0,71.07,Queen Cozinha,"Alameda dos Canàrios, 891",Sao Paulo,SP,05487-020,Brazil,SQLServer,36.5,36.5,0.0,2.0,False,False,635
10487,26,24.9,30.0,0.0,SQLServer,QUEEN,2,1997-03-26 00:00:00,1997-04-23,1997-03-28,2.0,71.07,Queen Cozinha,"Alameda dos Canàrios, 891",Sao Paulo,SP,05487-020,Brazil,SQLServer,747.0,747.0,0.0,2.0,False,False,636
10487,54,5.9,24.0,0.25,SQLServer,QUEEN,2,1997-03-26 00:00:00,1997-04-23,1997-03-28,2.0,71.07,Queen Cozinha,"Alameda dos Canàrios, 891",Sao Paulo,SP,05487-020,Brazil,SQLServer,106.2,141.6,35.4,2.0,False,False,637
10488,59,44.0,30.0,0.0,SQLServer,FRANK,8,1997-03-27 00:00:00,1997-04-24,1997-04-02,2.0,4.93,Frankenversand,Berliner Platz 43,München,,80805,Germany,SQLServer,1320.0,1320.0,0.0,6.0,False,False,638
10488,73,12.0,20.0,0.20000000298023224,SQLServer,FRANK,8,1997-03-27 00:00:00,1997-04-24,1997-04-02,2.0,4.93,Frankenversand,Berliner Platz 43,München,,80805,Germany,SQLServer,192.0,240.0,48.0,6.0,False,False,639
10489,11,16.8,15.0,0.25,SQLServer,PICCO,6,1997-03-28 00:00:00,1997-04-25,1997-04-09,2.0,5.29,Piccolo und mehr,Geislweg 14,Salzburg,,5020,Austria,SQLServer,189.0,252.0,63.0,12.0,False,False,640
10489,16,13.9,18.0,0.0,SQLServer,PICCO,6,1997-03-28 00:00:00,1997-04-25,1997-04-09,2.0,5.29,Piccolo und mehr,Geislweg 14,Salzburg,,5020,Austria,SQLServer,250.2,250.2,0.0,12.0,False,False,641
10490,59,44.0,60.0,0.0,SQLServer,HILAA,7,1997-03-31 00:00:00,1997-04-28,1997-04-03,2.0,210.19,HILARION-Abastos,Carrera 22 con Ave. Carlos Soublette #8-35,San Cristóbal,Táchira,5022,Venezuela,SQLServer,2640.0,2640.0,0.0,3.0,False,False,642
10490,68,10.0,30.0,0.0,SQLServer,HILAA,7,1997-03-31 00:00:00,1997-04-28,1997-04-03,2.0,210.19,HILARION-Abastos,Carrera 22 con Ave. Carlos Soublette #8-35,San Cristóbal,Táchira,5022,Venezuela,SQLServer,300.0,300.0,0.0,3.0,False,False,643
10490,75,6.2,36.0,0.0,SQLServer,HILAA,7,1997-03-31 00:00:00,1997-04-28,1997-04-03,2.0,210.19,HILARION-Abastos,Carrera 22 con Ave. Carlos Soublette #8-35,San Cristóbal,Táchira,5022,Venezuela,SQLServer,223.2,223.2,0.0,3.0,False,False,644
10491,44,15.5,15.0,0.15000000596046448,SQLServer,FURIB,8,1997-03-31 00:00:00,1997-04-28,1997-04-08,3.0,16.96,Furia Bacalhau e Frutos do Mar,Jardim das rosas n. 32,Lisboa,,1675,Portugal,SQLServer,197.62,232.5,34.88,8.0,False,False,645
10491,77,10.4,7.0,0.15000000596046448,SQLServer,FURIB,8,1997-03-31 00:00:00,1997-04-28,1997-04-08,3.0,16.96,Furia Bacalhau e Frutos do Mar,Jardim das rosas n. 32,Lisboa,,1675,Portugal,SQLServer,61.88,72.8,10.92,8.0,False,False,646
10492,25,11.2,60.0,0.05000000074505806,SQLServer,BOTTM,3,1997-04-01 00:00:00,1997-04-29,1997-04-11,1.0,62.89,Bottom-Dollar Markets,23 Tsawassen Blvd.,Tsawassen,BC,T2F 8M4,Canada,SQLServer,638.4,672.0,33.6,10.0,False,False,647
10492,42,11.2,20.0,0.05000000074505806,SQLServer,BOTTM,3,1997-04-01 00:00:00,1997-04-29,1997-04-11,1.0,62.89,Bottom-Dollar Markets,23 Tsawassen Blvd.,Tsawassen,BC,T2F 8M4,Canada,SQLServer,212.8,224.0,11.2,10.0,False,False,648
10493,65,16.8,15.0,0.10000000149011612,SQLServer,LAMAI,4,1997-04-02 00:00:00,1997-04-30,1997-04-10,3.0,10.64,La maison d'Asie,1 rue Alsace-Lorraine,Toulouse,,31000,France,SQLServer,226.8,252.0,25.2,8.0,False,False,649
10493,66,13.6,10.0,0.10000000149011612,SQLServer,LAMAI,4,1997-04-02 00:00:00,1997-04-30,1997-04-10,3.0,10.64,La maison d'Asie,1 rue Alsace-Lorraine,Toulouse,,31000,France,SQLServer,122.4,136.0,13.6,8.0,False,False,650
10493,69,28.8,10.0,0.10000000149011612,SQLServer,LAMAI,4,1997-04-02 00:00:00,1997-04-30,1997-04-10,3.0,10.64,La maison d'Asie,1 rue Alsace-Lorraine,Toulouse,,31000,France,SQLServer,259.2,288.0,28.8,8.0,False,False,651
10494,56,30.4,30.0,0.0,SQLServer,COMMI,4,1997-04-02 00:00:00,1997-04-30,1997-04-09,2.0,65.99,Comércio Mineiro,"Av. dos Lusíadas, 23",Sao Paulo,SP,05432-043,Brazil,SQLServer,912.0,912.0,0.0,7.0,False,False,652
10495,23,7.2,10.0,0.0,SQLServer,LAUGB,3,1997-04-03 00:00:00,1997-05-01,1997-04-11,3.0,4.65,Laughing Bacchus Wine Cellars,2319 Elm St.,Vancouver,BC,V3F 2K1,Canada,SQLServer,72.0,72.0,0.0,8.0,False,False,653
10495,41,7.7,20.0,0.0,SQLServer,LAUGB,3,1997-04-03 00:00:00,1997-05-01,1997-04-11,3.0,4.65,Laughing Bacchus Wine Cellars,2319 Elm St.,Vancouver,BC,V3F 2K1,Canada,SQLServer,154.0,154.0,0.0,8.0,False,False,654
10495,77,10.4,5.0,0.0,SQLServer,LAUGB,3,1997-04-03 00:00:00,1997-05-01,1997-04-11,3.0,4.65,Laughing Bacchus Wine Cellars,2319 Elm St.,Vancouver,BC,V3F 2K1,Canada,SQLServer,52.0,52.0,0.0,8.0,False,False,655
10496,31,10.0,20.0,0.05000000074505806,SQLServer,TRADH,7,1997-04-04 00:00:00,1997-05-02,1997-04-07,2.0,46.77,Tradiçao Hipermercados,"Av. Inês de Castro, 414",Sao Paulo,SP,05634-030,Brazil,SQLServer,190.0,200.0,10.0,3.0,False,False,656
10497,56,30.4,14.0,0.0,SQLServer,LEHMS,7,1997-04-04 00:00:00,1997-05-02,1997-04-07,1.0,36.21,Lehmanns Marktstand,Magazinweg 7,Frankfurt a.M.,,60528,Germany,SQLServer,425.6,425.6,0.0,3.0,False,False,657
10497,72,27.8,25.0,0.0,SQLServer,LEHMS,7,1997-04-04 00:00:00,1997-05-02,1997-04-07,1.0,36.21,Lehmanns Marktstand,Magazinweg 7,Frankfurt a.M.,,60528,Germany,SQLServer,695.0,695.0,0.0,3.0,False,False,658
10497,77,10.4,25.0,0.0,SQLServer,LEHMS,7,1997-04-04 00:00:00,1997-05-02,1997-04-07,1.0,36.21,Lehmanns Marktstand,Magazinweg 7,Frankfurt a.M.,,60528,Germany,SQLServer,260.0,260.0,0.0,3.0,False,False,659
10498,24,4.5,14.0,0.0,SQLServer,HILAA,8,1997-04-07 00:00:00,1997-05-05,1997-04-11,2.0,29.75,HILARION-Abastos,Carrera 22 con Ave. Carlos Soublette #8-35,San Cristóbal,Táchira,5022,Venezuela,SQLServer,63.0,63.0,0.0,4.0,False,False,660
10498,40,18.4,5.0,0.0,SQLServer,HILAA,8,1997-04-07 00:00:00,1997-05-05,1997-04-11,2.0,29.75,HILARION-Abastos,Carrera 22 con Ave. Carlos Soublette #8-35,San Cristóbal,Táchira,5022,Venezuela,SQLServer,92.0,92.0,0.0,4.0,False,False,661
10498,42,14.0,30.0,0.0,SQLServer,HILAA,8,1997-04-07 00:00:00,1997-05-05,1997-04-11,2.0,29.75,HILARION-Abastos,Carrera 22 con Ave. Carlos Soublette #8-35,San Cristóbal,Táchira,5022,Venezuela,SQLServer,420.0,420.0,0.0,4.0,False,False,662
10499,28,45.6,20.0,0.0,SQLServer,LILAS,4,1997-04-08 00:00:00,1997-05-06,1997-04-16,2.0,102.02,LILA-Supermercado,Carrera 52 con Ave. Bolívar #65-98 Llano Largo,Barquisimeto,Lara,3508,Venezuela,SQLServer,912.0,912.0,0.0,8.0,False,False,663
10499,49,20.0,25.0,0.0,SQLServer,LILAS,4,1997-04-08 00:00:00,1997-05-06,1997-04-16,2.0,102.02,LILA-Supermercado,Carrera 52 con Ave. Bolívar #65-98 Llano Largo,Barquisimeto,Lara,3508,Venezuela,SQLServer,500.0,500.0,0.0,8.0,False,False,664
10500,15,15.5,12.0,0.05000000074505806,SQLServer,LAMAI,6,1997-04-09 00:00:00,1997-05-07,1997-04-17,1.0,42.68,La maison d'Asie,1 rue Alsace-Lorraine,Toulouse,,31000,France,SQLServer,176.7,186.0,9.3,8.0,False,False,665
10500,28,45.6,8.0,0.05000000074505806,SQLServer,LAMAI,6,1997-04-09 00:00:00,1997-05-07,1997-04-17,1.0,42.68,La maison d'Asie,1 rue Alsace-Lorraine,Toulouse,,31000,France,SQLServer,346.56,364.8,18.24,8.0,False,False,666
10501,54,7.45,20.0,0.0,SQLServer,BLAUS,9,1997-04-09 00:00:00,1997-05-07,1997-04-16,3.0,8.85,Blauer See Delikatessen,Forsterstr. 57,Mannheim,,68306,Germany,SQLServer,149.0,149.0,0.0,7.0,False,False,667
10502,45,9.5,21.0,0.0,SQLServer,PERIC,2,1997-04-10 00:00:00,1997-05-08,1997-04-29,1.0,69.32,Pericles Comidas clásicas,Calle Dr. Jorge Cash 321,México D.F.,,05033,Mexico,SQLServer,199.5,199.5,0.0,19.0,False,False,668
10502,53,32.8,6.0,0.0,SQLServer,PERIC,2,1997-04-10 00:00:00,1997-05-08,1997-04-29,1.0,69.32,Pericles Comidas clásicas,Calle Dr. Jorge Cash 321,México D.F.,,05033,Mexico,SQLServer,196.8,196.8,0.0,19.0,False,False,669
10502,67,14.0,30.0,0.0,SQLServer,PERIC,2,1997-04-10 00:00:00,1997-05-08,1997-04-29,1.0,69.32,Pericles Comidas clásicas,Calle Dr. Jorge Cash 321,México D.F.,,05033,Mexico,SQLServer,420.0,420.0,0.0,19.0,False,False,670
10503,14,23.25,70.0,0.0,SQLServer,HUNGO,6,1997-04-11 00:00:00,1997-05-09,1997-04-16,2.0,16.74,Hungry Owl All-Night Grocers,8 Johnstown Road,Cork,Co. Cork,,Ireland,SQLServer,1627.5,1627.5,0.0,5.0,False,False,671
10503,65,21.05,20.0,0.0,SQLServer,HUNGO,6,1997-04-11 00:00:00,1997-05-09,1997-04-16,2.0,16.74,Hungry Owl All-Night Grocers,8 Johnstown Road,Cork,Co. Cork,,Ireland,SQLServer,421.0,421.0,0.0,5.0,False,False,672
10504,2,19.0,12.0,0.0,SQLServer,WHITC,4,1997-04-11 00:00:00,1997-05-09,1997-04-18,3.0,59.13,White Clover Markets,1029 - 12th Ave. S.,Seattle,WA,98124,USA,SQLServer,228.0,228.0,0.0,7.0,False,False,673
10504,21,10.0,12.0,0.0,SQLServer,WHITC,4,1997-04-11 00:00:00,1997-05-09,1997-04-18,3.0,59.13,White Clover Markets,1029 - 12th Ave. S.,Seattle,WA,98124,USA,SQLServer,120.0,120.0,0.0,7.0,False,False,674
10504,53,32.8,10.0,0.0,SQLServer,WHITC,4,1997-04-11 00:00:00,1997-05-09,1997-04-18,3.0,59.13,White Clover Markets,1029 - 12th Ave. S.,Seattle,WA,98124,USA,SQLServer,328.0,328.0,0.0,7.0,False,False,675
10504,61,28.5,25.0,0.0,SQLServer,WHITC,4,1997-04-11 00:00:00,1997-05-09,1997-04-18,3.0,59.13,White Clover Markets,1029 - 12th Ave. S.,Seattle,WA,98124,USA,SQLServer,712.5,712.5,0.0,7.0,False,False,676
10505,62,49.3,3.0,0.0,SQLServer,MEREP,3,1997-04-14 00:00:00,1997-05-12,1997-04-21,3.0,7.13,Mère Paillarde,43 rue St. Laurent,Montréal,Québec,H1J 1C3,Canada,SQLServer,147.9,147.9,0.0,7.0,False,False,677
10506,25,14.0,18.0,0.10000000149011612,SQLServer,KOENE,9,1997-04-15 00:00:00,1997-05-13,1997-05-02,2.0,21.19,Königlich Essen,Maubelstr. 90,Brandenburg,,14776,Germany,SQLServer,226.8,252.0,25.2,17.0,False,False,678
10506,70,15.0,14.0,0.10000000149011612,SQLServer,KOENE,9,1997-04-15 00:00:00,1997-05-13,1997-05-02,2.0,21.19,Königlich Essen,Maubelstr. 90,Brandenburg,,14776,Germany,SQLServer,189.0,210.0,21.0,17.0,False,False,679
10507,43,46.0,15.0,0.15000000596046448,SQLServer,ANTON,7,1997-04-15 00:00:00,1997-05-13,1997-04-22,1.0,47.45,Antonio Moreno Taquería,Mataderos  2312,México D.F.,,05023,Mexico,SQLServer,586.5,690.0,103.5,7.0,False,False,680
10507,48,12.75,15.0,0.15000000596046448,SQLServer,ANTON,7,1997-04-15 00:00:00,1997-05-13,1997-04-22,1.0,47.45,Antonio Moreno Taquería,Mataderos  2312,México D.F.,,05023,Mexico,SQLServer,162.56,191.25,28.69,7.0,False,False,681
10508,13,6.0,10.0,0.0,SQLServer,OTTIK,1,1997-04-16 00:00:00,1997-05-14,1997-05-13,2.0,4.99,Ottilies Käseladen,Mehrheimerstr. 369,Köln,,50739,Germany,SQLServer,60.0,60.0,0.0,27.0,False,False,682
10508,39,18.0,10.0,0.0,SQLServer,OTTIK,1,1997-04-16 00:00:00,1997-05-14,1997-05-13,2.0,4.99,Ottilies Käseladen,Mehrheimerstr. 369,Köln,,50739,Germany,SQLServer,180.0,180.0,0.0,27.0,False,False,683
10509,28,45.6,3.0,0.0,SQLServer,BLAUS,4,1997-04-17 00:00:00,1997-05-15,1997-04-29,1.0,0.15,Blauer See Delikatessen,Forsterstr. 57,Mannheim,,68306,Germany,SQLServer,136.8,136.8,0.0,12.0,False,False,684
10510,29,123.79,36.0,0.0,SQLServer,SAVEA,6,1997-04-18 00:00:00,1997-05-16,1997-04-28,3.0,367.63,Save-a-lot Markets,187 Suffolk Ln.,Boise,ID,83720,USA,SQLServer,4456.44,4456.44,0.0,10.0,False,False,685
10510,75,7.75,36.0,0.10000000149011612,SQLServer,SAVEA,6,1997-04-18 00:00:00,1997-05-16,1997-04-28,3.0,367.63,Save-a-lot Markets,187 Suffolk Ln.,Boise,ID,83720,USA,SQLServer,251.1,279.0,27.9,10.0,False,False,686
10511,4,22.0,50.0,0.15000000596046448,SQLServer,BONAP,4,1997-04-18 00:00:00,1997-05-16,1997-04-21,3.0,350.64,Bon app',"12, rue des Bouchers",Marseille,,13008,France,SQLServer,935.0,1100.0,165.0,3.0,False,False,687
10511,7,30.0,50.0,0.15000000596046448,SQLServer,BONAP,4,1997-04-18 00:00:00,1997-05-16,1997-04-21,3.0,350.64,Bon app',"12, rue des Bouchers",Marseille,,13008,France,SQLServer,1275.0,1500.0,225.0,3.0,False,False,688
10511,8,40.0,10.0,0.15000000596046448,SQLServer,BONAP,4,1997-04-18 00:00:00,1997-05-16,1997-04-21,3.0,350.64,Bon app',"12, rue des Bouchers",Marseille,,13008,France,SQLServer,340.0,400.0,60.0,3.0,False,False,689
10512,24,4.5,10.0,0.15000000596046448,SQLServer,FAMIA,7,1997-04-21 00:00:00,1997-05-19,1997-04-24,2.0,3.53,Familia Arquibaldo,"Rua Orós, 92",Sao Paulo,SP,05442-030,Brazil,SQLServer,38.25,45.0,6.75,3.0,False,False,690
10512,46,12.0,9.0,0.15000000596046448,SQLServer,FAMIA,7,1997-04-21 00:00:00,1997-05-19,1997-04-24,2.0,3.53,Familia Arquibaldo,"Rua Orós, 92",Sao Paulo,SP,05442-030,Brazil,SQLServer,91.8,108.0,16.2,3.0,False,False,691
10512,47,9.5,6.0,0.15000000596046448,SQLServer,FAMIA,7,1997-04-21 00:00:00,1997-05-19,1997-04-24,2.0,3.53,Familia Arquibaldo,"Rua Orós, 92",Sao Paulo,SP,05442-030,Brazil,SQLServer,48.45,57.0,8.55,3.0,False,False,692
10512,60,34.0,12.0,0.15000000596046448,SQLServer,FAMIA,7,1997-04-21 00:00:00,1997-05-19,1997-04-24,2.0,3.53,Familia Arquibaldo,"Rua Orós, 92",Sao Paulo,SP,05442-030,Brazil,SQLServer,346.8,408.0,61.2,3.0,False,False,693
10513,21,10.0,40.0,0.20000000298023224,SQLServer,WANDK,7,1997-04-22 00:00:00,1997-06-03,1997-04-28,1.0,105.65,Die Wandernde Kuh,Adenauerallee 900,Stuttgart,,70563,Germany,SQLServer,320.0,400.0,80.0,6.0,False,False,694
10513,32,32.0,50.0,0.20000000298023224,SQLServer,WANDK,7,1997-04-22 00:00:00,1997-06-03,1997-04-28,1.0,105.65,Die Wandernde Kuh,Adenauerallee 900,Stuttgart,,70563,Germany,SQLServer,1280.0,1600.0,320.0,6.0,False,False,695
10513,61,28.5,15.0,0.20000000298023224,SQLServer,WANDK,7,1997-04-22 00:00:00,1997-06-03,1997-04-28,1.0,105.65,Die Wandernde Kuh,Adenauerallee 900,Stuttgart,,70563,Germany,SQLServer,342.0,427.5,85.5,6.0,False,False,696
10514,20,81.0,39.0,0.0,SQLServer,ERNSH,3,1997-04-22 00:00:00,1997-05-20,1997-05-16,2.0,789.95,Ernst Handel,Kirchgasse 6,Graz,,8010,Austria,SQLServer,3159.0,3159.0,0.0,24.0,False,True,697
10514,28,45.6,35.0,0.0,SQLServer,ERNSH,3,1997-04-22 00:00:00,1997-05-20,1997-05-16,2.0,789.95,Ernst Handel,Kirchgasse 6,Graz,,8010,Austria,SQLServer,1596.0,1596.0,0.0,24.0,False,True,698
10514,56,38.0,70.0,0.0,SQLServer,ERNSH,3,1997-04-22 00:00:00,1997-05-20,1997-05-16,2.0,789.95,Ernst Handel,Kirchgasse 6,Graz,,8010,Austria,SQLServer,2660.0,2660.0,0.0,24.0,False,True,699
10514,65,21.05,39.0,0.0,SQLServer,ERNSH,3,1997-04-22 00:00:00,1997-05-20,1997-05-16,2.0,789.95,Ernst Handel,Kirchgasse 6,Graz,,8010,Austria,SQLServer,820.95,820.95,0.0,24.0,False,True,700
10514,75,7.75,50.0,0.0,SQLServer,ERNSH,3,1997-04-22 00:00:00,1997-05-20,1997-05-16,2.0,789.95,Ernst Handel,Kirchgasse 6,Graz,,8010,Austria,SQLServer,387.5,387.5,0.0,24.0,False,True,701
10515,9,97.0,16.0,0.15000000596046448,SQLServer,QUICK,2,1997-04-23 00:00:00,1997-05-07,1997-05-23,1.0,204.47,QUICK-Stop,Taucherstraße 10,Cunewalde,,01307,Germany,SQLServer,1319.2,1552.0,232.8,30.0,True,False,702
10515,16,17.45,50.0,0.0,SQLServer,QUICK,2,1997-04-23 00:00:00,1997-05-07,1997-05-23,1.0,204.47,QUICK-Stop,Taucherstraße 10,Cunewalde,,01307,Germany,SQLServer,872.5,872.5,0.0,30.0,True,False,703
10515,27,43.9,120.0,0.0,SQLServer,QUICK,2,1997-04-23 00:00:00,1997-05-07,1997-05-23,1.0,204.47,QUICK-Stop,Taucherstraße 10,Cunewalde,,01307,Germany,SQLServer,5268.0,5268.0,0.0,30.0,True,False,704
10515,33,2.5,16.0,0.15000000596046448,SQLServer,QUICK,2,1997-04-23 00:00:00,1997-05-07,1997-05-23,1.0,204.47,QUICK-Stop,Taucherstraße 10,Cunewalde,,01307,Germany,SQLServer,34.0,40.0,6.0,30.0,True,False,705
10515,60,34.0,84.0,0.15000000596046448,SQLServer,QUICK,2,1997-04-23 00:00:00,1997-05-07,1997-05-23,1.0,204.47,QUICK-Stop,Taucherstraße 10,Cunewalde,,01307,Germany,SQLServer,2427.6,2856.0,428.4,30.0,True,False,706
10516,18,62.5,25.0,0.10000000149011612,SQLServer,HUNGO,2,1997-04-24 00:00:00,1997-05-22,1997-05-01,3.0,62.78,Hungry Owl All-Night Grocers,8 Johnstown Road,Cork,Co. Cork,,Ireland,SQLServer,1406.25,1562.5,156.25,7.0,False,False,707
10516,41,9.65,80.0,0.10000000149011612,SQLServer,HUNGO,2,1997-04-24 00:00:00,1997-05-22,1997-05-01,3.0,62.78,Hungry Owl All-Night Grocers,8 Johnstown Road,Cork,Co. Cork,,Ireland,SQLServer,694.8,772.0,77.2,7.0,False,False,708
10516,42,14.0,20.0,0.0,SQLServer,HUNGO,2,1997-04-24 00:00:00,1997-05-22,1997-05-01,3.0,62.78,Hungry Owl All-Night Grocers,8 Johnstown Road,Cork,Co. Cork,,Ireland,SQLServer,280.0,280.0,0.0,7.0,False,False,709
10517,52,7.0,6.0,0.0,SQLServer,NORTS,3,1997-04-24 00:00:00,1997-05-22,1997-04-29,3.0,32.07,North/South,South House 300 Queensbridge,London,,SW7 1RZ,UK,SQLServer,42.0,42.0,0.0,5.0,False,False,710
10517,59,55.0,4.0,0.0,SQLServer,NORTS,3,1997-04-24 00:00:00,1997-05-22,1997-04-29,3.0,32.07,North/South,South House 300 Queensbridge,London,,SW7 1RZ,UK,SQLServer,220.0,220.0,0.0,5.0,False,False,711
10517,70,15.0,6.0,0.0,SQLServer,NORTS,3,1997-04-24 00:00:00,1997-05-22,1997-04-29,3.0,32.07,North/South,South House 300 Queensbridge,London,,SW7 1RZ,UK,SQLServer,90.0,90.0,0.0,5.0,False,False,712
10518,24,4.5,5.0,0.0,SQLServer,TORTU,4,1997-04-25 00:00:00,1997-05-09,1997-05-05,2.0,218.15,Tortuga Restaurante,Avda. Azteca 123,México D.F.,,05033,Mexico,SQLServer,22.5,22.5,0.0,10.0,False,False,713
10518,38,263.5,15.0,0.0,SQLServer,TORTU,4,1997-04-25 00:00:00,1997-05-09,1997-05-05,2.0,218.15,Tortuga Restaurante,Avda. Azteca 123,México D.F.,,05033,Mexico,SQLServer,3952.5,3952.5,0.0,10.0,False,False,714
10518,44,19.45,9.0,0.0,SQLServer,TORTU,4,1997-04-25 00:00:00,1997-05-09,1997-05-05,2.0,218.15,Tortuga Restaurante,Avda. Azteca 123,México D.F.,,05033,Mexico,SQLServer,175.05,175.05,0.0,10.0,False,False,715
10519,10,31.0,16.0,0.05000000074505806,SQLServer,CHOPS,6,1997-04-28 00:00:00,1997-05-26,1997-05-01,3.0,91.76,Chop-suey Chinese,Hauptstr. 31,Bern,,3012,Switzerland,SQLServer,471.2,496.0,24.8,3.0,False,False,716
10519,56,38.0,40.0,0.0,SQLServer,CHOPS,6,1997-04-28 00:00:00,1997-05-26,1997-05-01,3.0,91.76,Chop-suey Chinese,Hauptstr. 31,Bern,,3012,Switzerland,SQLServer,1520.0,1520.0,0.0,3.0,False,False,717
10519,60,34.0,10.0,0.05000000074505806,SQLServer,CHOPS,6,1997-04-28 00:00:00,1997-05-26,1997-05-01,3.0,91.76,Chop-suey Chinese,Hauptstr. 31,Bern,,3012,Switzerland,SQLServer,323.0,340.0,17.0,3.0,False,False,718
10520,24,4.5,8.0,0.0,SQLServer,SANTG,7,1997-04-29 00:00:00,1997-05-27,1997-05-01,1.0,13.37,Santé Gourmet,Erling Skakkes gate 78,Stavern,,4110,Norway,SQLServer,36.0,36.0,0.0,2.0,False,False,719
10520,53,32.8,5.0,0.0,SQLServer,SANTG,7,1997-04-29 00:00:00,1997-05-27,1997-05-01,1.0,13.37,Santé Gourmet,Erling Skakkes gate 78,Stavern,,4110,Norway,SQLServer,164.0,164.0,0.0,2.0,False,False,720
10521,35,18.0,3.0,0.0,SQLServer,CACTU,8,1997-04-29 00:00:00,1997-05-27,1997-05-02,2.0,17.22,Cactus Comidas para llevar,Cerrito 333,Buenos Aires,,1010,Argentina,SQLServer,54.0,54.0,0.0,3.0,False,False,721
10521,41,9.65,10.0,0.0,SQLServer,CACTU,8,1997-04-29 00:00:00,1997-05-27,1997-05-02,2.0,17.22,Cactus Comidas para llevar,Cerrito 333,Buenos Aires,,1010,Argentina,SQLServer,96.5,96.5,0.0,3.0,False,False,722
10521,68,12.5,6.0,0.0,SQLServer,CACTU,8,1997-04-29 00:00:00,1997-05-27,1997-05-02,2.0,17.22,Cactus Comidas para llevar,Cerrito 333,Buenos Aires,,1010,Argentina,SQLServer,75.0,75.0,0.0,3.0,False,False,723
10522,1,18.0,40.0,0.20000000298023224,SQLServer,LEHMS,4,1997-04-30 00:00:00,1997-05-28,1997-05-06,1.0,45.33,Lehmanns Marktstand,Magazinweg 7,Frankfurt a.M.,,60528,Germany,SQLServer,576.0,720.0,144.0,6.0,False,False,724
10522,8,40.0,24.0,0.0,SQLServer,LEHMS,4,1997-04-30 00:00:00,1997-05-28,1997-05-06,1.0,45.33,Lehmanns Marktstand,Magazinweg 7,Frankfurt a.M.,,60528,Germany,SQLServer,960.0,960.0,0.0,6.0,False,False,725
10522,30,25.89,20.0,0.20000000298023224,SQLServer,LEHMS,4,1997-04-30 00:00:00,1997-05-28,1997-05-06,1.0,45.33,Lehmanns Marktstand,Magazinweg 7,Frankfurt a.M.,,60528,Germany,SQLServer,414.24,517.8,103.56,6.0,False,False,726
10522,40,18.4,25.0,0.20000000298023224,SQLServer,LEHMS,4,1997-04-30 00:00:00,1997-05-28,1997-05-06,1.0,45.33,Lehmanns Marktstand,Magazinweg 7,Frankfurt a.M.,,60528,Germany,SQLServer,368.0,460.0,92.0,6.0,False,False,727
10523,17,39.0,25.0,0.10000000149011612,SQLServer,SEVES,7,1997-05-01 00:00:00,1997-05-29,1997-05-30,2.0,77.63,Seven Seas Imports,90 Wadhurst Rd.,London,,OX15 4NB,UK,SQLServer,877.5,975.0,97.5,29.0,True,False,728
10523,20,81.0,15.0,0.10000000149011612,SQLServer,SEVES,7,1997-05-01 00:00:00,1997-05-29,1997-05-30,2.0,77.63,Seven Seas Imports,90 Wadhurst Rd.,London,,OX15 4NB,UK,SQLServer,1093.5,1215.0,121.5,29.0,True,False,729
10523,37,26.0,18.0,0.10000000149011612,SQLServer,SEVES,7,1997-05-01 00:00:00,1997-05-29,1997-05-30,2.0,77.63,Seven Seas Imports,90 Wadhurst Rd.,London,,OX15 4NB,UK,SQLServer,421.2,468.0,46.8,29.0,True,False,730
10523,41,9.65,6.0,0.10000000149011612,SQLServer,SEVES,7,1997-05-01 00:00:00,1997-05-29,1997-05-30,2.0,77.63,Seven Seas Imports,90 Wadhurst Rd.,London,,OX15 4NB,UK,SQLServer,52.11,57.9,5.79,29.0,True,False,731
10524,10,31.0,2.0,0.0,SQLServer,BERGS,1,1997-05-01 00:00:00,1997-05-29,1997-05-07,2.0,244.79,Berglunds snabbköp,Berguvsvägen  8,Luleå,,S-958 22,Sweden,SQLServer,62.0,62.0,0.0,6.0,False,False,732
10524,30,25.89,10.0,0.0,SQLServer,BERGS,1,1997-05-01 00:00:00,1997-05-29,1997-05-07,2.0,244.79,Berglunds snabbköp,Berguvsvägen  8,Luleå,,S-958 22,Sweden,SQLServer,258.9,258.9,0.0,6.0,False,False,733
10524,43,46.0,60.0,0.0,SQLServer,BERGS,1,1997-05-01 00:00:00,1997-05-29,1997-05-07,2.0,244.79,Berglunds snabbköp,Berguvsvägen  8,Luleå,,S-958 22,Sweden,SQLServer,2760.0,2760.0,0.0,6.0,False,False,734
10524,54,7.45,15.0,0.0,SQLServer,BERGS,1,1997-05-01 00:00:00,1997-05-29,1997-05-07,2.0,244.79,Berglunds snabbköp,Berguvsvägen  8,Luleå,,S-958 22,Sweden,SQLServer,111.75,111.75,0.0,6.0,False,False,735
10525,36,19.0,30.0,0.0,SQLServer,BONAP,1,1997-05-02 00:00:00,1997-05-30,1997-05-23,2.0,11.06,Bon app',"12, rue des Bouchers",Marseille,,13008,France,SQLServer,570.0,570.0,0.0,21.0,False,False,736
10525,40,18.4,15.0,0.10000000149011612,SQLServer,BONAP,1,1997-05-02 00:00:00,1997-05-30,1997-05-23,2.0,11.06,Bon app',"12, rue des Bouchers",Marseille,,13008,France,SQLServer,248.4,276.0,27.6,21.0,False,False,737
10526,1,18.0,8.0,0.15000000596046448,SQLServer,WARTH,4,1997-05-05 00:00:00,1997-06-02,1997-05-15,2.0,58.59,Wartian Herkku,Torikatu 38,Oulu,,90110,Finland,SQLServer,122.4,144.0,21.6,10.0,False,False,738
10526,13,6.0,10.0,0.0,SQLServer,WARTH,4,1997-05-05 00:00:00,1997-06-02,1997-05-15,2.0,58.59,Wartian Herkku,Torikatu 38,Oulu,,90110,Finland,SQLServer,60.0,60.0,0.0,10.0,False,False,739
10526,56,38.0,30.0,0.15000000596046448,SQLServer,WARTH,4,1997-05-05 00:00:00,1997-06-02,1997-05-15,2.0,58.59,Wartian Herkku,Torikatu 38,Oulu,,90110,Finland,SQLServer,969.0,1140.0,171.0,10.0,False,False,740
10527,4,22.0,50.0,0.10000000149011612,SQLServer,QUICK,7,1997-05-05 00:00:00,1997-06-02,1997-05-07,1.0,41.9,QUICK-Stop,Taucherstraße 10,Cunewalde,,01307,Germany,SQLServer,990.0,1100.0,110.0,2.0,False,False,741
10527,36,19.0,30.0,0.10000000149011612,SQLServer,QUICK,7,1997-05-05 00:00:00,1997-06-02,1997-05-07,1.0,41.9,QUICK-Stop,Taucherstraße 10,Cunewalde,,01307,Germany,SQLServer,513.0,570.0,57.0,2.0,False,False,742
10528,11,21.0,3.0,0.0,SQLServer,GREAL,6,1997-05-06 00:00:00,1997-05-20,1997-05-09,2.0,3.35,Great Lakes Food Market,2732 Baker Blvd.,Eugene,OR,97403,USA,SQLServer,63.0,63.0,0.0,3.0,False,False,743
10528,33,2.5,8.0,0.20000000298023224,SQLServer,GREAL,6,1997-05-06 00:00:00,1997-05-20,1997-05-09,2.0,3.35,Great Lakes Food Market,2732 Baker Blvd.,Eugene,OR,97403,USA,SQLServer,16.0,20.0,4.0,3.0,False,False,744
10528,72,34.8,9.0,0.0,SQLServer,GREAL,6,1997-05-06 00:00:00,1997-05-20,1997-05-09,2.0,3.35,Great Lakes Food Market,2732 Baker Blvd.,Eugene,OR,97403,USA,SQLServer,313.2,313.2,0.0,3.0,False,False,745
10529,55,24.0,14.0,0.0,SQLServer,MAISD,5,1997-05-07 00:00:00,1997-06-04,1997-05-09,2.0,66.69,Maison Dewey,Rue Joseph-Bens 532,Bruxelles,,B-1180,Belgium,SQLServer,336.0,336.0,0.0,2.0,False,False,746
10529,68,12.5,20.0,0.0,SQLServer,MAISD,5,1997-05-07 00:00:00,1997-06-04,1997-05-09,2.0,66.69,Maison Dewey,Rue Joseph-Bens 532,Bruxelles,,B-1180,Belgium,SQLServer,250.0,250.0,0.0,2.0,False,False,747
10529,69,36.0,10.0,0.0,SQLServer,MAISD,5,1997-05-07 00:00:00,1997-06-04,1997-05-09,2.0,66.69,Maison Dewey,Rue Joseph-Bens 532,Bruxelles,,B-1180,Belgium,SQLServer,360.0,360.0,0.0,2.0,False,False,748
10530,17,39.0,40.0,0.0,SQLServer,PICCO,3,1997-05-08 00:00:00,1997-06-05,1997-05-12,2.0,339.22,Piccolo und mehr,Geislweg 14,Salzburg,,5020,Austria,SQLServer,1560.0,1560.0,0.0,4.0,False,False,749
10530,43,46.0,25.0,0.0,SQLServer,PICCO,3,1997-05-08 00:00:00,1997-06-05,1997-05-12,2.0,339.22,Piccolo und mehr,Geislweg 14,Salzburg,,5020,Austria,SQLServer,1150.0,1150.0,0.0,4.0,False,False,750
10530,61,28.5,20.0,0.0,SQLServer,PICCO,3,1997-05-08 00:00:00,1997-06-05,1997-05-12,2.0,339.22,Piccolo und mehr,Geislweg 14,Salzburg,,5020,Austria,SQLServer,570.0,570.0,0.0,4.0,False,False,751
10530,76,18.0,50.0,0.0,SQLServer,PICCO,3,1997-05-08 00:00:00,1997-06-05,1997-05-12,2.0,339.22,Piccolo und mehr,Geislweg 14,Salzburg,,5020,Austria,SQLServer,900.0,900.0,0.0,4.0,False,False,752
10531,59,55.0,2.0,0.0,SQLServer,OCEAN,7,1997-05-08 00:00:00,1997-06-05,1997-05-19,1.0,8.12,Océano Atlántico Ltda.,Ing. Gustavo Moncada 8585 Piso 20-A,Buenos Aires,,1010,Argentina,SQLServer,110.0,110.0,0.0,11.0,False,False,753
10532,30,25.89,15.0,0.0,SQLServer,EASTC,7,1997-05-09 00:00:00,1997-06-06,1997-05-12,3.0,74.46,Eastern Connection,35 King George,London,,WX3 6FW,UK,SQLServer,388.35,388.35,0.0,3.0,False,False,754
10532,66,17.0,24.0,0.0,SQLServer,EASTC,7,1997-05-09 00:00:00,1997-06-06,1997-05-12,3.0,74.46,Eastern Connection,35 King George,London,,WX3 6FW,UK,SQLServer,408.0,408.0,0.0,3.0,False,False,755
10533,4,22.0,50.0,0.05000000074505806,SQLServer,FOLKO,8,1997-05-12 00:00:00,1997-06-09,1997-05-22,1.0,188.04,Folk och fä HB,Åkergatan 24,Bräcke,,S-844 67,Sweden,SQLServer,1045.0,1100.0,55.0,10.0,False,False,756
10533,72,34.8,24.0,0.0,SQLServer,FOLKO,8,1997-05-12 00:00:00,1997-06-09,1997-05-22,1.0,188.04,Folk och fä HB,Åkergatan 24,Bräcke,,S-844 67,Sweden,SQLServer,835.2,835.2,0.0,10.0,False,False,757
10533,73,15.0,24.0,0.05000000074505806,SQLServer,FOLKO,8,1997-05-12 00:00:00,1997-06-09,1997-05-22,1.0,188.04,Folk och fä HB,Åkergatan 24,Bräcke,,S-844 67,Sweden,SQLServer,342.0,360.0,18.0,10.0,False,False,758
10534,30,25.89,10.0,0.0,SQLServer,LEHMS,8,1997-05-12 00:00:00,1997-06-09,1997-05-14,2.0,27.94,Lehmanns Marktstand,Magazinweg 7,Frankfurt a.M.,,60528,Germany,SQLServer,258.9,258.9,0.0,2.0,False,False,759
10534,40,18.4,10.0,0.20000000298023224,SQLServer,LEHMS,8,1997-05-12 00:00:00,1997-06-09,1997-05-14,2.0,27.94,Lehmanns Marktstand,Magazinweg 7,Frankfurt a.M.,,60528,Germany,SQLServer,147.2,184.0,36.8,2.0,False,False,760
10534,54,7.45,10.0,0.20000000298023224,SQLServer,LEHMS,8,1997-05-12 00:00:00,1997-06-09,1997-05-14,2.0,27.94,Lehmanns Marktstand,Magazinweg 7,Frankfurt a.M.,,60528,Germany,SQLServer,59.6,74.5,14.9,2.0,False,False,761
10535,11,21.0,50.0,0.10000000149011612,SQLServer,ANTON,4,1997-05-13 00:00:00,1997-06-10,1997-05-21,1.0,15.64,Antonio Moreno Taquería,Mataderos  2312,México D.F.,,05023,Mexico,SQLServer,945.0,1050.0,105.0,8.0,False,False,762
10535,40,18.4,10.0,0.10000000149011612,SQLServer,ANTON,4,1997-05-13 00:00:00,1997-06-10,1997-05-21,1.0,15.64,Antonio Moreno Taquería,Mataderos  2312,México D.F.,,05023,Mexico,SQLServer,165.6,184.0,18.4,8.0,False,False,763
10535,57,19.5,5.0,0.10000000149011612,SQLServer,ANTON,4,1997-05-13 00:00:00,1997-06-10,1997-05-21,1.0,15.64,Antonio Moreno Taquería,Mataderos  2312,México D.F.,,05023,Mexico,SQLServer,87.75,97.5,9.75,8.0,False,False,764
10535,59,55.0,15.0,0.10000000149011612,SQLServer,ANTON,4,1997-05-13 00:00:00,1997-06-10,1997-05-21,1.0,15.64,Antonio Moreno Taquería,Mataderos  2312,México D.F.,,05023,Mexico,SQLServer,742.5,825.0,82.5,8.0,False,False,765
10536,12,38.0,15.0,0.25,SQLServer,LEHMS,3,1997-05-14 00:00:00,1997-06-11,1997-06-06,2.0,58.88,Lehmanns Marktstand,Magazinweg 7,Frankfurt a.M.,,60528,Germany,SQLServer,427.5,570.0,142.5,23.0,False,False,766
10536,31,12.5,20.0,0.0,SQLServer,LEHMS,3,1997-05-14 00:00:00,1997-06-11,1997-06-06,2.0,58.88,Lehmanns Marktstand,Magazinweg 7,Frankfurt a.M.,,60528,Germany,SQLServer,250.0,250.0,0.0,23.0,False,False,767
10536,33,2.5,30.0,0.0,SQLServer,LEHMS,3,1997-05-14 00:00:00,1997-06-11,1997-06-06,2.0,58.88,Lehmanns Marktstand,Magazinweg 7,Frankfurt a.M.,,60528,Germany,SQLServer,75.0,75.0,0.0,23.0,False,False,768
10536,60,34.0,35.0,0.25,SQLServer,LEHMS,3,1997-05-14 00:00:00,1997-06-11,1997-06-06,2.0,58.88,Lehmanns Marktstand,Magazinweg 7,Frankfurt a.M.,,60528,Germany,SQLServer,892.5,1190.0,297.5,23.0,False,False,769
10537,31,12.5,30.0,0.0,SQLServer,RICSU,1,1997-05-14 00:00:00,1997-05-28,1997-05-19,1.0,78.85,Richter Supermarkt,Starenweg 5,Genève,,1204,Switzerland,SQLServer,375.0,375.0,0.0,5.0,False,False,770
10537,51,53.0,6.0,0.0,SQLServer,RICSU,1,1997-05-14 00:00:00,1997-05-28,1997-05-19,1.0,78.85,Richter Supermarkt,Starenweg 5,Genève,,1204,Switzerland,SQLServer,318.0,318.0,0.0,5.0,False,False,771
10537,58,13.25,20.0,0.0,SQLServer,RICSU,1,1997-05-14 00:00:00,1997-05-28,1997-05-19,1.0,78.85,Richter Supermarkt,Starenweg 5,Genève,,1204,Switzerland,SQLServer,265.0,265.0,0.0,5.0,False,False,772
10537,72,34.8,21.0,0.0,SQLServer,RICSU,1,1997-05-14 00:00:00,1997-05-28,1997-05-19,1.0,78.85,Richter Supermarkt,Starenweg 5,Genève,,1204,Switzerland,SQLServer,730.8,730.8,0.0,5.0,False,False,773
10537,73,15.0,9.0,0.0,SQLServer,RICSU,1,1997-05-14 00:00:00,1997-05-28,1997-05-19,1.0,78.85,Richter Supermarkt,Starenweg 5,Genève,,1204,Switzerland,SQLServer,135.0,135.0,0.0,5.0,False,False,774
10538,70,15.0,7.0,0.0,SQLServer,BSBEV,9,1997-05-15 00:00:00,1997-06-12,1997-05-16,3.0,4.87,B's Beverages,Fauntleroy Circus,London,,EC2 5NT,UK,SQLServer,105.0,105.0,0.0,1.0,False,False,775
10538,72,34.8,1.0,0.0,SQLServer,BSBEV,9,1997-05-15 00:00:00,1997-06-12,1997-05-16,3.0,4.87,B's Beverages,Fauntleroy Circus,London,,EC2 5NT,UK,SQLServer,34.8,34.8,0.0,1.0,False,False,776
10539,13,6.0,8.0,0.0,SQLServer,BSBEV,6,1997-05-16 00:00:00,1997-06-13,1997-05-23,3.0,12.36,B's Beverages,Fauntleroy Circus,London,,EC2 5NT,UK,SQLServer,48.0,48.0,0.0,7.0,False,False,777
10539,21,10.0,15.0,0.0,SQLServer,BSBEV,6,1997-05-16 00:00:00,1997-06-13,1997-05-23,3.0,12.36,B's Beverages,Fauntleroy Circus,London,,EC2 5NT,UK,SQLServer,150.0,150.0,0.0,7.0,False,False,778
10539,33,2.5,15.0,0.0,SQLServer,BSBEV,6,1997-05-16 00:00:00,1997-06-13,1997-05-23,3.0,12.36,B's Beverages,Fauntleroy Circus,London,,EC2 5NT,UK,SQLServer,37.5,37.5,0.0,7.0,False,False,779
10539,49,20.0,6.0,0.0,SQLServer,BSBEV,6,1997-05-16 00:00:00,1997-06-13,1997-05-23,3.0,12.36,B's Beverages,Fauntleroy Circus,London,,EC2 5NT,UK,SQLServer,120.0,120.0,0.0,7.0,False,False,780
10540,3,10.0,60.0,0.0,SQLServer,QUICK,3,1997-05-19 00:00:00,1997-06-16,1997-06-13,3.0,1007.64,QUICK-Stop,Taucherstraße 10,Cunewalde,,01307,Germany,SQLServer,600.0,600.0,0.0,25.0,False,True,781
10540,26,31.23,40.0,0.0,SQLServer,QUICK,3,1997-05-19 00:00:00,1997-06-16,1997-06-13,3.0,1007.64,QUICK-Stop,Taucherstraße 10,Cunewalde,,01307,Germany,SQLServer,1249.2,1249.2,0.0,25.0,False,True,782
10540,38,263.5,30.0,0.0,SQLServer,QUICK,3,1997-05-19 00:00:00,1997-06-16,1997-06-13,3.0,1007.64,QUICK-Stop,Taucherstraße 10,Cunewalde,,01307,Germany,SQLServer,7905.0,7905.0,0.0,25.0,False,True,783
10540,68,12.5,35.0,0.0,SQLServer,QUICK,3,1997-05-19 00:00:00,1997-06-16,1997-06-13,3.0,1007.64,QUICK-Stop,Taucherstraße 10,Cunewalde,,01307,Germany,SQLServer,437.5,437.5,0.0,25.0,False,True,784
10541,24,4.5,35.0,0.10000000149011612,SQLServer,HANAR,2,1997-05-19 00:00:00,1997-06-16,1997-05-29,1.0,68.65,Hanari Carnes,"Rua do Paço, 67",Rio de Janeiro,RJ,05454-876,Brazil,SQLServer,141.75,157.5,15.75,10.0,False,False,785
10541,38,263.5,4.0,0.10000000149011612,SQLServer,HANAR,2,1997-05-19 00:00:00,1997-06-16,1997-05-29,1.0,68.65,Hanari Carnes,"Rua do Paço, 67",Rio de Janeiro,RJ,05454-876,Brazil,SQLServer,948.6,1054.0,105.4,10.0,False,False,786
10541,65,21.05,36.0,0.10000000149011612,SQLServer,HANAR,2,1997-05-19 00:00:00,1997-06-16,1997-05-29,1.0,68.65,Hanari Carnes,"Rua do Paço, 67",Rio de Janeiro,RJ,05454-876,Brazil,SQLServer,682.02,757.8,75.78,10.0,False,False,787
10541,71,21.5,9.0,0.10000000149011612,SQLServer,HANAR,2,1997-05-19 00:00:00,1997-06-16,1997-05-29,1.0,68.65,Hanari Carnes,"Rua do Paço, 67",Rio de Janeiro,RJ,05454-876,Brazil,SQLServer,174.15,193.5,19.35,10.0,False,False,788
10542,11,21.0,15.0,0.05000000074505806,SQLServer,KOENE,1,1997-05-20 00:00:00,1997-06-17,1997-05-26,3.0,10.95,Königlich Essen,Maubelstr. 90,Brandenburg,,14776,Germany,SQLServer,299.25,315.0,15.75,6.0,False,False,789
10542,54,7.45,24.0,0.05000000074505806,SQLServer,KOENE,1,1997-05-20 00:00:00,1997-06-17,1997-05-26,3.0,10.95,Königlich Essen,Maubelstr. 90,Brandenburg,,14776,Germany,SQLServer,169.86,178.8,8.94,6.0,False,False,790
10543,12,38.0,30.0,0.15000000596046448,SQLServer,LILAS,8,1997-05-21 00:00:00,1997-06-18,1997-05-23,2.0,48.17,LILA-Supermercado,Carrera 52 con Ave. Bolívar #65-98 Llano Largo,Barquisimeto,Lara,3508,Venezuela,SQLServer,969.0,1140.0,171.0,2.0,False,False,791
10543,23,9.0,70.0,0.15000000596046448,SQLServer,LILAS,8,1997-05-21 00:00:00,1997-06-18,1997-05-23,2.0,48.17,LILA-Supermercado,Carrera 52 con Ave. Bolívar #65-98 Llano Largo,Barquisimeto,Lara,3508,Venezuela,SQLServer,535.5,630.0,94.5,2.0,False,False,792
10544,28,45.6,7.0,0.0,SQLServer,LONEP,4,1997-05-21 00:00:00,1997-06-18,1997-05-30,1.0,24.91,Lonesome Pine Restaurant,89 Chiaroscuro Rd.,Portland,OR,97219,USA,SQLServer,319.2,319.2,0.0,9.0,False,False,793
10544,67,14.0,7.0,0.0,SQLServer,LONEP,4,1997-05-21 00:00:00,1997-06-18,1997-05-30,1.0,24.91,Lonesome Pine Restaurant,89 Chiaroscuro Rd.,Portland,OR,97219,USA,SQLServer,98.0,98.0,0.0,9.0,False,False,794
10545,11,21.0,10.0,0.0,SQLServer,LAZYK,8,1997-05-22 00:00:00,1997-06-19,1997-06-26,2.0,11.92,Lazy K Kountry Store,12 Orchestra Terrace,Walla Walla,WA,99362,USA,SQLServer,210.0,210.0,0.0,35.0,True,False,795
10546,7,30.0,10.0,0.0,SQLServer,VICTE,1,1997-05-23 00:00:00,1997-06-20,1997-05-27,3.0,194.72,Victuailles en stock,"2, rue du Commerce",Lyon,,69004,France,SQLServer,300.0,300.0,0.0,4.0,False,False,796
10546,35,18.0,30.0,0.0,SQLServer,VICTE,1,1997-05-23 00:00:00,1997-06-20,1997-05-27,3.0,194.72,Victuailles en stock,"2, rue du Commerce",Lyon,,69004,France,SQLServer,540.0,540.0,0.0,4.0,False,False,797
10546,62,49.3,40.0,0.0,SQLServer,VICTE,1,1997-05-23 00:00:00,1997-06-20,1997-05-27,3.0,194.72,Victuailles en stock,"2, rue du Commerce",Lyon,,69004,France,SQLServer,1972.0,1972.0,0.0,4.0,False,False,798
10547,32,32.0,24.0,0.15000000596046448,SQLServer,SEVES,3,1997-05-23 00:00:00,1997-06-20,1997-06-02,2.0,178.43,Seven Seas Imports,90 Wadhurst Rd.,London,,OX15 4NB,UK,SQLServer,652.8,768.0,115.2,10.0,False,False,799
10547,36,19.0,60.0,0.0,SQLServer,SEVES,3,1997-05-23 00:00:00,1997-06-20,1997-06-02,2.0,178.43,Seven Seas Imports,90 Wadhurst Rd.,London,,OX15 4NB,UK,SQLServer,1140.0,1140.0,0.0,10.0,False,False,800
10548,34,14.0,10.0,0.25,SQLServer,TOMSP,3,1997-05-26 00:00:00,1997-06-23,1997-06-02,2.0,1.43,Toms Spezialitäten,Luisenstr. 48,Münster,,44087,Germany,SQLServer,105.0,140.0,35.0,7.0,False,False,801
10548,41,9.65,14.0,0.0,SQLServer,TOMSP,3,1997-05-26 00:00:00,1997-06-23,1997-06-02,2.0,1.43,Toms Spezialitäten,Luisenstr. 48,Münster,,44087,Germany,SQLServer,135.1,135.1,0.0,7.0,False,False,802
10549,31,12.5,55.0,0.15000000596046448,SQLServer,QUICK,5,1997-05-27 00:00:00,1997-06-10,1997-05-30,1.0,171.24,QUICK-Stop,Taucherstraße 10,Cunewalde,,01307,Germany,SQLServer,584.37,687.5,103.13,3.0,False,False,803
10549,45,9.5,100.0,0.15000000596046448,SQLServer,QUICK,5,1997-05-27 00:00:00,1997-06-10,1997-05-30,1.0,171.24,QUICK-Stop,Taucherstraße 10,Cunewalde,,01307,Germany,SQLServer,807.5,950.0,142.5,3.0,False,False,804
10549,51,53.0,48.0,0.15000000596046448,SQLServer,QUICK,5,1997-05-27 00:00:00,1997-06-10,1997-05-30,1.0,171.24,QUICK-Stop,Taucherstraße 10,Cunewalde,,01307,Germany,SQLServer,2162.4,2544.0,381.6,3.0,False,False,805
10550,17,39.0,8.0,0.10000000149011612,SQLServer,GODOS,7,1997-05-28 00:00:00,1997-06-25,1997-06-06,3.0,4.32,Godos Cocina Típica,"C/ Romero, 33",Sevilla,,41101,Spain,SQLServer,280.8,312.0,31.2,9.0,False,False,806
10550,19,9.2,10.0,0.0,SQLServer,GODOS,7,1997-05-28 00:00:00,1997-06-25,1997-06-06,3.0,4.32,Godos Cocina Típica,"C/ Romero, 33",Sevilla,,41101,Spain,SQLServer,92.0,92.0,0.0,9.0,False,False,807
10550,21,10.0,6.0,0.10000000149011612,SQLServer,GODOS,7,1997-05-28 00:00:00,1997-06-25,1997-06-06,3.0,4.32,Godos Cocina Típica,"C/ Romero, 33",Sevilla,,41101,Spain,SQLServer,54.0,60.0,6.0,9.0,False,False,808
10550,61,28.5,10.0,0.10000000149011612,SQLServer,GODOS,7,1997-05-28 00:00:00,1997-06-25,1997-06-06,3.0,4.32,Godos Cocina Típica,"C/ Romero, 33",Sevilla,,41101,Spain,SQLServer,256.5,285.0,28.5,9.0,False,False,809
10551,16,17.45,40.0,0.15000000596046448,SQLServer,FURIB,4,1997-05-28 00:00:00,1997-07-09,1997-06-06,3.0,72.95,Furia Bacalhau e Frutos do Mar,Jardim das rosas n. 32,Lisboa,,1675,Portugal,SQLServer,593.3,698.0,104.7,9.0,False,False,810
10551,35,18.0,20.0,0.15000000596046448,SQLServer,FURIB,4,1997-05-28 00:00:00,1997-07-09,1997-06-06,3.0,72.95,Furia Bacalhau e Frutos do Mar,Jardim das rosas n. 32,Lisboa,,1675,Portugal,SQLServer,306.0,360.0,54.0,9.0,False,False,811
10551,44,19.45,40.0,0.0,SQLServer,FURIB,4,1997-05-28 00:00:00,1997-07-09,1997-06-06,3.0,72.95,Furia Bacalhau e Frutos do Mar,Jardim das rosas n. 32,Lisboa,,1675,Portugal,SQLServer,778.0,778.0,0.0,9.0,False,False,812
10552,69,36.0,18.0,0.0,SQLServer,HILAA,2,1997-05-29 00:00:00,1997-06-26,1997-06-05,1.0,83.22,HILARION-Abastos,Carrera 22 con Ave. Carlos Soublette #8-35,San Cristóbal,Táchira,5022,Venezuela,SQLServer,648.0,648.0,0.0,7.0,False,False,813
10552,75,7.75,30.0,0.0,SQLServer,HILAA,2,1997-05-29 00:00:00,1997-06-26,1997-06-05,1.0,83.22,HILARION-Abastos,Carrera 22 con Ave. Carlos Soublette #8-35,San Cristóbal,Táchira,5022,Venezuela,SQLServer,232.5,232.5,0.0,7.0,False,False,814
10553,11,21.0,15.0,0.0,SQLServer,WARTH,2,1997-05-30 00:00:00,1997-06-27,1997-06-03,2.0,149.49,Wartian Herkku,Torikatu 38,Oulu,,90110,Finland,SQLServer,315.0,315.0,0.0,4.0,False,False,815
10553,16,17.45,14.0,0.0,SQLServer,WARTH,2,1997-05-30 00:00:00,1997-06-27,1997-06-03,2.0,149.49,Wartian Herkku,Torikatu 38,Oulu,,90110,Finland,SQLServer,244.3,244.3,0.0,4.0,False,False,816
10553,22,21.0,24.0,0.0,SQLServer,WARTH,2,1997-05-30 00:00:00,1997-06-27,1997-06-03,2.0,149.49,Wartian Herkku,Torikatu 38,Oulu,,90110,Finland,SQLServer,504.0,504.0,0.0,4.0,False,False,817
10553,31,12.5,30.0,0.0,SQLServer,WARTH,2,1997-05-30 00:00:00,1997-06-27,1997-06-03,2.0,149.49,Wartian Herkku,Torikatu 38,Oulu,,90110,Finland,SQLServer,375.0,375.0,0.0,4.0,False,False,818
10553,35,18.0,6.0,0.0,SQLServer,WARTH,2,1997-05-30 00:00:00,1997-06-27,1997-06-03,2.0,149.49,Wartian Herkku,Torikatu 38,Oulu,,90110,Finland,SQLServer,108.0,108.0,0.0,4.0,False,False,819
10554,16,17.45,30.0,0.05000000074505806,SQLServer,OTTIK,4,1997-05-30 00:00:00,1997-06-27,1997-06-05,3.0,120.97,Ottilies Käseladen,Mehrheimerstr. 369,Köln,,50739,Germany,SQLServer,497.32,523.5,26.18,6.0,False,False,820
10554,23,9.0,20.0,0.05000000074505806,SQLServer,OTTIK,4,1997-05-30 00:00:00,1997-06-27,1997-06-05,3.0,120.97,Ottilies Käseladen,Mehrheimerstr. 369,Köln,,50739,Germany,SQLServer,171.0,180.0,9.0,6.0,False,False,821
10554,62,49.3,20.0,0.05000000074505806,SQLServer,OTTIK,4,1997-05-30 00:00:00,1997-06-27,1997-06-05,3.0,120.97,Ottilies Käseladen,Mehrheimerstr. 369,Köln,,50739,Germany,SQLServer,936.7,986.0,49.3,6.0,False,False,822
10554,77,13.0,10.0,0.05000000074505806,SQLServer,OTTIK,4,1997-05-30 00:00:00,1997-06-27,1997-06-05,3.0,120.97,Ottilies Käseladen,Mehrheimerstr. 369,Köln,,50739,Germany,SQLServer,123.5,130.0,6.5,6.0,False,False,823
10555,14,23.25,30.0,0.20000000298023224,SQLServer,SAVEA,6,1997-06-02 00:00:00,1997-06-30,1997-06-04,3.0,252.49,Save-a-lot Markets,187 Suffolk Ln.,Boise,ID,83720,USA,SQLServer,558.0,697.5,139.5,2.0,False,False,824
10555,19,9.2,35.0,0.20000000298023224,SQLServer,SAVEA,6,1997-06-02 00:00:00,1997-06-30,1997-06-04,3.0,252.49,Save-a-lot Markets,187 Suffolk Ln.,Boise,ID,83720,USA,SQLServer,257.6,322.0,64.4,2.0,False,False,825
10555,24,4.5,18.0,0.20000000298023224,SQLServer,SAVEA,6,1997-06-02 00:00:00,1997-06-30,1997-06-04,3.0,252.49,Save-a-lot Markets,187 Suffolk Ln.,Boise,ID,83720,USA,SQLServer,64.8,81.0,16.2,2.0,False,False,826
10555,51,53.0,20.0,0.20000000298023224,SQLServer,SAVEA,6,1997-06-02 00:00:00,1997-06-30,1997-06-04,3.0,252.49,Save-a-lot Markets,187 Suffolk Ln.,Boise,ID,83720,USA,SQLServer,848.0,1060.0,212.0,2.0,False,False,827
10555,56,38.0,40.0,0.20000000298023224,SQLServer,SAVEA,6,1997-06-02 00:00:00,1997-06-30,1997-06-04,3.0,252.49,Save-a-lot Markets,187 Suffolk Ln.,Boise,ID,83720,USA,SQLServer,1216.0,1520.0,304.0,2.0,False,False,828
10556,72,34.8,24.0,0.0,SQLServer,SIMOB,2,1997-06-03 00:00:00,1997-07-15,1997-06-13,1.0,9.8,Simons bistro,Vinbæltet 34,Kobenhavn,,1734,Denmark,SQLServer,835.2,835.2,0.0,10.0,False,False,829
10557,64,33.25,30.0,0.0,SQLServer,LEHMS,9,1997-06-03 00:00:00,1997-06-17,1997-06-06,2.0,96.72,Lehmanns Marktstand,Magazinweg 7,Frankfurt a.M.,,60528,Germany,SQLServer,997.5,997.5,0.0,3.0,False,False,830
10557,75,7.75,20.0,0.0,SQLServer,LEHMS,9,1997-06-03 00:00:00,1997-06-17,1997-06-06,2.0,96.72,Lehmanns Marktstand,Magazinweg 7,Frankfurt a.M.,,60528,Germany,SQLServer,155.0,155.0,0.0,3.0,False,False,831
10558,47,9.5,25.0,0.0,SQLServer,AROUT,1,1997-06-04 00:00:00,1997-07-02,1997-06-10,2.0,72.97,Around the Horn,Brook Farm Stratford St. Mary,Colchester,Essex,CO7 6JX,UK,SQLServer,237.5,237.5,0.0,6.0,False,False,832
10558,51,53.0,20.0,0.0,SQLServer,AROUT,1,1997-06-04 00:00:00,1997-07-02,1997-06-10,2.0,72.97,Around the Horn,Brook Farm Stratford St. Mary,Colchester,Essex,CO7 6JX,UK,SQLServer,1060.0,1060.0,0.0,6.0,False,False,833
10558,52,7.0,30.0,0.0,SQLServer,AROUT,1,1997-06-04 00:00:00,1997-07-02,1997-06-10,2.0,72.97,Around the Horn,Brook Farm Stratford St. Mary,Colchester,Essex,CO7 6JX,UK,SQLServer,210.0,210.0,0.0,6.0,False,False,834
10558,53,32.8,18.0,0.0,SQLServer,AROUT,1,1997-06-04 00:00:00,1997-07-02,1997-06-10,2.0,72.97,Around the Horn,Brook Farm Stratford St. Mary,Colchester,Essex,CO7 6JX,UK,SQLServer,590.4,590.4,0.0,6.0,False,False,835
10558,73,15.0,3.0,0.0,SQLServer,AROUT,1,1997-06-04 00:00:00,1997-07-02,1997-06-10,2.0,72.97,Around the Horn,Brook Farm Stratford St. Mary,Colchester,Essex,CO7 6JX,UK,SQLServer,45.0,45.0,0.0,6.0,False,False,836
10559,41,9.65,12.0,0.05000000074505806,SQLServer,BLONP,6,1997-06-05 00:00:00,1997-07-03,1997-06-13,1.0,8.05,Blondel père et fils,"24, place Kléber",Strasbourg,,67000,France,SQLServer,110.01,115.8,5.79,8.0,False,False,837
10559,55,24.0,18.0,0.05000000074505806,SQLServer,BLONP,6,1997-06-05 00:00:00,1997-07-03,1997-06-13,1.0,8.05,Blondel père et fils,"24, place Kléber",Strasbourg,,67000,France,SQLServer,410.4,432.0,21.6,8.0,False,False,838
10560,30,25.89,20.0,0.0,SQLServer,FRANK,8,1997-06-06 00:00:00,1997-07-04,1997-06-09,1.0,36.65,Frankenversand,Berliner Platz 43,München,,80805,Germany,SQLServer,517.8,517.8,0.0,3.0,False,False,839
10560,62,49.3,15.0,0.25,SQLServer,FRANK,8,1997-06-06 00:00:00,1997-07-04,1997-06-09,1.0,36.65,Frankenversand,Berliner Platz 43,München,,80805,Germany,SQLServer,554.62,739.5,184.88,3.0,False,False,840
10561,44,19.45,10.0,0.0,SQLServer,FOLKO,2,1997-06-06 00:00:00,1997-07-04,1997-06-09,2.0,242.21,Folk och fä HB,Åkergatan 24,Bräcke,,S-844 67,Sweden,SQLServer,194.5,194.5,0.0,3.0,False,False,841
10561,51,53.0,50.0,0.0,SQLServer,FOLKO,2,1997-06-06 00:00:00,1997-07-04,1997-06-09,2.0,242.21,Folk och fä HB,Åkergatan 24,Bräcke,,S-844 67,Sweden,SQLServer,2650.0,2650.0,0.0,3.0,False,False,842
10562,33,2.5,20.0,0.10000000149011612,SQLServer,REGGC,1,1997-06-09 00:00:00,1997-07-07,1997-06-12,1.0,22.95,Reggiani Caseifici,Strada Provinciale 124,Reggio Emilia,,42100,Italy,SQLServer,45.0,50.0,5.0,3.0,False,False,843
10562,62,49.3,10.0,0.10000000149011612,SQLServer,REGGC,1,1997-06-09 00:00:00,1997-07-07,1997-06-12,1.0,22.95,Reggiani Caseifici,Strada Provinciale 124,Reggio Emilia,,42100,Italy,SQLServer,443.7,493.0,49.3,3.0,False,False,844
10563,36,19.0,25.0,0.0,SQLServer,RICAR,2,1997-06-10 00:00:00,1997-07-22,1997-06-24,2.0,60.43,Ricardo Adocicados,"Av. Copacabana, 267",Rio de Janeiro,RJ,02389-890,Brazil,SQLServer,475.0,475.0,0.0,14.0,False,False,845
10563,52,7.0,70.0,0.0,SQLServer,RICAR,2,1997-06-10 00:00:00,1997-07-22,1997-06-24,2.0,60.43,Ricardo Adocicados,"Av. Copacabana, 267",Rio de Janeiro,RJ,02389-890,Brazil,SQLServer,490.0,490.0,0.0,14.0,False,False,846
10564,17,39.0,16.0,0.05000000074505806,SQLServer,RATTC,4,1997-06-10 00:00:00,1997-07-08,1997-06-16,3.0,13.75,Rattlesnake Canyon Grocery,2817 Milton Dr.,Albuquerque,NM,87110,USA,SQLServer,592.8,624.0,31.2,6.0,False,False,847
10564,31,12.5,6.0,0.05000000074505806,SQLServer,RATTC,4,1997-06-10 00:00:00,1997-07-08,1997-06-16,3.0,13.75,Rattlesnake Canyon Grocery,2817 Milton Dr.,Albuquerque,NM,87110,USA,SQLServer,71.25,75.0,3.75,6.0,False,False,848
10564,55,24.0,25.0,0.05000000074505806,SQLServer,RATTC,4,1997-06-10 00:00:00,1997-07-08,1997-06-16,3.0,13.75,Rattlesnake Canyon Grocery,2817 Milton Dr.,Albuquerque,NM,87110,USA,SQLServer,570.0,600.0,30.0,6.0,False,False,849
10565,24,4.5,25.0,0.10000000149011612,SQLServer,MEREP,8,1997-06-11 00:00:00,1997-07-09,1997-06-18,2.0,7.15,Mère Paillarde,43 rue St. Laurent,Montréal,Québec,H1J 1C3,Canada,SQLServer,101.25,112.5,11.25,7.0,False,False,850
10565,64,33.25,18.0,0.10000000149011612,SQLServer,MEREP,8,1997-06-11 00:00:00,1997-07-09,1997-06-18,2.0,7.15,Mère Paillarde,43 rue St. Laurent,Montréal,Québec,H1J 1C3,Canada,SQLServer,538.65,598.5,59.85,7.0,False,False,851
10566,11,21.0,35.0,0.15000000596046448,SQLServer,BLONP,9,1997-06-12 00:00:00,1997-07-10,1997-06-18,1.0,88.4,Blondel père et fils,"24, place Kléber",Strasbourg,,67000,France,SQLServer,624.75,735.0,110.25,6.0,False,False,852
10566,18,62.5,18.0,0.15000000596046448,SQLServer,BLONP,9,1997-06-12 00:00:00,1997-07-10,1997-06-18,1.0,88.4,Blondel père et fils,"24, place Kléber",Strasbourg,,67000,France,SQLServer,956.25,1125.0,168.75,6.0,False,False,853
10566,76,18.0,10.0,0.0,SQLServer,BLONP,9,1997-06-12 00:00:00,1997-07-10,1997-06-18,1.0,88.4,Blondel père et fils,"24, place Kléber",Strasbourg,,67000,France,SQLServer,180.0,180.0,0.0,6.0,False,False,854
10567,31,12.5,60.0,0.20000000298023224,SQLServer,HUNGO,1,1997-06-12 00:00:00,1997-07-10,1997-06-17,1.0,33.97,Hungry Owl All-Night Grocers,8 Johnstown Road,Cork,Co. Cork,,Ireland,SQLServer,600.0,750.0,150.0,5.0,False,False,855
10567,51,53.0,3.0,0.0,SQLServer,HUNGO,1,1997-06-12 00:00:00,1997-07-10,1997-06-17,1.0,33.97,Hungry Owl All-Night Grocers,8 Johnstown Road,Cork,Co. Cork,,Ireland,SQLServer,159.0,159.0,0.0,5.0,False,False,856
10567,59,55.0,40.0,0.20000000298023224,SQLServer,HUNGO,1,1997-06-12 00:00:00,1997-07-10,1997-06-17,1.0,33.97,Hungry Owl All-Night Grocers,8 Johnstown Road,Cork,Co. Cork,,Ireland,SQLServer,1760.0,2200.0,440.0,5.0,False,False,857
10568,10,31.0,5.0,0.0,SQLServer,GALED,3,1997-06-13 00:00:00,1997-07-11,1997-07-09,3.0,6.54,Galería del gastronómo,"Rambla de Cataluña, 23",Barcelona,,8022,Spain,SQLServer,155.0,155.0,0.0,26.0,False,False,858
10569,31,12.5,35.0,0.20000000298023224,SQLServer,RATTC,5,1997-06-16 00:00:00,1997-07-14,1997-07-11,1.0,58.98,Rattlesnake Canyon Grocery,2817 Milton Dr.,Albuquerque,NM,87110,USA,SQLServer,350.0,437.5,87.5,25.0,False,False,859
10569,76,18.0,30.0,0.0,SQLServer,RATTC,5,1997-06-16 00:00:00,1997-07-14,1997-07-11,1.0,58.98,Rattlesnake Canyon Grocery,2817 Milton Dr.,Albuquerque,NM,87110,USA,SQLServer,540.0,540.0,0.0,25.0,False,False,860
10570,11,21.0,15.0,0.05000000074505806,SQLServer,MEREP,3,1997-06-17 00:00:00,1997-07-15,1997-06-19,3.0,188.99,Mère Paillarde,43 rue St. Laurent,Montréal,Québec,H1J 1C3,Canada,SQLServer,299.25,315.0,15.75,2.0,False,False,861
10570,56,38.0,60.0,0.05000000074505806,SQLServer,MEREP,3,1997-06-17 00:00:00,1997-07-15,1997-06-19,3.0,188.99,Mère Paillarde,43 rue St. Laurent,Montréal,Québec,H1J 1C3,Canada,SQLServer,2166.0,2280.0,114.0,2.0,False,False,862
10571,14,23.25,11.0,0.15000000596046448,SQLServer,ERNSH,8,1997-06-17 00:00:00,1997-07-29,1997-07-04,3.0,26.06,Ernst Handel,Kirchgasse 6,Graz,,8010,Austria,SQLServer,217.39,255.75,38.36,17.0,False,False,863
10571,42,14.0,28.0,0.15000000596046448,SQLServer,ERNSH,8,1997-06-17 00:00:00,1997-07-29,1997-07-04,3.0,26.06,Ernst Handel,Kirchgasse 6,Graz,,8010,Austria,SQLServer,333.2,392.0,58.8,17.0,False,False,864
10572,16,17.45,12.0,0.10000000149011612,SQLServer,BERGS,3,1997-06-18 00:00:00,1997-07-16,1997-06-25,2.0,116.43,Berglunds snabbköp,Berguvsvägen  8,Luleå,,S-958 22,Sweden,SQLServer,188.46,209.4,20.94,7.0,False,False,865
10572,32,32.0,10.0,0.10000000149011612,SQLServer,BERGS,3,1997-06-18 00:00:00,1997-07-16,1997-06-25,2.0,116.43,Berglunds snabbköp,Berguvsvägen  8,Luleå,,S-958 22,Sweden,SQLServer,288.0,320.0,32.0,7.0,False,False,866
10572,40,18.4,50.0,0.0,SQLServer,BERGS,3,1997-06-18 00:00:00,1997-07-16,1997-06-25,2.0,116.43,Berglunds snabbköp,Berguvsvägen  8,Luleå,,S-958 22,Sweden,SQLServer,920.0,920.0,0.0,7.0,False,False,867
10572,75,7.75,15.0,0.10000000149011612,SQLServer,BERGS,3,1997-06-18 00:00:00,1997-07-16,1997-06-25,2.0,116.43,Berglunds snabbköp,Berguvsvägen  8,Luleå,,S-958 22,Sweden,SQLServer,104.62,116.25,11.63,7.0,False,False,868
10573,17,39.0,18.0,0.0,SQLServer,ANTON,7,1997-06-19 00:00:00,1997-07-17,1997-06-20,3.0,84.84,Antonio Moreno Taquería,Mataderos  2312,México D.F.,,05023,Mexico,SQLServer,702.0,702.0,0.0,1.0,False,False,869
10573,34,14.0,40.0,0.0,SQLServer,ANTON,7,1997-06-19 00:00:00,1997-07-17,1997-06-20,3.0,84.84,Antonio Moreno Taquería,Mataderos  2312,México D.F.,,05023,Mexico,SQLServer,560.0,560.0,0.0,1.0,False,False,870
10573,53,32.8,25.0,0.0,SQLServer,ANTON,7,1997-06-19 00:00:00,1997-07-17,1997-06-20,3.0,84.84,Antonio Moreno Taquería,Mataderos  2312,México D.F.,,05023,Mexico,SQLServer,820.0,820.0,0.0,1.0,False,False,871
10574,33,2.5,14.0,0.0,SQLServer,TRAIH,4,1997-06-19 00:00:00,1997-07-17,1997-06-30,2.0,37.6,Trail's Head Gourmet Provisioners,722 DaVinci Blvd.,Kirkland,WA,98034,USA,SQLServer,35.0,35.0,0.0,11.0,False,False,872
10574,40,18.4,2.0,0.0,SQLServer,TRAIH,4,1997-06-19 00:00:00,1997-07-17,1997-06-30,2.0,37.6,Trail's Head Gourmet Provisioners,722 DaVinci Blvd.,Kirkland,WA,98034,USA,SQLServer,36.8,36.8,0.0,11.0,False,False,873
10574,62,49.3,10.0,0.0,SQLServer,TRAIH,4,1997-06-19 00:00:00,1997-07-17,1997-06-30,2.0,37.6,Trail's Head Gourmet Provisioners,722 DaVinci Blvd.,Kirkland,WA,98034,USA,SQLServer,493.0,493.0,0.0,11.0,False,False,874
10574,64,33.25,6.0,0.0,SQLServer,TRAIH,4,1997-06-19 00:00:00,1997-07-17,1997-06-30,2.0,37.6,Trail's Head Gourmet Provisioners,722 DaVinci Blvd.,Kirkland,WA,98034,USA,SQLServer,199.5,199.5,0.0,11.0,False,False,875
10575,59,55.0,12.0,0.0,SQLServer,MORGK,5,1997-06-20 00:00:00,1997-07-04,1997-06-30,1.0,127.34,Morgenstern Gesundkost,Heerstr. 22,Leipzig,,04179,Germany,SQLServer,660.0,660.0,0.0,10.0,False,False,876
10575,63,43.9,6.0,0.0,SQLServer,MORGK,5,1997-06-20 00:00:00,1997-07-04,1997-06-30,1.0,127.34,Morgenstern Gesundkost,Heerstr. 22,Leipzig,,04179,Germany,SQLServer,263.4,263.4,0.0,10.0,False,False,877
10575,72,34.8,30.0,0.0,SQLServer,MORGK,5,1997-06-20 00:00:00,1997-07-04,1997-06-30,1.0,127.34,Morgenstern Gesundkost,Heerstr. 22,Leipzig,,04179,Germany,SQLServer,1044.0,1044.0,0.0,10.0,False,False,878
10575,76,18.0,10.0,0.0,SQLServer,MORGK,5,1997-06-20 00:00:00,1997-07-04,1997-06-30,1.0,127.34,Morgenstern Gesundkost,Heerstr. 22,Leipzig,,04179,Germany,SQLServer,180.0,180.0,0.0,10.0,False,False,879
10576,1,18.0,10.0,0.0,SQLServer,TORTU,3,1997-06-23 00:00:00,1997-07-07,1997-06-30,3.0,18.56,Tortuga Restaurante,Avda. Azteca 123,México D.F.,,05033,Mexico,SQLServer,180.0,180.0,0.0,7.0,False,False,880
10576,31,12.5,20.0,0.0,SQLServer,TORTU,3,1997-06-23 00:00:00,1997-07-07,1997-06-30,3.0,18.56,Tortuga Restaurante,Avda. Azteca 123,México D.F.,,05033,Mexico,SQLServer,250.0,250.0,0.0,7.0,False,False,881
10576,44,19.45,21.0,0.0,SQLServer,TORTU,3,1997-06-23 00:00:00,1997-07-07,1997-06-30,3.0,18.56,Tortuga Restaurante,Avda. Azteca 123,México D.F.,,05033,Mexico,SQLServer,408.45,408.45,0.0,7.0,False,False,882
10577,39,18.0,10.0,0.0,SQLServer,TRAIH,9,1997-06-23 00:00:00,1997-08-04,1997-06-30,2.0,25.41,Trail's Head Gourmet Provisioners,722 DaVinci Blvd.,Kirkland,WA,98034,USA,SQLServer,180.0,180.0,0.0,7.0,False,False,883
10577,75,7.75,20.0,0.0,SQLServer,TRAIH,9,1997-06-23 00:00:00,1997-08-04,1997-06-30,2.0,25.41,Trail's Head Gourmet Provisioners,722 DaVinci Blvd.,Kirkland,WA,98034,USA,SQLServer,155.0,155.0,0.0,7.0,False,False,884
10577,77,13.0,18.0,0.0,SQLServer,TRAIH,9,1997-06-23 00:00:00,1997-08-04,1997-06-30,2.0,25.41,Trail's Head Gourmet Provisioners,722 DaVinci Blvd.,Kirkland,WA,98034,USA,SQLServer,234.0,234.0,0.0,7.0,False,False,885
10578,35,18.0,20.0,0.0,SQLServer,BSBEV,4,1997-06-24 00:00:00,1997-07-22,1997-07-25,3.0,29.6,B's Beverages,Fauntleroy Circus,London,,EC2 5NT,UK,SQLServer,360.0,360.0,0.0,31.0,True,False,886
10578,57,19.5,6.0,0.0,SQLServer,BSBEV,4,1997-06-24 00:00:00,1997-07-22,1997-07-25,3.0,29.6,B's Beverages,Fauntleroy Circus,London,,EC2 5NT,UK,SQLServer,117.0,117.0,0.0,31.0,True,False,887
10579,15,15.5,10.0,0.0,SQLServer,LETSS,1,1997-06-25 00:00:00,1997-07-23,1997-07-04,2.0,13.73,Let's Stop N Shop,87 Polk St. Suite 5,San Francisco,CA,94117,USA,SQLServer,155.0,155.0,0.0,9.0,False,False,888
10579,75,7.75,21.0,0.0,SQLServer,LETSS,1,1997-06-25 00:00:00,1997-07-23,1997-07-04,2.0,13.73,Let's Stop N Shop,87 Polk St. Suite 5,San Francisco,CA,94117,USA,SQLServer,162.75,162.75,0.0,9.0,False,False,889
10580,14,23.25,15.0,0.05000000074505806,SQLServer,OTTIK,4,1997-06-26 00:00:00,1997-07-24,1997-07-01,3.0,75.89,Ottilies Käseladen,Mehrheimerstr. 369,Köln,,50739,Germany,SQLServer,331.31,348.75,17.44,5.0,False,False,890
10580,41,9.65,9.0,0.05000000074505806,SQLServer,OTTIK,4,1997-06-26 00:00:00,1997-07-24,1997-07-01,3.0,75.89,Ottilies Käseladen,Mehrheimerstr. 369,Köln,,50739,Germany,SQLServer,82.51,86.85,4.34,5.0,False,False,891
10580,65,21.05,30.0,0.05000000074505806,SQLServer,OTTIK,4,1997-06-26 00:00:00,1997-07-24,1997-07-01,3.0,75.89,Ottilies Käseladen,Mehrheimerstr. 369,Köln,,50739,Germany,SQLServer,599.92,631.5,31.58,5.0,False,False,892
10581,75,7.75,50.0,0.20000000298023224,SQLServer,FAMIA,3,1997-06-26 00:00:00,1997-07-24,1997-07-02,1.0,3.01,Familia Arquibaldo,"Rua Orós, 92",Sao Paulo,SP,05442-030,Brazil,SQLServer,310.0,387.5,77.5,6.0,False,False,893
10582,57,19.5,4.0,0.0,SQLServer,BLAUS,3,1997-06-27 00:00:00,1997-07-25,1997-07-14,2.0,27.71,Blauer See Delikatessen,Forsterstr. 57,Mannheim,,68306,Germany,SQLServer,78.0,78.0,0.0,17.0,False,False,894
10582,76,18.0,14.0,0.0,SQLServer,BLAUS,3,1997-06-27 00:00:00,1997-07-25,1997-07-14,2.0,27.71,Blauer See Delikatessen,Forsterstr. 57,Mannheim,,68306,Germany,SQLServer,252.0,252.0,0.0,17.0,False,False,895
10583,29,123.79,10.0,0.0,SQLServer,WARTH,2,1997-06-30 00:00:00,1997-07-28,1997-07-04,2.0,7.28,Wartian Herkku,Torikatu 38,Oulu,,90110,Finland,SQLServer,1237.9,1237.9,0.0,4.0,False,False,896
10583,60,34.0,24.0,0.15000000596046448,SQLServer,WARTH,2,1997-06-30 00:00:00,1997-07-28,1997-07-04,2.0,7.28,Wartian Herkku,Torikatu 38,Oulu,,90110,Finland,SQLServer,693.6,816.0,122.4,4.0,False,False,897
10583,69,36.0,10.0,0.15000000596046448,SQLServer,WARTH,2,1997-06-30 00:00:00,1997-07-28,1997-07-04,2.0,7.28,Wartian Herkku,Torikatu 38,Oulu,,90110,Finland,SQLServer,306.0,360.0,54.0,4.0,False,False,898
10584,31,12.5,50.0,0.05000000074505806,SQLServer,BLONP,4,1997-06-30 00:00:00,1997-07-28,1997-07-04,1.0,59.14,Blondel père et fils,"24, place Kléber",Strasbourg,,67000,France,SQLServer,593.75,625.0,31.25,4.0,False,False,899
10585,47,9.5,15.0,0.0,SQLServer,WELLI,7,1997-07-01 00:00:00,1997-07-29,1997-07-10,1.0,13.41,Wellington Importadora,"Rua do Mercado, 12",Resende,SP,08737-363,Brazil,SQLServer,142.5,142.5,0.0,9.0,False,False,900
10586,52,7.0,4.0,0.15000000596046448,SQLServer,REGGC,9,1997-07-02 00:00:00,1997-07-30,1997-07-09,1.0,0.48,Reggiani Caseifici,Strada Provinciale 124,Reggio Emilia,,42100,Italy,SQLServer,23.8,28.0,4.2,7.0,False,False,901
10587,26,31.23,6.0,0.0,SQLServer,QUEDE,1,1997-07-02 00:00:00,1997-07-30,1997-07-09,1.0,62.52,Que Delícia,"Rua da Panificadora, 12",Rio de Janeiro,RJ,02389-673,Brazil,SQLServer,187.38,187.38,0.0,7.0,False,False,902
10587,35,18.0,20.0,0.0,SQLServer,QUEDE,1,1997-07-02 00:00:00,1997-07-30,1997-07-09,1.0,62.52,Que Delícia,"Rua da Panificadora, 12",Rio de Janeiro,RJ,02389-673,Brazil,SQLServer,360.0,360.0,0.0,7.0,False,False,903
10587,77,13.0,20.0,0.0,SQLServer,QUEDE,1,1997-07-02 00:00:00,1997-07-30,1997-07-09,1.0,62.52,Que Delícia,"Rua da Panificadora, 12",Rio de Janeiro,RJ,02389-673,Brazil,SQLServer,260.0,260.0,0.0,7.0,False,False,904
10588,18,62.5,40.0,0.20000000298023224,SQLServer,QUICK,2,1997-07-03 00:00:00,1997-07-31,1997-07-10,3.0,194.67,QUICK-Stop,Taucherstraße 10,Cunewalde,,01307,Germany,SQLServer,2000.0,2500.0,500.0,7.0,False,False,905
10588,42,14.0,100.0,0.20000000298023224,SQLServer,QUICK,2,1997-07-03 00:00:00,1997-07-31,1997-07-10,3.0,194.67,QUICK-Stop,Taucherstraße 10,Cunewalde,,01307,Germany,SQLServer,1120.0,1400.0,280.0,7.0,False,False,906
10589,35,18.0,4.0,0.0,SQLServer,GREAL,8,1997-07-04 00:00:00,1997-08-01,1997-07-14,2.0,4.42,Great Lakes Food Market,2732 Baker Blvd.,Eugene,OR,97403,USA,SQLServer,72.0,72.0,0.0,10.0,False,False,907
10590,1,18.0,20.0,0.0,SQLServer,MEREP,4,1997-07-07 00:00:00,1997-08-04,1997-07-14,3.0,44.77,Mère Paillarde,43 rue St. Laurent,Montréal,Québec,H1J 1C3,Canada,SQLServer,360.0,360.0,0.0,7.0,False,False,908
10590,77,13.0,60.0,0.05000000074505806,SQLServer,MEREP,4,1997-07-07 00:00:00,1997-08-04,1997-07-14,3.0,44.77,Mère Paillarde,43 rue St. Laurent,Montréal,Québec,H1J 1C3,Canada,SQLServer,741.0,780.0,39.0,7.0,False,False,909
10591,3,10.0,14.0,0.0,SQLServer,VAFFE,1,1997-07-07 00:00:00,1997-07-21,1997-07-16,1.0,55.92,Vaffeljernet,Smagsloget 45,Århus,,8200,Denmark,SQLServer,140.0,140.0,0.0,9.0,False,False,910
10591,7,30.0,10.0,0.0,SQLServer,VAFFE,1,1997-07-07 00:00:00,1997-07-21,1997-07-16,1.0,55.92,Vaffeljernet,Smagsloget 45,Århus,,8200,Denmark,SQLServer,300.0,300.0,0.0,9.0,False,False,911
10591,54,7.45,50.0,0.0,SQLServer,VAFFE,1,1997-07-07 00:00:00,1997-07-21,1997-07-16,1.0,55.92,Vaffeljernet,Smagsloget 45,Århus,,8200,Denmark,SQLServer,372.5,372.5,0.0,9.0,False,False,912
10592,15,15.5,25.0,0.05000000074505806,SQLServer,LEHMS,3,1997-07-08 00:00:00,1997-08-05,1997-07-16,1.0,32.1,Lehmanns Marktstand,Magazinweg 7,Frankfurt a.M.,,60528,Germany,SQLServer,368.12,387.5,19.38,8.0,False,False,913
10592,26,31.23,5.0,0.05000000074505806,SQLServer,LEHMS,3,1997-07-08 00:00:00,1997-08-05,1997-07-16,1.0,32.1,Lehmanns Marktstand,Magazinweg 7,Frankfurt a.M.,,60528,Germany,SQLServer,148.34,156.15,7.81,8.0,False,False,914
10593,20,81.0,21.0,0.20000000298023224,SQLServer,LEHMS,7,1997-07-09 00:00:00,1997-08-06,1997-08-13,2.0,174.2,Lehmanns Marktstand,Magazinweg 7,Frankfurt a.M.,,60528,Germany,SQLServer,1360.8,1701.0,340.2,35.0,True,False,915
10593,69,36.0,20.0,0.20000000298023224,SQLServer,LEHMS,7,1997-07-09 00:00:00,1997-08-06,1997-08-13,2.0,174.2,Lehmanns Marktstand,Magazinweg 7,Frankfurt a.M.,,60528,Germany,SQLServer,576.0,720.0,144.0,35.0,True,False,916
10593,76,18.0,4.0,0.20000000298023224,SQLServer,LEHMS,7,1997-07-09 00:00:00,1997-08-06,1997-08-13,2.0,174.2,Lehmanns Marktstand,Magazinweg 7,Frankfurt a.M.,,60528,Germany,SQLServer,57.6,72.0,14.4,35.0,True,False,917
10594,52,7.0,24.0,0.0,SQLServer,OLDWO,3,1997-07-09 00:00:00,1997-08-06,1997-07-16,2.0,5.24,Old World Delicatessen,2743 Bering St.,Anchorage,AK,99508,USA,SQLServer,168.0,168.0,0.0,7.0,False,False,918
10594,58,13.25,30.0,0.0,SQLServer,OLDWO,3,1997-07-09 00:00:00,1997-08-06,1997-07-16,2.0,5.24,Old World Delicatessen,2743 Bering St.,Anchorage,AK,99508,USA,SQLServer,397.5,397.5,0.0,7.0,False,False,919
10595,35,18.0,30.0,0.25,SQLServer,ERNSH,2,1997-07-10 00:00:00,1997-08-07,1997-07-14,1.0,96.78,Ernst Handel,Kirchgasse 6,Graz,,8010,Austria,SQLServer,405.0,540.0,135.0,4.0,False,False,920
10595,61,28.5,120.0,0.25,SQLServer,ERNSH,2,1997-07-10 00:00:00,1997-08-07,1997-07-14,1.0,96.78,Ernst Handel,Kirchgasse 6,Graz,,8010,Austria,SQLServer,2565.0,3420.0,855.0,4.0,False,False,921
10595,69,36.0,65.0,0.25,SQLServer,ERNSH,2,1997-07-10 00:00:00,1997-08-07,1997-07-14,1.0,96.78,Ernst Handel,Kirchgasse 6,Graz,,8010,Austria,SQLServer,1755.0,2340.0,585.0,4.0,False,False,922
10596,56,38.0,5.0,0.20000000298023224,SQLServer,WHITC,8,1997-07-11 00:00:00,1997-08-08,1997-08-12,1.0,16.34,White Clover Markets,1029 - 12th Ave. S.,Seattle,WA,98124,USA,SQLServer,152.0,190.0,38.0,32.0,True,False,923
10596,63,43.9,24.0,0.20000000298023224,SQLServer,WHITC,8,1997-07-11 00:00:00,1997-08-08,1997-08-12,1.0,16.34,White Clover Markets,1029 - 12th Ave. S.,Seattle,WA,98124,USA,SQLServer,842.88,1053.6,210.72,32.0,True,False,924
10596,75,7.75,30.0,0.20000000298023224,SQLServer,WHITC,8,1997-07-11 00:00:00,1997-08-08,1997-08-12,1.0,16.34,White Clover Markets,1029 - 12th Ave. S.,Seattle,WA,98124,USA,SQLServer,186.0,232.5,46.5,32.0,True,False,925
10597,24,4.5,35.0,0.20000000298023224,SQLServer,PICCO,7,1997-07-11 00:00:00,1997-08-08,1997-07-18,3.0,35.12,Piccolo und mehr,Geislweg 14,Salzburg,,5020,Austria,SQLServer,126.0,157.5,31.5,7.0,False,False,926
10597,57,19.5,20.0,0.0,SQLServer,PICCO,7,1997-07-11 00:00:00,1997-08-08,1997-07-18,3.0,35.12,Piccolo und mehr,Geislweg 14,Salzburg,,5020,Austria,SQLServer,390.0,390.0,0.0,7.0,False,False,927
10597,65,21.05,12.0,0.20000000298023224,SQLServer,PICCO,7,1997-07-11 00:00:00,1997-08-08,1997-07-18,3.0,35.12,Piccolo und mehr,Geislweg 14,Salzburg,,5020,Austria,SQLServer,202.08,252.6,50.52,7.0,False,False,928
10598,27,43.9,50.0,0.0,SQLServer,RATTC,1,1997-07-14 00:00:00,1997-08-11,1997-07-18,3.0,44.42,Rattlesnake Canyon Grocery,2817 Milton Dr.,Albuquerque,NM,87110,USA,SQLServer,2195.0,2195.0,0.0,4.0,False,False,929
10598,71,21.5,9.0,0.0,SQLServer,RATTC,1,1997-07-14 00:00:00,1997-08-11,1997-07-18,3.0,44.42,Rattlesnake Canyon Grocery,2817 Milton Dr.,Albuquerque,NM,87110,USA,SQLServer,193.5,193.5,0.0,4.0,False,False,930
10599,62,49.3,10.0,0.0,SQLServer,BSBEV,6,1997-07-15 00:00:00,1997-08-26,1997-07-21,3.0,29.98,B's Beverages,Fauntleroy Circus,London,,EC2 5NT,UK,SQLServer,493.0,493.0,0.0,6.0,False,False,931
10600,54,7.45,4.0,0.0,SQLServer,HUNGC,4,1997-07-16 00:00:00,1997-08-13,1997-07-21,1.0,45.13,Hungry Coyote Import Store,City Center Plaza 516 Main St.,Elgin,OR,97827,USA,SQLServer,29.8,29.8,0.0,5.0,False,False,932
10600,73,15.0,30.0,0.0,SQLServer,HUNGC,4,1997-07-16 00:00:00,1997-08-13,1997-07-21,1.0,45.13,Hungry Coyote Import Store,City Center Plaza 516 Main St.,Elgin,OR,97827,USA,SQLServer,450.0,450.0,0.0,5.0,False,False,933
10601,13,6.0,60.0,0.0,SQLServer,HILAA,7,1997-07-16 00:00:00,1997-08-27,1997-07-22,1.0,58.3,HILARION-Abastos,Carrera 22 con Ave. Carlos Soublette #8-35,San Cristóbal,Táchira,5022,Venezuela,SQLServer,360.0,360.0,0.0,6.0,False,False,934
10601,59,55.0,35.0,0.0,SQLServer,HILAA,7,1997-07-16 00:00:00,1997-08-27,1997-07-22,1.0,58.3,HILARION-Abastos,Carrera 22 con Ave. Carlos Soublette #8-35,San Cristóbal,Táchira,5022,Venezuela,SQLServer,1925.0,1925.0,0.0,6.0,False,False,935
10602,77,13.0,5.0,0.25,SQLServer,VAFFE,8,1997-07-17 00:00:00,1997-08-14,1997-07-22,2.0,2.92,Vaffeljernet,Smagsloget 45,Århus,,8200,Denmark,SQLServer,48.75,65.0,16.25,5.0,False,False,936
10603,22,21.0,48.0,0.0,SQLServer,SAVEA,8,1997-07-18 00:00:00,1997-08-15,1997-08-08,2.0,48.77,Save-a-lot Markets,187 Suffolk Ln.,Boise,ID,83720,USA,SQLServer,1008.0,1008.0,0.0,21.0,False,False,937
10603,49,20.0,25.0,0.05000000074505806,SQLServer,SAVEA,8,1997-07-18 00:00:00,1997-08-15,1997-08-08,2.0,48.77,Save-a-lot Markets,187 Suffolk Ln.,Boise,ID,83720,USA,SQLServer,475.0,500.0,25.0,21.0,False,False,938
10604,48,12.75,6.0,0.10000000149011612,SQLServer,FURIB,1,1997-07-18 00:00:00,1997-08-15,1997-07-29,1.0,7.46,Furia Bacalhau e Frutos do Mar,Jardim das rosas n. 32,Lisboa,,1675,Portugal,SQLServer,68.85,76.5,7.65,11.0,False,False,939
10604,76,18.0,10.0,0.10000000149011612,SQLServer,FURIB,1,1997-07-18 00:00:00,1997-08-15,1997-07-29,1.0,7.46,Furia Bacalhau e Frutos do Mar,Jardim das rosas n. 32,Lisboa,,1675,Portugal,SQLServer,162.0,180.0,18.0,11.0,False,False,940
10605,16,17.45,30.0,0.05000000074505806,SQLServer,MEREP,1,1997-07-21 00:00:00,1997-08-18,1997-07-29,2.0,379.13,Mère Paillarde,43 rue St. Laurent,Montréal,Québec,H1J 1C3,Canada,SQLServer,497.32,523.5,26.18,8.0,False,False,941
10605,59,55.0,20.0,0.05000000074505806,SQLServer,MEREP,1,1997-07-21 00:00:00,1997-08-18,1997-07-29,2.0,379.13,Mère Paillarde,43 rue St. Laurent,Montréal,Québec,H1J 1C3,Canada,SQLServer,1045.0,1100.0,55.0,8.0,False,False,942
10605,60,34.0,70.0,0.05000000074505806,SQLServer,MEREP,1,1997-07-21 00:00:00,1997-08-18,1997-07-29,2.0,379.13,Mère Paillarde,43 rue St. Laurent,Montréal,Québec,H1J 1C3,Canada,SQLServer,2261.0,2380.0,119.0,8.0,False,False,943
10605,71,21.5,15.0,0.05000000074505806,SQLServer,MEREP,1,1997-07-21 00:00:00,1997-08-18,1997-07-29,2.0,379.13,Mère Paillarde,43 rue St. Laurent,Montréal,Québec,H1J 1C3,Canada,SQLServer,306.37,322.5,16.13,8.0,False,False,944
10606,4,22.0,20.0,0.20000000298023224,SQLServer,TRADH,4,1997-07-22 00:00:00,1997-08-19,1997-07-31,3.0,79.4,Tradiçao Hipermercados,"Av. Inês de Castro, 414",Sao Paulo,SP,05634-030,Brazil,SQLServer,352.0,440.0,88.0,9.0,False,False,945
10606,55,24.0,20.0,0.20000000298023224,SQLServer,TRADH,4,1997-07-22 00:00:00,1997-08-19,1997-07-31,3.0,79.4,Tradiçao Hipermercados,"Av. Inês de Castro, 414",Sao Paulo,SP,05634-030,Brazil,SQLServer,384.0,480.0,96.0,9.0,False,False,946
10606,62,49.3,10.0,0.20000000298023224,SQLServer,TRADH,4,1997-07-22 00:00:00,1997-08-19,1997-07-31,3.0,79.4,Tradiçao Hipermercados,"Av. Inês de Castro, 414",Sao Paulo,SP,05634-030,Brazil,SQLServer,394.4,493.0,98.6,9.0,False,False,947
10607,7,30.0,45.0,0.0,SQLServer,SAVEA,5,1997-07-22 00:00:00,1997-08-19,1997-07-25,1.0,200.24,Save-a-lot Markets,187 Suffolk Ln.,Boise,ID,83720,USA,SQLServer,1350.0,1350.0,0.0,3.0,False,False,948
10607,17,39.0,100.0,0.0,SQLServer,SAVEA,5,1997-07-22 00:00:00,1997-08-19,1997-07-25,1.0,200.24,Save-a-lot Markets,187 Suffolk Ln.,Boise,ID,83720,USA,SQLServer,3900.0,3900.0,0.0,3.0,False,False,949
10607,33,2.5,14.0,0.0,SQLServer,SAVEA,5,1997-07-22 00:00:00,1997-08-19,1997-07-25,1.0,200.24,Save-a-lot Markets,187 Suffolk Ln.,Boise,ID,83720,USA,SQLServer,35.0,35.0,0.0,3.0,False,False,950
10607,40,18.4,42.0,0.0,SQLServer,SAVEA,5,1997-07-22 00:00:00,1997-08-19,1997-07-25,1.0,200.24,Save-a-lot Markets,187 Suffolk Ln.,Boise,ID,83720,USA,SQLServer,772.8,772.8,0.0,3.0,False,False,951
10607,72,34.8,12.0,0.0,SQLServer,SAVEA,5,1997-07-22 00:00:00,1997-08-19,1997-07-25,1.0,200.24,Save-a-lot Markets,187 Suffolk Ln.,Boise,ID,83720,USA,SQLServer,417.6,417.6,0.0,3.0,False,False,952
10608,56,38.0,28.0,0.0,SQLServer,TOMSP,4,1997-07-23 00:00:00,1997-08-20,1997-08-01,2.0,27.79,Toms Spezialitäten,Luisenstr. 48,Münster,,44087,Germany,SQLServer,1064.0,1064.0,0.0,9.0,False,False,953
10609,1,18.0,3.0,0.0,SQLServer,DUMON,7,1997-07-24 00:00:00,1997-08-21,1997-07-30,2.0,1.85,Du monde entier,"67, rue des Cinquante Otages",Nantes,,44000,France,SQLServer,54.0,54.0,0.0,6.0,False,False,954
10609,10,31.0,10.0,0.0,SQLServer,DUMON,7,1997-07-24 00:00:00,1997-08-21,1997-07-30,2.0,1.85,Du monde entier,"67, rue des Cinquante Otages",Nantes,,44000,France,SQLServer,310.0,310.0,0.0,6.0,False,False,955
10609,21,10.0,6.0,0.0,SQLServer,DUMON,7,1997-07-24 00:00:00,1997-08-21,1997-07-30,2.0,1.85,Du monde entier,"67, rue des Cinquante Otages",Nantes,,44000,France,SQLServer,60.0,60.0,0.0,6.0,False,False,956
10610,36,19.0,21.0,0.25,SQLServer,LAMAI,8,1997-07-25 00:00:00,1997-08-22,1997-08-06,1.0,26.78,La maison d'Asie,1 rue Alsace-Lorraine,Toulouse,,31000,France,SQLServer,299.25,399.0,99.75,12.0,False,False,957
10611,1,18.0,6.0,0.0,SQLServer,WOLZA,6,1997-07-25 00:00:00,1997-08-22,1997-08-01,2.0,80.65,Wolski Zajazd,ul. Filtrowa 68,Warszawa,,01-012,Poland,SQLServer,108.0,108.0,0.0,7.0,False,False,958
10611,2,19.0,10.0,0.0,SQLServer,WOLZA,6,1997-07-25 00:00:00,1997-08-22,1997-08-01,2.0,80.65,Wolski Zajazd,ul. Filtrowa 68,Warszawa,,01-012,Poland,SQLServer,190.0,190.0,0.0,7.0,False,False,959
10611,60,34.0,15.0,0.0,SQLServer,WOLZA,6,1997-07-25 00:00:00,1997-08-22,1997-08-01,2.0,80.65,Wolski Zajazd,ul. Filtrowa 68,Warszawa,,01-012,Poland,SQLServer,510.0,510.0,0.0,7.0,False,False,960
10612,10,31.0,70.0,0.0,SQLServer,SAVEA,1,1997-07-28 00:00:00,1997-08-25,1997-08-01,2.0,544.08,Save-a-lot Markets,187 Suffolk Ln.,Boise,ID,83720,USA,SQLServer,2170.0,2170.0,0.0,4.0,False,True,961
10612,36,19.0,55.0,0.0,SQLServer,SAVEA,1,1997-07-28 00:00:00,1997-08-25,1997-08-01,2.0,544.08,Save-a-lot Markets,187 Suffolk Ln.,Boise,ID,83720,USA,SQLServer,1045.0,1045.0,0.0,4.0,False,True,962
10612,49,20.0,18.0,0.0,SQLServer,SAVEA,1,1997-07-28 00:00:00,1997-08-25,1997-08-01,2.0,544.08,Save-a-lot Markets,187 Suffolk Ln.,Boise,ID,83720,USA,SQLServer,360.0,360.0,0.0,4.0,False,True,963
10612,60,34.0,40.0,0.0,SQLServer,SAVEA,1,1997-07-28 00:00:00,1997-08-25,1997-08-01,2.0,544.08,Save-a-lot Markets,187 Suffolk Ln.,Boise,ID,83720,USA,SQLServer,1360.0,1360.0,0.0,4.0,False,True,964
10612,76,18.0,80.0,0.0,SQLServer,SAVEA,1,1997-07-28 00:00:00,1997-08-25,1997-08-01,2.0,544.08,Save-a-lot Markets,187 Suffolk Ln.,Boise,ID,83720,USA,SQLServer,1440.0,1440.0,0.0,4.0,False,True,965
10613,13,6.0,8.0,0.10000000149011612,SQLServer,HILAA,4,1997-07-29 00:00:00,1997-08-26,1997-08-01,2.0,8.11,HILARION-Abastos,Carrera 22 con Ave. Carlos Soublette #8-35,San Cristóbal,Táchira,5022,Venezuela,SQLServer,43.2,48.0,4.8,3.0,False,False,966
10613,75,7.75,40.0,0.0,SQLServer,HILAA,4,1997-07-29 00:00:00,1997-08-26,1997-08-01,2.0,8.11,HILARION-Abastos,Carrera 22 con Ave. Carlos Soublette #8-35,San Cristóbal,Táchira,5022,Venezuela,SQLServer,310.0,310.0,0.0,3.0,False,False,967
10614,11,21.0,14.0,0.0,SQLServer,BLAUS,8,1997-07-29 00:00:00,1997-08-26,1997-08-01,3.0,1.93,Blauer See Delikatessen,Forsterstr. 57,Mannheim,,68306,Germany,SQLServer,294.0,294.0,0.0,3.0,False,False,968
10614,21,10.0,8.0,0.0,SQLServer,BLAUS,8,1997-07-29 00:00:00,1997-08-26,1997-08-01,3.0,1.93,Blauer See Delikatessen,Forsterstr. 57,Mannheim,,68306,Germany,SQLServer,80.0,80.0,0.0,3.0,False,False,969
10614,39,18.0,5.0,0.0,SQLServer,BLAUS,8,1997-07-29 00:00:00,1997-08-26,1997-08-01,3.0,1.93,Blauer See Delikatessen,Forsterstr. 57,Mannheim,,68306,Germany,SQLServer,90.0,90.0,0.0,3.0,False,False,970
10615,55,24.0,5.0,0.0,SQLServer,WILMK,2,1997-07-30 00:00:00,1997-08-27,1997-08-06,3.0,0.75,Wilman Kala,Keskuskatu 45,Helsinki,,21240,Finland,SQLServer,120.0,120.0,0.0,7.0,False,False,971
10616,38,263.5,15.0,0.05000000074505806,SQLServer,GREAL,1,1997-07-31 00:00:00,1997-08-28,1997-08-05,2.0,116.53,Great Lakes Food Market,2732 Baker Blvd.,Eugene,OR,97403,USA,SQLServer,3754.87,3952.5,197.63,5.0,False,False,972
10616,56,38.0,14.0,0.0,SQLServer,GREAL,1,1997-07-31 00:00:00,1997-08-28,1997-08-05,2.0,116.53,Great Lakes Food Market,2732 Baker Blvd.,Eugene,OR,97403,USA,SQLServer,532.0,532.0,0.0,5.0,False,False,973
10616,70,15.0,15.0,0.05000000074505806,SQLServer,GREAL,1,1997-07-31 00:00:00,1997-08-28,1997-08-05,2.0,116.53,Great Lakes Food Market,2732 Baker Blvd.,Eugene,OR,97403,USA,SQLServer,213.75,225.0,11.25,5.0,False,False,974
10616,71,21.5,15.0,0.05000000074505806,SQLServer,GREAL,1,1997-07-31 00:00:00,1997-08-28,1997-08-05,2.0,116.53,Great Lakes Food Market,2732 Baker Blvd.,Eugene,OR,97403,USA,SQLServer,306.37,322.5,16.13,5.0,False,False,975
10617,59,55.0,30.0,0.15000000596046448,SQLServer,GREAL,4,1997-07-31 00:00:00,1997-08-28,1997-08-04,2.0,18.53,Great Lakes Food Market,2732 Baker Blvd.,Eugene,OR,97403,USA,SQLServer,1402.5,1650.0,247.5,4.0,False,False,976
10618,6,25.0,70.0,0.0,SQLServer,MEREP,1,1997-08-01 00:00:00,1997-09-12,1997-08-08,1.0,154.68,Mère Paillarde,43 rue St. Laurent,Montréal,Québec,H1J 1C3,Canada,SQLServer,1750.0,1750.0,0.0,7.0,False,False,977
10618,56,38.0,20.0,0.0,SQLServer,MEREP,1,1997-08-01 00:00:00,1997-09-12,1997-08-08,1.0,154.68,Mère Paillarde,43 rue St. Laurent,Montréal,Québec,H1J 1C3,Canada,SQLServer,760.0,760.0,0.0,7.0,False,False,978
10618,68,12.5,15.0,0.0,SQLServer,MEREP,1,1997-08-01 00:00:00,1997-09-12,1997-08-08,1.0,154.68,Mère Paillarde,43 rue St. Laurent,Montréal,Québec,H1J 1C3,Canada,SQLServer,187.5,187.5,0.0,7.0,False,False,979
10619,21,10.0,42.0,0.0,SQLServer,MEREP,3,1997-08-04 00:00:00,1997-09-01,1997-08-07,3.0,91.05,Mère Paillarde,43 rue St. Laurent,Montréal,Québec,H1J 1C3,Canada,SQLServer,420.0,420.0,0.0,3.0,False,False,980
10619,22,21.0,40.0,0.0,SQLServer,MEREP,3,1997-08-04 00:00:00,1997-09-01,1997-08-07,3.0,91.05,Mère Paillarde,43 rue St. Laurent,Montréal,Québec,H1J 1C3,Canada,SQLServer,840.0,840.0,0.0,3.0,False,False,981
10620,24,4.5,5.0,0.0,SQLServer,LAUGB,2,1997-08-05 00:00:00,1997-09-02,1997-08-14,3.0,0.94,Laughing Bacchus Wine Cellars,2319 Elm St.,Vancouver,BC,V3F 2K1,Canada,SQLServer,22.5,22.5,0.0,9.0,False,False,982
10620,52,7.0,5.0,0.0,SQLServer,LAUGB,2,1997-08-05 00:00:00,1997-09-02,1997-08-14,3.0,0.94,Laughing Bacchus Wine Cellars,2319 Elm St.,Vancouver,BC,V3F 2K1,Canada,SQLServer,35.0,35.0,0.0,9.0,False,False,983
10621,19,9.2,5.0,0.0,SQLServer,ISLAT,4,1997-08-05 00:00:00,1997-09-02,1997-08-11,2.0,23.73,Island Trading,Garden House Crowther Way,Cowes,Isle of Wight,PO31 7PJ,UK,SQLServer,46.0,46.0,0.0,6.0,False,False,984
10621,23,9.0,10.0,0.0,SQLServer,ISLAT,4,1997-08-05 00:00:00,1997-09-02,1997-08-11,2.0,23.73,Island Trading,Garden House Crowther Way,Cowes,Isle of Wight,PO31 7PJ,UK,SQLServer,90.0,90.0,0.0,6.0,False,False,985
10621,70,15.0,20.0,0.0,SQLServer,ISLAT,4,1997-08-05 00:00:00,1997-09-02,1997-08-11,2.0,23.73,Island Trading,Garden House Crowther Way,Cowes,Isle of Wight,PO31 7PJ,UK,SQLServer,300.0,300.0,0.0,6.0,False,False,986
10621,71,21.5,15.0,0.0,SQLServer,ISLAT,4,1997-08-05 00:00:00,1997-09-02,1997-08-11,2.0,23.73,Island Trading,Garden House Crowther Way,Cowes,Isle of Wight,PO31 7PJ,UK,SQLServer,322.5,322.5,0.0,6.0,False,False,987
10622,2,19.0,20.0,0.0,SQLServer,RICAR,4,1997-08-06 00:00:00,1997-09-03,1997-08-11,3.0,50.97,Ricardo Adocicados,"Av. Copacabana, 267",Rio de Janeiro,RJ,02389-890,Brazil,SQLServer,380.0,380.0,0.0,5.0,False,False,988
10622,68,12.5,18.0,0.20000000298023224,SQLServer,RICAR,4,1997-08-06 00:00:00,1997-09-03,1997-08-11,3.0,50.97,Ricardo Adocicados,"Av. Copacabana, 267",Rio de Janeiro,RJ,02389-890,Brazil,SQLServer,180.0,225.0,45.0,5.0,False,False,989
10623,14,23.25,21.0,0.0,SQLServer,FRANK,8,1997-08-07 00:00:00,1997-09-04,1997-08-12,2.0,97.18,Frankenversand,Berliner Platz 43,München,,80805,Germany,SQLServer,488.25,488.25,0.0,5.0,False,False,990
10623,19,9.2,15.0,0.10000000149011612,SQLServer,FRANK,8,1997-08-07 00:00:00,1997-09-04,1997-08-12,2.0,97.18,Frankenversand,Berliner Platz 43,München,,80805,Germany,SQLServer,124.2,138.0,13.8,5.0,False,False,991
10623,21,10.0,25.0,0.10000000149011612,SQLServer,FRANK,8,1997-08-07 00:00:00,1997-09-04,1997-08-12,2.0,97.18,Frankenversand,Berliner Platz 43,München,,80805,Germany,SQLServer,225.0,250.0,25.0,5.0,False,False,992
10623,24,4.5,3.0,0.0,SQLServer,FRANK,8,1997-08-07 00:00:00,1997-09-04,1997-08-12,2.0,97.18,Frankenversand,Berliner Platz 43,München,,80805,Germany,SQLServer,13.5,13.5,0.0,5.0,False,False,993
10623,35,18.0,30.0,0.10000000149011612,SQLServer,FRANK,8,1997-08-07 00:00:00,1997-09-04,1997-08-12,2.0,97.18,Frankenversand,Berliner Platz 43,München,,80805,Germany,SQLServer,486.0,540.0,54.0,5.0,False,False,994
10624,28,45.6,10.0,0.0,SQLServer,THECR,4,1997-08-07 00:00:00,1997-09-04,1997-08-19,2.0,94.8,The Cracker Box,55 Grizzly Peak Rd.,Butte,MT,59801,USA,SQLServer,456.0,456.0,0.0,12.0,False,False,995
10624,29,123.79,6.0,0.0,SQLServer,THECR,4,1997-08-07 00:00:00,1997-09-04,1997-08-19,2.0,94.8,The Cracker Box,55 Grizzly Peak Rd.,Butte,MT,59801,USA,SQLServer,742.74,742.74,0.0,12.0,False,False,996
10624,44,19.45,10.0,0.0,SQLServer,THECR,4,1997-08-07 00:00:00,1997-09-04,1997-08-19,2.0,94.8,The Cracker Box,55 Grizzly Peak Rd.,Butte,MT,59801,USA,SQLServer,194.5,194.5,0.0,12.0,False,False,997
10625,14,23.25,3.0,0.0,SQLServer,ANATR,3,1997-08-08 00:00:00,1997-09-05,1997-08-14,1.0,43.9,Ana Trujillo Emparedados y helados,Avda. de la Constitución 2222,México D.F.,,05021,Mexico,SQLServer,69.75,69.75,0.0,6.0,False,False,998
10625,42,14.0,5.0,0.0,SQLServer,ANATR,3,1997-08-08 00:00:00,1997-09-05,1997-08-14,1.0,43.9,Ana Trujillo Emparedados y helados,Avda. de la Constitución 2222,México D.F.,,05021,Mexico,SQLServer,70.0,70.0,0.0,6.0,False,False,999
10625,60,34.0,10.0,0.0,SQLServer,ANATR,3,1997-08-08 00:00:00,1997-09-05,1997-08-14,1.0,43.9,Ana Trujillo Emparedados y helados,Avda. de la Constitución 2222,México D.F.,,05021,Mexico,SQLServer,340.0,340.0,0.0,6.0,False,False,1000
10626,53,32.8,12.0,0.0,SQLServer,BERGS,1,1997-08-11 00:00:00,1997-09-08,1997-08-20,2.0,138.69,Berglunds snabbköp,Berguvsvägen  8,Luleå,,S-958 22,Sweden,SQLServer,393.6,393.6,0.0,9.0,False,False,1001
10626,60,34.0,20.0,0.0,SQLServer,BERGS,1,1997-08-11 00:00:00,1997-09-08,1997-08-20,2.0,138.69,Berglunds snabbköp,Berguvsvägen  8,Luleå,,S-958 22,Sweden,SQLServer,680.0,680.0,0.0,9.0,False,False,1002
10626,71,21.5,20.0,0.0,SQLServer,BERGS,1,1997-08-11 00:00:00,1997-09-08,1997-08-20,2.0,138.69,Berglunds snabbköp,Berguvsvägen  8,Luleå,,S-958 22,Sweden,SQLServer,430.0,430.0,0.0,9.0,False,False,1003
10627,62,49.3,15.0,0.0,SQLServer,SAVEA,8,1997-08-11 00:00:00,1997-09-22,1997-08-21,3.0,107.46,Save-a-lot Markets,187 Suffolk Ln.,Boise,ID,83720,USA,SQLServer,739.5,739.5,0.0,10.0,False,False,1004
10627,73,15.0,35.0,0.15000000596046448,SQLServer,SAVEA,8,1997-08-11 00:00:00,1997-09-22,1997-08-21,3.0,107.46,Save-a-lot Markets,187 Suffolk Ln.,Boise,ID,83720,USA,SQLServer,446.25,525.0,78.75,10.0,False,False,1005
10628,1,18.0,25.0,0.0,SQLServer,BLONP,4,1997-08-12 00:00:00,1997-09-09,1997-08-20,3.0,30.36,Blondel père et fils,"24, place Kléber",Strasbourg,,67000,France,SQLServer,450.0,450.0,0.0,8.0,False,False,1006
10629,29,123.79,20.0,0.0,SQLServer,GODOS,4,1997-08-12 00:00:00,1997-09-09,1997-08-20,3.0,85.46,Godos Cocina Típica,"C/ Romero, 33",Sevilla,,41101,Spain,SQLServer,2475.8,2475.8,0.0,8.0,False,False,1007
10629,64,33.25,9.0,0.0,SQLServer,GODOS,4,1997-08-12 00:00:00,1997-09-09,1997-08-20,3.0,85.46,Godos Cocina Típica,"C/ Romero, 33",Sevilla,,41101,Spain,SQLServer,299.25,299.25,0.0,8.0,False,False,1008
10630,55,24.0,12.0,0.05000000074505806,SQLServer,KOENE,1,1997-08-13 00:00:00,1997-09-10,1997-08-19,2.0,32.35,Königlich Essen,Maubelstr. 90,Brandenburg,,14776,Germany,SQLServer,273.6,288.0,14.4,6.0,False,False,1009
10630,76,18.0,35.0,0.0,SQLServer,KOENE,1,1997-08-13 00:00:00,1997-09-10,1997-08-19,2.0,32.35,Königlich Essen,Maubelstr. 90,Brandenburg,,14776,Germany,SQLServer,630.0,630.0,0.0,6.0,False,False,1010
10631,75,7.75,8.0,0.10000000149011612,SQLServer,LAMAI,8,1997-08-14 00:00:00,1997-09-11,1997-08-15,1.0,0.87,La maison d'Asie,1 rue Alsace-Lorraine,Toulouse,,31000,France,SQLServer,55.8,62.0,6.2,1.0,False,False,1011
10632,2,19.0,30.0,0.05000000074505806,SQLServer,WANDK,8,1997-08-14 00:00:00,1997-09-11,1997-08-19,1.0,41.38,Die Wandernde Kuh,Adenauerallee 900,Stuttgart,,70563,Germany,SQLServer,541.5,570.0,28.5,5.0,False,False,1012
10632,33,2.5,20.0,0.05000000074505806,SQLServer,WANDK,8,1997-08-14 00:00:00,1997-09-11,1997-08-19,1.0,41.38,Die Wandernde Kuh,Adenauerallee 900,Stuttgart,,70563,Germany,SQLServer,47.5,50.0,2.5,5.0,False,False,1013
10633,12,38.0,36.0,0.15000000596046448,SQLServer,ERNSH,7,1997-08-15 00:00:00,1997-09-12,1997-08-18,3.0,477.9,Ernst Handel,Kirchgasse 6,Graz,,8010,Austria,SQLServer,1162.8,1368.0,205.2,3.0,False,False,1014
10633,13,6.0,13.0,0.15000000596046448,SQLServer,ERNSH,7,1997-08-15 00:00:00,1997-09-12,1997-08-18,3.0,477.9,Ernst Handel,Kirchgasse 6,Graz,,8010,Austria,SQLServer,66.3,78.0,11.7,3.0,False,False,1015
10633,26,31.23,35.0,0.15000000596046448,SQLServer,ERNSH,7,1997-08-15 00:00:00,1997-09-12,1997-08-18,3.0,477.9,Ernst Handel,Kirchgasse 6,Graz,,8010,Austria,SQLServer,929.09,1093.05,163.96,3.0,False,False,1016
10633,62,49.3,80.0,0.15000000596046448,SQLServer,ERNSH,7,1997-08-15 00:00:00,1997-09-12,1997-08-18,3.0,477.9,Ernst Handel,Kirchgasse 6,Graz,,8010,Austria,SQLServer,3352.4,3944.0,591.6,3.0,False,False,1017
10634,7,30.0,35.0,0.0,SQLServer,FOLIG,4,1997-08-15 00:00:00,1997-09-12,1997-08-21,3.0,487.38,Folies gourmandes,"184, chaussée de Tournai",Lille,,59000,France,SQLServer,1050.0,1050.0,0.0,6.0,False,False,1018
10634,18,62.5,50.0,0.0,SQLServer,FOLIG,4,1997-08-15 00:00:00,1997-09-12,1997-08-21,3.0,487.38,Folies gourmandes,"184, chaussée de Tournai",Lille,,59000,France,SQLServer,3125.0,3125.0,0.0,6.0,False,False,1019
10634,51,53.0,15.0,0.0,SQLServer,FOLIG,4,1997-08-15 00:00:00,1997-09-12,1997-08-21,3.0,487.38,Folies gourmandes,"184, chaussée de Tournai",Lille,,59000,France,SQLServer,795.0,795.0,0.0,6.0,False,False,1020
10634,75,7.75,2.0,0.0,SQLServer,FOLIG,4,1997-08-15 00:00:00,1997-09-12,1997-08-21,3.0,487.38,Folies gourmandes,"184, chaussée de Tournai",Lille,,59000,France,SQLServer,15.5,15.5,0.0,6.0,False,False,1021
10635,4,22.0,10.0,0.10000000149011612,SQLServer,MAGAA,8,1997-08-18 00:00:00,1997-09-15,1997-08-21,3.0,47.46,Magazzini Alimentari Riuniti,Via Ludovico il Moro 22,Bergamo,,24100,Italy,SQLServer,198.0,220.0,22.0,3.0,False,False,1022
10635,5,21.35,15.0,0.10000000149011612,SQLServer,MAGAA,8,1997-08-18 00:00:00,1997-09-15,1997-08-21,3.0,47.46,Magazzini Alimentari Riuniti,Via Ludovico il Moro 22,Bergamo,,24100,Italy,SQLServer,288.22,320.25,32.03,3.0,False,False,1023
10635,22,21.0,40.0,0.0,SQLServer,MAGAA,8,1997-08-18 00:00:00,1997-09-15,1997-08-21,3.0,47.46,Magazzini Alimentari Riuniti,Via Ludovico il Moro 22,Bergamo,,24100,Italy,SQLServer,840.0,840.0,0.0,3.0,False,False,1024
10636,4,22.0,25.0,0.0,SQLServer,WARTH,4,1997-08-19 00:00:00,1997-09-16,1997-08-26,1.0,1.15,Wartian Herkku,Torikatu 38,Oulu,,90110,Finland,SQLServer,550.0,550.0,0.0,7.0,False,False,1025
10636,58,13.25,6.0,0.0,SQLServer,WARTH,4,1997-08-19 00:00:00,1997-09-16,1997-08-26,1.0,1.15,Wartian Herkku,Torikatu 38,Oulu,,90110,Finland,SQLServer,79.5,79.5,0.0,7.0,False,False,1026
10637,11,21.0,10.0,0.0,SQLServer,QUEEN,6,1997-08-19 00:00:00,1997-09-16,1997-08-26,1.0,201.29,Queen Cozinha,"Alameda dos Canàrios, 891",Sao Paulo,SP,05487-020,Brazil,SQLServer,210.0,210.0,0.0,7.0,False,False,1027
10637,50,16.25,25.0,0.05000000074505806,SQLServer,QUEEN,6,1997-08-19 00:00:00,1997-09-16,1997-08-26,1.0,201.29,Queen Cozinha,"Alameda dos Canàrios, 891",Sao Paulo,SP,05487-020,Brazil,SQLServer,385.94,406.25,20.31,7.0,False,False,1028
10637,56,38.0,60.0,0.05000000074505806,SQLServer,QUEEN,6,1997-08-19 00:00:00,1997-09-16,1997-08-26,1.0,201.29,Queen Cozinha,"Alameda dos Canàrios, 891",Sao Paulo,SP,05487-020,Brazil,SQLServer,2166.0,2280.0,114.0,7.0,False,False,1029
10638,45,9.5,20.0,0.0,SQLServer,LINOD,3,1997-08-20 00:00:00,1997-09-17,1997-09-01,1.0,158.44,LINO-Delicateses,Ave. 5 de Mayo Porlamar,I. de Margarita,Nueva Esparta,4980,Venezuela,SQLServer,190.0,190.0,0.0,12.0,False,False,1030
10638,65,21.05,21.0,0.0,SQLServer,LINOD,3,1997-08-20 00:00:00,1997-09-17,1997-09-01,1.0,158.44,LINO-Delicateses,Ave. 5 de Mayo Porlamar,I. de Margarita,Nueva Esparta,4980,Venezuela,SQLServer,442.05,442.05,0.0,12.0,False,False,1031
10638,72,34.8,60.0,0.0,SQLServer,LINOD,3,1997-08-20 00:00:00,1997-09-17,1997-09-01,1.0,158.44,LINO-Delicateses,Ave. 5 de Mayo Porlamar,I. de Margarita,Nueva Esparta,4980,Venezuela,SQLServer,2088.0,2088.0,0.0,12.0,False,False,1032
10639,18,62.5,8.0,0.0,SQLServer,SANTG,7,1997-08-20 00:00:00,1997-09-17,1997-08-27,3.0,38.64,Santé Gourmet,Erling Skakkes gate 78,Stavern,,4110,Norway,SQLServer,500.0,500.0,0.0,7.0,False,False,1033
10640,69,36.0,20.0,0.25,SQLServer,WANDK,4,1997-08-21 00:00:00,1997-09-18,1997-08-28,1.0,23.55,Die Wandernde Kuh,Adenauerallee 900,Stuttgart,,70563,Germany,SQLServer,540.0,720.0,180.0,7.0,False,False,1034
10640,70,15.0,15.0,0.25,SQLServer,WANDK,4,1997-08-21 00:00:00,1997-09-18,1997-08-28,1.0,23.55,Die Wandernde Kuh,Adenauerallee 900,Stuttgart,,70563,Germany,SQLServer,168.75,225.0,56.25,7.0,False,False,1035
10641,2,19.0,50.0,0.0,SQLServer,HILAA,4,1997-08-22 00:00:00,1997-09-19,1997-08-26,2.0,179.61,HILARION-Abastos,Carrera 22 con Ave. Carlos Soublette #8-35,San Cristóbal,Táchira,5022,Venezuela,SQLServer,950.0,950.0,0.0,4.0,False,False,1036
10641,40,18.4,60.0,0.0,SQLServer,HILAA,4,1997-08-22 00:00:00,1997-09-19,1997-08-26,2.0,179.61,HILARION-Abastos,Carrera 22 con Ave. Carlos Soublette #8-35,San Cristóbal,Táchira,5022,Venezuela,SQLServer,1104.0,1104.0,0.0,4.0,False,False,1037
10642,21,10.0,30.0,0.20000000298023224,SQLServer,SIMOB,7,1997-08-22 00:00:00,1997-09-19,1997-09-05,3.0,41.89,Simons bistro,Vinbæltet 34,Kobenhavn,,1734,Denmark,SQLServer,240.0,300.0,60.0,14.0,False,False,1038
10642,61,28.5,20.0,0.20000000298023224,SQLServer,SIMOB,7,1997-08-22 00:00:00,1997-09-19,1997-09-05,3.0,41.89,Simons bistro,Vinbæltet 34,Kobenhavn,,1734,Denmark,SQLServer,456.0,570.0,114.0,14.0,False,False,1039
10643,28,45.6,15.0,0.25,SQLServer,ALFKI,6,1997-08-25 00:00:00,1997-09-22,1997-09-02,1.0,29.46,Alfreds Futterkiste,Obere Str. 57,Berlin,,12209,Germany,SQLServer,513.0,684.0,171.0,8.0,False,False,1040
10643,39,18.0,21.0,0.25,SQLServer,ALFKI,6,1997-08-25 00:00:00,1997-09-22,1997-09-02,1.0,29.46,Alfreds Futterkiste,Obere Str. 57,Berlin,,12209,Germany,SQLServer,283.5,378.0,94.5,8.0,False,False,1041
10643,46,12.0,2.0,0.25,SQLServer,ALFKI,6,1997-08-25 00:00:00,1997-09-22,1997-09-02,1.0,29.46,Alfreds Futterkiste,Obere Str. 57,Berlin,,12209,Germany,SQLServer,18.0,24.0,6.0,8.0,False,False,1042
10644,18,62.5,4.0,0.10000000149011612,SQLServer,WELLI,3,1997-08-25 00:00:00,1997-09-22,1997-09-01,2.0,0.14,Wellington Importadora,"Rua do Mercado, 12",Resende,SP,08737-363,Brazil,SQLServer,225.0,250.0,25.0,7.0,False,False,1043
10644,43,46.0,20.0,0.0,SQLServer,WELLI,3,1997-08-25 00:00:00,1997-09-22,1997-09-01,2.0,0.14,Wellington Importadora,"Rua do Mercado, 12",Resende,SP,08737-363,Brazil,SQLServer,920.0,920.0,0.0,7.0,False,False,1044
10644,46,12.0,21.0,0.10000000149011612,SQLServer,WELLI,3,1997-08-25 00:00:00,1997-09-22,1997-09-01,2.0,0.14,Wellington Importadora,"Rua do Mercado, 12",Resende,SP,08737-363,Brazil,SQLServer,226.8,252.0,25.2,7.0,False,False,1045
10645,18,62.5,20.0,0.0,SQLServer,HANAR,4,1997-08-26 00:00:00,1997-09-23,1997-09-02,1.0,12.41,Hanari Carnes,"Rua do Paço, 67",Rio de Janeiro,RJ,05454-876,Brazil,SQLServer,1250.0,1250.0,0.0,7.0,False,False,1046
10645,36,19.0,15.0,0.0,SQLServer,HANAR,4,1997-08-26 00:00:00,1997-09-23,1997-09-02,1.0,12.41,Hanari Carnes,"Rua do Paço, 67",Rio de Janeiro,RJ,05454-876,Brazil,SQLServer,285.0,285.0,0.0,7.0,False,False,1047
10646,1,18.0,15.0,0.25,SQLServer,HUNGO,9,1997-08-27 00:00:00,1997-10-08,1997-09-03,3.0,142.33,Hungry Owl All-Night Grocers,8 Johnstown Road,Cork,Co. Cork,,Ireland,SQLServer,202.5,270.0,67.5,7.0,False,False,1048
10646,10,31.0,18.0,0.25,SQLServer,HUNGO,9,1997-08-27 00:00:00,1997-10-08,1997-09-03,3.0,142.33,Hungry Owl All-Night Grocers,8 Johnstown Road,Cork,Co. Cork,,Ireland,SQLServer,418.5,558.0,139.5,7.0,False,False,1049
10646,71,21.5,30.0,0.25,SQLServer,HUNGO,9,1997-08-27 00:00:00,1997-10-08,1997-09-03,3.0,142.33,Hungry Owl All-Night Grocers,8 Johnstown Road,Cork,Co. Cork,,Ireland,SQLServer,483.75,645.0,161.25,7.0,False,False,1050
10646,77,13.0,35.0,0.25,SQLServer,HUNGO,9,1997-08-27 00:00:00,1997-10-08,1997-09-03,3.0,142.33,Hungry Owl All-Night Grocers,8 Johnstown Road,Cork,Co. Cork,,Ireland,SQLServer,341.25,455.0,113.75,7.0,False,False,1051
10647,19,9.2,30.0,0.0,SQLServer,QUEDE,4,1997-08-27 00:00:00,1997-09-10,1997-09-03,2.0,45.54,Que Delícia,"Rua da Panificadora, 12",Rio de Janeiro,RJ,02389-673,Brazil,SQLServer,276.0,276.0,0.0,7.0,False,False,1052
10647,39,18.0,20.0,0.0,SQLServer,QUEDE,4,1997-08-27 00:00:00,1997-09-10,1997-09-03,2.0,45.54,Que Delícia,"Rua da Panificadora, 12",Rio de Janeiro,RJ,02389-673,Brazil,SQLServer,360.0,360.0,0.0,7.0,False,False,1053
10648,22,21.0,15.0,0.0,SQLServer,RICAR,5,1997-08-28 00:00:00,1997-10-09,1997-09-09,2.0,14.25,Ricardo Adocicados,"Av. Copacabana, 267",Rio de Janeiro,RJ,02389-890,Brazil,SQLServer,315.0,315.0,0.0,12.0,False,False,1054
10648,24,4.5,15.0,0.15000000596046448,SQLServer,RICAR,5,1997-08-28 00:00:00,1997-10-09,1997-09-09,2.0,14.25,Ricardo Adocicados,"Av. Copacabana, 267",Rio de Janeiro,RJ,02389-890,Brazil,SQLServer,57.37,67.5,10.13,12.0,False,False,1055
10649,28,45.6,20.0,0.0,SQLServer,MAISD,5,1997-08-28 00:00:00,1997-09-25,1997-08-29,3.0,6.2,Maison Dewey,Rue Joseph-Bens 532,Bruxelles,,B-1180,Belgium,SQLServer,912.0,912.0,0.0,1.0,False,False,1056
10649,72,34.8,15.0,0.0,SQLServer,MAISD,5,1997-08-28 00:00:00,1997-09-25,1997-08-29,3.0,6.2,Maison Dewey,Rue Joseph-Bens 532,Bruxelles,,B-1180,Belgium,SQLServer,522.0,522.0,0.0,1.0,False,False,1057
10650,30,25.89,30.0,0.0,SQLServer,FAMIA,5,1997-08-29 00:00:00,1997-09-26,1997-09-03,3.0,176.81,Familia Arquibaldo,"Rua Orós, 92",Sao Paulo,SP,05442-030,Brazil,SQLServer,776.7,776.7,0.0,5.0,False,False,1058
10650,53,32.8,25.0,0.05000000074505806,SQLServer,FAMIA,5,1997-08-29 00:00:00,1997-09-26,1997-09-03,3.0,176.81,Familia Arquibaldo,"Rua Orós, 92",Sao Paulo,SP,05442-030,Brazil,SQLServer,779.0,820.0,41.0,5.0,False,False,1059
10650,54,7.45,30.0,0.0,SQLServer,FAMIA,5,1997-08-29 00:00:00,1997-09-26,1997-09-03,3.0,176.81,Familia Arquibaldo,"Rua Orós, 92",Sao Paulo,SP,05442-030,Brazil,SQLServer,223.5,223.5,0.0,5.0,False,False,1060
10651,19,9.2,12.0,0.25,SQLServer,WANDK,8,1997-09-01 00:00:00,1997-09-29,1997-09-11,2.0,20.6,Die Wandernde Kuh,Adenauerallee 900,Stuttgart,,70563,Germany,SQLServer,82.8,110.4,27.6,10.0,False,False,1061
10651,22,21.0,20.0,0.25,SQLServer,WANDK,8,1997-09-01 00:00:00,1997-09-29,1997-09-11,2.0,20.6,Die Wandernde Kuh,Adenauerallee 900,Stuttgart,,70563,Germany,SQLServer,315.0,420.0,105.0,10.0,False,False,1062
10652,30,25.89,2.0,0.25,SQLServer,GOURL,4,1997-09-01 00:00:00,1997-09-29,1997-09-08,2.0,7.14,Gourmet Lanchonetes,"Av. Brasil, 442",Campinas,SP,04876-786,Brazil,SQLServer,38.84,51.78,12.94,7.0,False,False,1063
10652,42,14.0,20.0,0.0,SQLServer,GOURL,4,1997-09-01 00:00:00,1997-09-29,1997-09-08,2.0,7.14,Gourmet Lanchonetes,"Av. Brasil, 442",Campinas,SP,04876-786,Brazil,SQLServer,280.0,280.0,0.0,7.0,False,False,1064
10653,16,17.45,30.0,0.10000000149011612,SQLServer,FRANK,1,1997-09-02 00:00:00,1997-09-30,1997-09-19,1.0,93.25,Frankenversand,Berliner Platz 43,München,,80805,Germany,SQLServer,471.15,523.5,52.35,17.0,False,False,1065
10653,60,34.0,20.0,0.10000000149011612,SQLServer,FRANK,1,1997-09-02 00:00:00,1997-09-30,1997-09-19,1.0,93.25,Frankenversand,Berliner Platz 43,München,,80805,Germany,SQLServer,612.0,680.0,68.0,17.0,False,False,1066
10654,4,22.0,12.0,0.10000000149011612,SQLServer,BERGS,5,1997-09-02 00:00:00,1997-09-30,1997-09-11,1.0,55.26,Berglunds snabbköp,Berguvsvägen  8,Luleå,,S-958 22,Sweden,SQLServer,237.6,264.0,26.4,9.0,False,False,1067
10654,39,18.0,20.0,0.10000000149011612,SQLServer,BERGS,5,1997-09-02 00:00:00,1997-09-30,1997-09-11,1.0,55.26,Berglunds snabbköp,Berguvsvägen  8,Luleå,,S-958 22,Sweden,SQLServer,324.0,360.0,36.0,9.0,False,False,1068
10654,54,7.45,6.0,0.10000000149011612,SQLServer,BERGS,5,1997-09-02 00:00:00,1997-09-30,1997-09-11,1.0,55.26,Berglunds snabbköp,Berguvsvägen  8,Luleå,,S-958 22,Sweden,SQLServer,40.23,44.7,4.47,9.0,False,False,1069
10655,41,9.65,20.0,0.20000000298023224,SQLServer,REGGC,1,1997-09-03 00:00:00,1997-10-01,1997-09-11,2.0,4.41,Reggiani Caseifici,Strada Provinciale 124,Reggio Emilia,,42100,Italy,SQLServer,154.4,193.0,38.6,8.0,False,False,1070
10656,14,23.25,3.0,0.10000000149011612,SQLServer,GREAL,6,1997-09-04 00:00:00,1997-10-02,1997-09-10,1.0,57.15,Great Lakes Food Market,2732 Baker Blvd.,Eugene,OR,97403,USA,SQLServer,62.77,69.75,6.98,6.0,False,False,1071
10656,44,19.45,28.0,0.10000000149011612,SQLServer,GREAL,6,1997-09-04 00:00:00,1997-10-02,1997-09-10,1.0,57.15,Great Lakes Food Market,2732 Baker Blvd.,Eugene,OR,97403,USA,SQLServer,490.14,544.6,54.46,6.0,False,False,1072
10656,47,9.5,6.0,0.10000000149011612,SQLServer,GREAL,6,1997-09-04 00:00:00,1997-10-02,1997-09-10,1.0,57.15,Great Lakes Food Market,2732 Baker Blvd.,Eugene,OR,97403,USA,SQLServer,51.3,57.0,5.7,6.0,False,False,1073
10657,15,15.5,50.0,0.0,SQLServer,SAVEA,2,1997-09-04 00:00:00,1997-10-02,1997-09-15,2.0,352.69,Save-a-lot Markets,187 Suffolk Ln.,Boise,ID,83720,USA,SQLServer,775.0,775.0,0.0,11.0,False,False,1074
10657,41,9.65,24.0,0.0,SQLServer,SAVEA,2,1997-09-04 00:00:00,1997-10-02,1997-09-15,2.0,352.69,Save-a-lot Markets,187 Suffolk Ln.,Boise,ID,83720,USA,SQLServer,231.6,231.6,0.0,11.0,False,False,1075
10657,46,12.0,45.0,0.0,SQLServer,SAVEA,2,1997-09-04 00:00:00,1997-10-02,1997-09-15,2.0,352.69,Save-a-lot Markets,187 Suffolk Ln.,Boise,ID,83720,USA,SQLServer,540.0,540.0,0.0,11.0,False,False,1076
10657,47,9.5,10.0,0.0,SQLServer,SAVEA,2,1997-09-04 00:00:00,1997-10-02,1997-09-15,2.0,352.69,Save-a-lot Markets,187 Suffolk Ln.,Boise,ID,83720,USA,SQLServer,95.0,95.0,0.0,11.0,False,False,1077
10657,56,38.0,45.0,0.0,SQLServer,SAVEA,2,1997-09-04 00:00:00,1997-10-02,1997-09-15,2.0,352.69,Save-a-lot Markets,187 Suffolk Ln.,Boise,ID,83720,USA,SQLServer,1710.0,1710.0,0.0,11.0,False,False,1078
10657,60,34.0,30.0,0.0,SQLServer,SAVEA,2,1997-09-04 00:00:00,1997-10-02,1997-09-15,2.0,352.69,Save-a-lot Markets,187 Suffolk Ln.,Boise,ID,83720,USA,SQLServer,1020.0,1020.0,0.0,11.0,False,False,1079
10658,21,10.0,60.0,0.0,SQLServer,QUICK,4,1997-09-05 00:00:00,1997-10-03,1997-09-08,1.0,364.15,QUICK-Stop,Taucherstraße 10,Cunewalde,,01307,Germany,SQLServer,600.0,600.0,0.0,3.0,False,False,1080
10658,40,18.4,70.0,0.05000000074505806,SQLServer,QUICK,4,1997-09-05 00:00:00,1997-10-03,1997-09-08,1.0,364.15,QUICK-Stop,Taucherstraße 10,Cunewalde,,01307,Germany,SQLServer,1223.6,1288.0,64.4,3.0,False,False,1081
10658,60,34.0,55.0,0.05000000074505806,SQLServer,QUICK,4,1997-09-05 00:00:00,1997-10-03,1997-09-08,1.0,364.15,QUICK-Stop,Taucherstraße 10,Cunewalde,,01307,Germany,SQLServer,1776.5,1870.0,93.5,3.0,False,False,1082
10658,77,13.0,70.0,0.05000000074505806,SQLServer,QUICK,4,1997-09-05 00:00:00,1997-10-03,1997-09-08,1.0,364.15,QUICK-Stop,Taucherstraße 10,Cunewalde,,01307,Germany,SQLServer,864.5,910.0,45.5,3.0,False,False,1083
10659,31,12.5,20.0,0.05000000074505806,SQLServer,QUEEN,7,1997-09-05 00:00:00,1997-10-03,1997-09-10,2.0,105.81,Queen Cozinha,"Alameda dos Canàrios, 891",Sao Paulo,SP,05487-020,Brazil,SQLServer,237.5,250.0,12.5,5.0,False,False,1084
10659,40,18.4,24.0,0.05000000074505806,SQLServer,QUEEN,7,1997-09-05 00:00:00,1997-10-03,1997-09-10,2.0,105.81,Queen Cozinha,"Alameda dos Canàrios, 891",Sao Paulo,SP,05487-020,Brazil,SQLServer,419.52,441.6,22.08,5.0,False,False,1085
10659,70,15.0,40.0,0.05000000074505806,SQLServer,QUEEN,7,1997-09-05 00:00:00,1997-10-03,1997-09-10,2.0,105.81,Queen Cozinha,"Alameda dos Canàrios, 891",Sao Paulo,SP,05487-020,Brazil,SQLServer,570.0,600.0,30.0,5.0,False,False,1086
10660,20,81.0,21.0,0.0,SQLServer,HUNGC,8,1997-09-08 00:00:00,1997-10-06,1997-10-15,1.0,111.29,Hungry Coyote Import Store,City Center Plaza 516 Main St.,Elgin,OR,97827,USA,SQLServer,1701.0,1701.0,0.0,37.0,True,False,1087
10661,39,18.0,3.0,0.20000000298023224,SQLServer,HUNGO,7,1997-09-09 00:00:00,1997-10-07,1997-09-15,3.0,17.55,Hungry Owl All-Night Grocers,8 Johnstown Road,Cork,Co. Cork,,Ireland,SQLServer,43.2,54.0,10.8,6.0,False,False,1088
10661,58,13.25,49.0,0.20000000298023224,SQLServer,HUNGO,7,1997-09-09 00:00:00,1997-10-07,1997-09-15,3.0,17.55,Hungry Owl All-Night Grocers,8 Johnstown Road,Cork,Co. Cork,,Ireland,SQLServer,519.4,649.25,129.85,6.0,False,False,1089
10662,68,12.5,10.0,0.0,SQLServer,LONEP,3,1997-09-09 00:00:00,1997-10-07,1997-09-18,2.0,1.28,Lonesome Pine Restaurant,89 Chiaroscuro Rd.,Portland,OR,97219,USA,SQLServer,125.0,125.0,0.0,9.0,False,False,1090
10663,40,18.4,30.0,0.05000000074505806,SQLServer,BONAP,2,1997-09-10 00:00:00,1997-09-24,1997-10-03,2.0,113.15,Bon app',"12, rue des Bouchers",Marseille,,13008,France,SQLServer,524.4,552.0,27.6,23.0,True,False,1091
10663,42,14.0,30.0,0.05000000074505806,SQLServer,BONAP,2,1997-09-10 00:00:00,1997-09-24,1997-10-03,2.0,113.15,Bon app',"12, rue des Bouchers",Marseille,,13008,France,SQLServer,399.0,420.0,21.0,23.0,True,False,1092
10663,51,53.0,20.0,0.05000000074505806,SQLServer,BONAP,2,1997-09-10 00:00:00,1997-09-24,1997-10-03,2.0,113.15,Bon app',"12, rue des Bouchers",Marseille,,13008,France,SQLServer,1007.0,1060.0,53.0,23.0,True,False,1093
10664,10,31.0,24.0,0.15000000596046448,SQLServer,FURIB,1,1997-09-10 00:00:00,1997-10-08,1997-09-19,3.0,1.27,Furia Bacalhau e Frutos do Mar,Jardim das rosas n. 32,Lisboa,,1675,Portugal,SQLServer,632.4,744.0,111.6,9.0,False,False,1094
10664,56,38.0,12.0,0.15000000596046448,SQLServer,FURIB,1,1997-09-10 00:00:00,1997-10-08,1997-09-19,3.0,1.27,Furia Bacalhau e Frutos do Mar,Jardim das rosas n. 32,Lisboa,,1675,Portugal,SQLServer,387.6,456.0,68.4,9.0,False,False,1095
10664,65,21.05,15.0,0.15000000596046448,SQLServer,FURIB,1,1997-09-10 00:00:00,1997-10-08,1997-09-19,3.0,1.27,Furia Bacalhau e Frutos do Mar,Jardim das rosas n. 32,Lisboa,,1675,Portugal,SQLServer,268.39,315.75,47.36,9.0,False,False,1096
10665,51,53.0,20.0,0.0,SQLServer,LONEP,1,1997-09-11 00:00:00,1997-10-09,1997-09-17,2.0,26.31,Lonesome Pine Restaurant,89 Chiaroscuro Rd.,Portland,OR,97219,USA,SQLServer,1060.0,1060.0,0.0,6.0,False,False,1097
10665,59,55.0,1.0,0.0,SQLServer,LONEP,1,1997-09-11 00:00:00,1997-10-09,1997-09-17,2.0,26.31,Lonesome Pine Restaurant,89 Chiaroscuro Rd.,Portland,OR,97219,USA,SQLServer,55.0,55.0,0.0,6.0,False,False,1098
10665,76,18.0,10.0,0.0,SQLServer,LONEP,1,1997-09-11 00:00:00,1997-10-09,1997-09-17,2.0,26.31,Lonesome Pine Restaurant,89 Chiaroscuro Rd.,Portland,OR,97219,USA,SQLServer,180.0,180.0,0.0,6.0,False,False,1099
10666,29,123.79,36.0,0.0,SQLServer,RICSU,7,1997-09-12 00:00:00,1997-10-10,1997-09-22,2.0,232.42,Richter Supermarkt,Starenweg 5,Genève,,1204,Switzerland,SQLServer,4456.44,4456.44,0.0,10.0,False,False,1100
10666,65,21.05,10.0,0.0,SQLServer,RICSU,7,1997-09-12 00:00:00,1997-10-10,1997-09-22,2.0,232.42,Richter Supermarkt,Starenweg 5,Genève,,1204,Switzerland,SQLServer,210.5,210.5,0.0,10.0,False,False,1101
10667,69,36.0,45.0,0.20000000298023224,SQLServer,ERNSH,7,1997-09-12 00:00:00,1997-10-10,1997-09-19,1.0,78.09,Ernst Handel,Kirchgasse 6,Graz,,8010,Austria,SQLServer,1296.0,1620.0,324.0,7.0,False,False,1102
10667,71,21.5,14.0,0.20000000298023224,SQLServer,ERNSH,7,1997-09-12 00:00:00,1997-10-10,1997-09-19,1.0,78.09,Ernst Handel,Kirchgasse 6,Graz,,8010,Austria,SQLServer,240.8,301.0,60.2,7.0,False,False,1103
10668,31,12.5,8.0,0.10000000149011612,SQLServer,WANDK,1,1997-09-15 00:00:00,1997-10-13,1997-09-23,2.0,47.22,Die Wandernde Kuh,Adenauerallee 900,Stuttgart,,70563,Germany,SQLServer,90.0,100.0,10.0,8.0,False,False,1104
10668,55,24.0,4.0,0.10000000149011612,SQLServer,WANDK,1,1997-09-15 00:00:00,1997-10-13,1997-09-23,2.0,47.22,Die Wandernde Kuh,Adenauerallee 900,Stuttgart,,70563,Germany,SQLServer,86.4,96.0,9.6,8.0,False,False,1105
10668,64,33.25,15.0,0.10000000149011612,SQLServer,WANDK,1,1997-09-15 00:00:00,1997-10-13,1997-09-23,2.0,47.22,Die Wandernde Kuh,Adenauerallee 900,Stuttgart,,70563,Germany,SQLServer,448.87,498.75,49.88,8.0,False,False,1106
10669,36,19.0,30.0,0.0,SQLServer,SIMOB,2,1997-09-15 00:00:00,1997-10-13,1997-09-22,1.0,24.39,Simons bistro,Vinbæltet 34,Kobenhavn,,1734,Denmark,SQLServer,570.0,570.0,0.0,7.0,False,False,1107
10670,23,9.0,32.0,0.0,SQLServer,FRANK,4,1997-09-16 00:00:00,1997-10-14,1997-09-18,1.0,203.48,Frankenversand,Berliner Platz 43,München,,80805,Germany,SQLServer,288.0,288.0,0.0,2.0,False,False,1108
10670,46,12.0,60.0,0.0,SQLServer,FRANK,4,1997-09-16 00:00:00,1997-10-14,1997-09-18,1.0,203.48,Frankenversand,Berliner Platz 43,München,,80805,Germany,SQLServer,720.0,720.0,0.0,2.0,False,False,1109
10670,67,14.0,25.0,0.0,SQLServer,FRANK,4,1997-09-16 00:00:00,1997-10-14,1997-09-18,1.0,203.48,Frankenversand,Berliner Platz 43,München,,80805,Germany,SQLServer,350.0,350.0,0.0,2.0,False,False,1110
10670,73,15.0,50.0,0.0,SQLServer,FRANK,4,1997-09-16 00:00:00,1997-10-14,1997-09-18,1.0,203.48,Frankenversand,Berliner Platz 43,München,,80805,Germany,SQLServer,750.0,750.0,0.0,2.0,False,False,1111
10670,75,7.75,25.0,0.0,SQLServer,FRANK,4,1997-09-16 00:00:00,1997-10-14,1997-09-18,1.0,203.48,Frankenversand,Berliner Platz 43,München,,80805,Germany,SQLServer,193.75,193.75,0.0,2.0,False,False,1112
10671,16,17.45,10.0,0.0,SQLServer,FRANR,1,1997-09-17 00:00:00,1997-10-15,1997-09-24,1.0,30.34,France restauration,"54, rue Royale",Nantes,,44000,France,SQLServer,174.5,174.5,0.0,7.0,False,False,1113
10671,62,49.3,10.0,0.0,SQLServer,FRANR,1,1997-09-17 00:00:00,1997-10-15,1997-09-24,1.0,30.34,France restauration,"54, rue Royale",Nantes,,44000,France,SQLServer,493.0,493.0,0.0,7.0,False,False,1114
10671,65,21.05,12.0,0.0,SQLServer,FRANR,1,1997-09-17 00:00:00,1997-10-15,1997-09-24,1.0,30.34,France restauration,"54, rue Royale",Nantes,,44000,France,SQLServer,252.6,252.6,0.0,7.0,False,False,1115
10672,38,263.5,15.0,0.10000000149011612,SQLServer,BERGS,9,1997-09-17 00:00:00,1997-10-01,1997-09-26,2.0,95.75,Berglunds snabbköp,Berguvsvägen  8,Luleå,,S-958 22,Sweden,SQLServer,3557.25,3952.5,395.25,9.0,False,False,1116
10672,71,21.5,12.0,0.0,SQLServer,BERGS,9,1997-09-17 00:00:00,1997-10-01,1997-09-26,2.0,95.75,Berglunds snabbköp,Berguvsvägen  8,Luleå,,S-958 22,Sweden,SQLServer,258.0,258.0,0.0,9.0,False,False,1117
10673,16,17.45,3.0,0.0,SQLServer,WILMK,2,1997-09-18 00:00:00,1997-10-16,1997-09-19,1.0,22.76,Wilman Kala,Keskuskatu 45,Helsinki,,21240,Finland,SQLServer,52.35,52.35,0.0,1.0,False,False,1118
10673,42,14.0,6.0,0.0,SQLServer,WILMK,2,1997-09-18 00:00:00,1997-10-16,1997-09-19,1.0,22.76,Wilman Kala,Keskuskatu 45,Helsinki,,21240,Finland,SQLServer,84.0,84.0,0.0,1.0,False,False,1119
10673,43,46.0,6.0,0.0,SQLServer,WILMK,2,1997-09-18 00:00:00,1997-10-16,1997-09-19,1.0,22.76,Wilman Kala,Keskuskatu 45,Helsinki,,21240,Finland,SQLServer,276.0,276.0,0.0,1.0,False,False,1120
10674,23,9.0,5.0,0.0,SQLServer,ISLAT,4,1997-09-18 00:00:00,1997-10-16,1997-09-30,2.0,0.9,Island Trading,Garden House Crowther Way,Cowes,Isle of Wight,PO31 7PJ,UK,SQLServer,45.0,45.0,0.0,12.0,False,False,1121
10675,14,23.25,30.0,0.0,SQLServer,FRANK,5,1997-09-19 00:00:00,1997-10-17,1997-09-23,2.0,31.85,Frankenversand,Berliner Platz 43,München,,80805,Germany,SQLServer,697.5,697.5,0.0,4.0,False,False,1122
10675,53,32.8,10.0,0.0,SQLServer,FRANK,5,1997-09-19 00:00:00,1997-10-17,1997-09-23,2.0,31.85,Frankenversand,Berliner Platz 43,München,,80805,Germany,SQLServer,328.0,328.0,0.0,4.0,False,False,1123
10675,58,13.25,30.0,0.0,SQLServer,FRANK,5,1997-09-19 00:00:00,1997-10-17,1997-09-23,2.0,31.85,Frankenversand,Berliner Platz 43,München,,80805,Germany,SQLServer,397.5,397.5,0.0,4.0,False,False,1124
10676,10,31.0,2.0,0.0,SQLServer,TORTU,2,1997-09-22 00:00:00,1997-10-20,1997-09-29,2.0,2.01,Tortuga Restaurante,Avda. Azteca 123,México D.F.,,05033,Mexico,SQLServer,62.0,62.0,0.0,7.0,False,False,1125
10676,19,9.2,7.0,0.0,SQLServer,TORTU,2,1997-09-22 00:00:00,1997-10-20,1997-09-29,2.0,2.01,Tortuga Restaurante,Avda. Azteca 123,México D.F.,,05033,Mexico,SQLServer,64.4,64.4,0.0,7.0,False,False,1126
10676,44,19.45,21.0,0.0,SQLServer,TORTU,2,1997-09-22 00:00:00,1997-10-20,1997-09-29,2.0,2.01,Tortuga Restaurante,Avda. Azteca 123,México D.F.,,05033,Mexico,SQLServer,408.45,408.45,0.0,7.0,False,False,1127
10677,26,31.23,30.0,0.15000000596046448,SQLServer,ANTON,1,1997-09-22 00:00:00,1997-10-20,1997-09-26,3.0,4.03,Antonio Moreno Taquería,Mataderos  2312,México D.F.,,05023,Mexico,SQLServer,796.36,936.9,140.54,4.0,False,False,1128
10677,33,2.5,8.0,0.15000000596046448,SQLServer,ANTON,1,1997-09-22 00:00:00,1997-10-20,1997-09-26,3.0,4.03,Antonio Moreno Taquería,Mataderos  2312,México D.F.,,05023,Mexico,SQLServer,17.0,20.0,3.0,4.0,False,False,1129
10678,12,38.0,100.0,0.0,SQLServer,SAVEA,7,1997-09-23 00:00:00,1997-10-21,1997-10-16,3.0,388.98,Save-a-lot Markets,187 Suffolk Ln.,Boise,ID,83720,USA,SQLServer,3800.0,3800.0,0.0,23.0,False,False,1130
10678,33,2.5,30.0,0.0,SQLServer,SAVEA,7,1997-09-23 00:00:00,1997-10-21,1997-10-16,3.0,388.98,Save-a-lot Markets,187 Suffolk Ln.,Boise,ID,83720,USA,SQLServer,75.0,75.0,0.0,23.0,False,False,1131
10678,41,9.65,120.0,0.0,SQLServer,SAVEA,7,1997-09-23 00:00:00,1997-10-21,1997-10-16,3.0,388.98,Save-a-lot Markets,187 Suffolk Ln.,Boise,ID,83720,USA,SQLServer,1158.0,1158.0,0.0,23.0,False,False,1132
10678,54,7.45,30.0,0.0,SQLServer,SAVEA,7,1997-09-23 00:00:00,1997-10-21,1997-10-16,3.0,388.98,Save-a-lot Markets,187 Suffolk Ln.,Boise,ID,83720,USA,SQLServer,223.5,223.5,0.0,23.0,False,False,1133
10679,59,55.0,12.0,0.0,SQLServer,BLONP,8,1997-09-23 00:00:00,1997-10-21,1997-09-30,3.0,27.94,Blondel père et fils,"24, place Kléber",Strasbourg,,67000,France,SQLServer,660.0,660.0,0.0,7.0,False,False,1134
10680,16,17.45,50.0,0.25,SQLServer,OLDWO,1,1997-09-24 00:00:00,1997-10-22,1997-09-26,1.0,26.61,Old World Delicatessen,2743 Bering St.,Anchorage,AK,99508,USA,SQLServer,654.38,872.5,218.12,2.0,False,False,1135
10680,31,12.5,20.0,0.25,SQLServer,OLDWO,1,1997-09-24 00:00:00,1997-10-22,1997-09-26,1.0,26.61,Old World Delicatessen,2743 Bering St.,Anchorage,AK,99508,USA,SQLServer,187.5,250.0,62.5,2.0,False,False,1136
10680,42,14.0,40.0,0.25,SQLServer,OLDWO,1,1997-09-24 00:00:00,1997-10-22,1997-09-26,1.0,26.61,Old World Delicatessen,2743 Bering St.,Anchorage,AK,99508,USA,SQLServer,420.0,560.0,140.0,2.0,False,False,1137
10681,19,9.2,30.0,0.10000000149011612,SQLServer,GREAL,3,1997-09-25 00:00:00,1997-10-23,1997-09-30,3.0,76.13,Great Lakes Food Market,2732 Baker Blvd.,Eugene,OR,97403,USA,SQLServer,248.4,276.0,27.6,5.0,False,False,1138
10681,21,10.0,12.0,0.10000000149011612,SQLServer,GREAL,3,1997-09-25 00:00:00,1997-10-23,1997-09-30,3.0,76.13,Great Lakes Food Market,2732 Baker Blvd.,Eugene,OR,97403,USA,SQLServer,108.0,120.0,12.0,5.0,False,False,1139
10681,64,33.25,28.0,0.0,SQLServer,GREAL,3,1997-09-25 00:00:00,1997-10-23,1997-09-30,3.0,76.13,Great Lakes Food Market,2732 Baker Blvd.,Eugene,OR,97403,USA,SQLServer,931.0,931.0,0.0,5.0,False,False,1140
10682,33,2.5,30.0,0.0,SQLServer,ANTON,3,1997-09-25 00:00:00,1997-10-23,1997-10-01,2.0,36.13,Antonio Moreno Taquería,Mataderos  2312,México D.F.,,05023,Mexico,SQLServer,75.0,75.0,0.0,6.0,False,False,1141
10682,66,17.0,4.0,0.0,SQLServer,ANTON,3,1997-09-25 00:00:00,1997-10-23,1997-10-01,2.0,36.13,Antonio Moreno Taquería,Mataderos  2312,México D.F.,,05023,Mexico,SQLServer,68.0,68.0,0.0,6.0,False,False,1142
10682,75,7.75,30.0,0.0,SQLServer,ANTON,3,1997-09-25 00:00:00,1997-10-23,1997-10-01,2.0,36.13,Antonio Moreno Taquería,Mataderos  2312,México D.F.,,05023,Mexico,SQLServer,232.5,232.5,0.0,6.0,False,False,1143
10683,52,7.0,9.0,0.0,SQLServer,DUMON,2,1997-09-26 00:00:00,1997-10-24,1997-10-01,1.0,4.4,Du monde entier,"67, rue des Cinquante Otages",Nantes,,44000,France,SQLServer,63.0,63.0,0.0,5.0,False,False,1144
10684,40,18.4,20.0,0.0,SQLServer,OTTIK,3,1997-09-26 00:00:00,1997-10-24,1997-09-30,1.0,145.63,Ottilies Käseladen,Mehrheimerstr. 369,Köln,,50739,Germany,SQLServer,368.0,368.0,0.0,4.0,False,False,1145
10684,47,9.5,40.0,0.0,SQLServer,OTTIK,3,1997-09-26 00:00:00,1997-10-24,1997-09-30,1.0,145.63,Ottilies Käseladen,Mehrheimerstr. 369,Köln,,50739,Germany,SQLServer,380.0,380.0,0.0,4.0,False,False,1146
10684,60,34.0,30.0,0.0,SQLServer,OTTIK,3,1997-09-26 00:00:00,1997-10-24,1997-09-30,1.0,145.63,Ottilies Käseladen,Mehrheimerstr. 369,Köln,,50739,Germany,SQLServer,1020.0,1020.0,0.0,4.0,False,False,1147
10685,10,31.0,20.0,0.0,SQLServer,GOURL,4,1997-09-29 00:00:00,1997-10-13,1997-10-03,2.0,33.75,Gourmet Lanchonetes,"Av. Brasil, 442",Campinas,SP,04876-786,Brazil,SQLServer,620.0,620.0,0.0,4.0,False,False,1148
10685,41,9.65,4.0,0.0,SQLServer,GOURL,4,1997-09-29 00:00:00,1997-10-13,1997-10-03,2.0,33.75,Gourmet Lanchonetes,"Av. Brasil, 442",Campinas,SP,04876-786,Brazil,SQLServer,38.6,38.6,0.0,4.0,False,False,1149
10685,47,9.5,15.0,0.0,SQLServer,GOURL,4,1997-09-29 00:00:00,1997-10-13,1997-10-03,2.0,33.75,Gourmet Lanchonetes,"Av. Brasil, 442",Campinas,SP,04876-786,Brazil,SQLServer,142.5,142.5,0.0,4.0,False,False,1150
10686,17,39.0,30.0,0.20000000298023224,SQLServer,PICCO,2,1997-09-30 00:00:00,1997-10-28,1997-10-08,1.0,96.5,Piccolo und mehr,Geislweg 14,Salzburg,,5020,Austria,SQLServer,936.0,1170.0,234.0,8.0,False,False,1151
10686,26,31.23,15.0,0.0,SQLServer,PICCO,2,1997-09-30 00:00:00,1997-10-28,1997-10-08,1.0,96.5,Piccolo und mehr,Geislweg 14,Salzburg,,5020,Austria,SQLServer,468.45,468.45,0.0,8.0,False,False,1152
10687,9,97.0,50.0,0.25,SQLServer,HUNGO,9,1997-09-30 00:00:00,1997-10-28,1997-10-30,2.0,296.43,Hungry Owl All-Night Grocers,8 Johnstown Road,Cork,Co. Cork,,Ireland,SQLServer,3637.5,4850.0,1212.5,30.0,True,False,1153
10687,29,123.79,10.0,0.0,SQLServer,HUNGO,9,1997-09-30 00:00:00,1997-10-28,1997-10-30,2.0,296.43,Hungry Owl All-Night Grocers,8 Johnstown Road,Cork,Co. Cork,,Ireland,SQLServer,1237.9,1237.9,0.0,30.0,True,False,1154
10687,36,19.0,6.0,0.25,SQLServer,HUNGO,9,1997-09-30 00:00:00,1997-10-28,1997-10-30,2.0,296.43,Hungry Owl All-Night Grocers,8 Johnstown Road,Cork,Co. Cork,,Ireland,SQLServer,85.5,114.0,28.5,30.0,True,False,1155
10688,10,31.0,18.0,0.10000000149011612,SQLServer,VAFFE,4,1997-10-01 00:00:00,1997-10-15,1997-10-07,2.0,299.09,Vaffeljernet,Smagsloget 45,Århus,,8200,Denmark,SQLServer,502.2,558.0,55.8,6.0,False,False,1156
10688,28,45.6,60.0,0.10000000149011612,SQLServer,VAFFE,4,1997-10-01 00:00:00,1997-10-15,1997-10-07,2.0,299.09,Vaffeljernet,Smagsloget 45,Århus,,8200,Denmark,SQLServer,2462.4,2736.0,273.6,6.0,False,False,1157
10688,34,14.0,14.0,0.0,SQLServer,VAFFE,4,1997-10-01 00:00:00,1997-10-15,1997-10-07,2.0,299.09,Vaffeljernet,Smagsloget 45,Århus,,8200,Denmark,SQLServer,196.0,196.0,0.0,6.0,False,False,1158
10689,1,18.0,35.0,0.25,SQLServer,BERGS,1,1997-10-01 00:00:00,1997-10-29,1997-10-07,2.0,13.42,Berglunds snabbköp,Berguvsvägen  8,Luleå,,S-958 22,Sweden,SQLServer,472.5,630.0,157.5,6.0,False,False,1159
10690,56,38.0,20.0,0.25,SQLServer,HANAR,1,1997-10-02 00:00:00,1997-10-30,1997-10-03,1.0,15.8,Hanari Carnes,"Rua do Paço, 67",Rio de Janeiro,RJ,05454-876,Brazil,SQLServer,570.0,760.0,190.0,1.0,False,False,1160
10690,77,13.0,30.0,0.25,SQLServer,HANAR,1,1997-10-02 00:00:00,1997-10-30,1997-10-03,1.0,15.8,Hanari Carnes,"Rua do Paço, 67",Rio de Janeiro,RJ,05454-876,Brazil,SQLServer,292.5,390.0,97.5,1.0,False,False,1161
10691,1,18.0,30.0,0.0,SQLServer,QUICK,2,1997-10-03 00:00:00,1997-11-14,1997-10-22,2.0,810.05,QUICK-Stop,Taucherstraße 10,Cunewalde,,01307,Germany,SQLServer,540.0,540.0,0.0,19.0,False,True,1162
10691,29,123.79,40.0,0.0,SQLServer,QUICK,2,1997-10-03 00:00:00,1997-11-14,1997-10-22,2.0,810.05,QUICK-Stop,Taucherstraße 10,Cunewalde,,01307,Germany,SQLServer,4951.6,4951.6,0.0,19.0,False,True,1163
10691,43,46.0,40.0,0.0,SQLServer,QUICK,2,1997-10-03 00:00:00,1997-11-14,1997-10-22,2.0,810.05,QUICK-Stop,Taucherstraße 10,Cunewalde,,01307,Germany,SQLServer,1840.0,1840.0,0.0,19.0,False,True,1164
10691,44,19.45,24.0,0.0,SQLServer,QUICK,2,1997-10-03 00:00:00,1997-11-14,1997-10-22,2.0,810.05,QUICK-Stop,Taucherstraße 10,Cunewalde,,01307,Germany,SQLServer,466.8,466.8,0.0,19.0,False,True,1165
10691,62,49.3,48.0,0.0,SQLServer,QUICK,2,1997-10-03 00:00:00,1997-11-14,1997-10-22,2.0,810.05,QUICK-Stop,Taucherstraße 10,Cunewalde,,01307,Germany,SQLServer,2366.4,2366.4,0.0,19.0,False,True,1166
10692,63,43.9,20.0,0.0,SQLServer,ALFKI,4,1997-10-03 00:00:00,1997-10-31,1997-10-13,2.0,61.02,Alfred's Futterkiste,Obere Str. 57,Berlin,,12209,Germany,SQLServer,878.0,878.0,0.0,10.0,False,False,1167
10693,9,97.0,6.0,0.0,SQLServer,WHITC,3,1997-10-06 00:00:00,1997-10-20,1997-10-10,3.0,139.34,White Clover Markets,1029 - 12th Ave. S.,Seattle,WA,98124,USA,SQLServer,582.0,582.0,0.0,4.0,False,False,1168
10693,54,7.45,60.0,0.15000000596046448,SQLServer,WHITC,3,1997-10-06 00:00:00,1997-10-20,1997-10-10,3.0,139.34,White Clover Markets,1029 - 12th Ave. S.,Seattle,WA,98124,USA,SQLServer,379.95,447.0,67.05,4.0,False,False,1169
10693,69,36.0,30.0,0.15000000596046448,SQLServer,WHITC,3,1997-10-06 00:00:00,1997-10-20,1997-10-10,3.0,139.34,White Clover Markets,1029 - 12th Ave. S.,Seattle,WA,98124,USA,SQLServer,918.0,1080.0,162.0,4.0,False,False,1170
10693,73,15.0,15.0,0.15000000596046448,SQLServer,WHITC,3,1997-10-06 00:00:00,1997-10-20,1997-10-10,3.0,139.34,White Clover Markets,1029 - 12th Ave. S.,Seattle,WA,98124,USA,SQLServer,191.25,225.0,33.75,4.0,False,False,1171
10694,7,30.0,90.0,0.0,SQLServer,QUICK,8,1997-10-06 00:00:00,1997-11-03,1997-10-09,3.0,398.36,QUICK-Stop,Taucherstraße 10,Cunewalde,,01307,Germany,SQLServer,2700.0,2700.0,0.0,3.0,False,False,1172
10694,59,55.0,25.0,0.0,SQLServer,QUICK,8,1997-10-06 00:00:00,1997-11-03,1997-10-09,3.0,398.36,QUICK-Stop,Taucherstraße 10,Cunewalde,,01307,Germany,SQLServer,1375.0,1375.0,0.0,3.0,False,False,1173
10694,70,15.0,50.0,0.0,SQLServer,QUICK,8,1997-10-06 00:00:00,1997-11-03,1997-10-09,3.0,398.36,QUICK-Stop,Taucherstraße 10,Cunewalde,,01307,Germany,SQLServer,750.0,750.0,0.0,3.0,False,False,1174
10695,8,40.0,10.0,0.0,SQLServer,WILMK,7,1997-10-07 00:00:00,1997-11-18,1997-10-14,1.0,16.72,Wilman Kala,Keskuskatu 45,Helsinki,,21240,Finland,SQLServer,400.0,400.0,0.0,7.0,False,False,1175
10695,12,38.0,4.0,0.0,SQLServer,WILMK,7,1997-10-07 00:00:00,1997-11-18,1997-10-14,1.0,16.72,Wilman Kala,Keskuskatu 45,Helsinki,,21240,Finland,SQLServer,152.0,152.0,0.0,7.0,False,False,1176
10695,24,4.5,20.0,0.0,SQLServer,WILMK,7,1997-10-07 00:00:00,1997-11-18,1997-10-14,1.0,16.72,Wilman Kala,Keskuskatu 45,Helsinki,,21240,Finland,SQLServer,90.0,90.0,0.0,7.0,False,False,1177
10696,17,39.0,20.0,0.0,SQLServer,WHITC,8,1997-10-08 00:00:00,1997-11-19,1997-10-14,3.0,102.55,White Clover Markets,1029 - 12th Ave. S.,Seattle,WA,98124,USA,SQLServer,780.0,780.0,0.0,6.0,False,False,1178
10696,46,12.0,18.0,0.0,SQLServer,WHITC,8,1997-10-08 00:00:00,1997-11-19,1997-10-14,3.0,102.55,White Clover Markets,1029 - 12th Ave. S.,Seattle,WA,98124,USA,SQLServer,216.0,216.0,0.0,6.0,False,False,1179
10697,19,9.2,7.0,0.25,SQLServer,LINOD,3,1997-10-08 00:00:00,1997-11-05,1997-10-14,1.0,45.52,LINO-Delicateses,Ave. 5 de Mayo Porlamar,I. de Margarita,Nueva Esparta,4980,Venezuela,SQLServer,48.3,64.4,16.1,6.0,False,False,1180
10697,35,18.0,9.0,0.25,SQLServer,LINOD,3,1997-10-08 00:00:00,1997-11-05,1997-10-14,1.0,45.52,LINO-Delicateses,Ave. 5 de Mayo Porlamar,I. de Margarita,Nueva Esparta,4980,Venezuela,SQLServer,121.5,162.0,40.5,6.0,False,False,1181
10697,58,13.25,30.0,0.25,SQLServer,LINOD,3,1997-10-08 00:00:00,1997-11-05,1997-10-14,1.0,45.52,LINO-Delicateses,Ave. 5 de Mayo Porlamar,I. de Margarita,Nueva Esparta,4980,Venezuela,SQLServer,298.12,397.5,99.38,6.0,False,False,1182
10697,70,15.0,30.0,0.25,SQLServer,LINOD,3,1997-10-08 00:00:00,1997-11-05,1997-10-14,1.0,45.52,LINO-Delicateses,Ave. 5 de Mayo Porlamar,I. de Margarita,Nueva Esparta,4980,Venezuela,SQLServer,337.5,450.0,112.5,6.0,False,False,1183
10698,11,21.0,15.0,0.0,SQLServer,ERNSH,4,1997-10-09 00:00:00,1997-11-06,1997-10-17,1.0,272.47,Ernst Handel,Kirchgasse 6,Graz,,8010,Austria,SQLServer,315.0,315.0,0.0,8.0,False,False,1184
10698,17,39.0,8.0,0.05000000074505806,SQLServer,ERNSH,4,1997-10-09 00:00:00,1997-11-06,1997-10-17,1.0,272.47,Ernst Handel,Kirchgasse 6,Graz,,8010,Austria,SQLServer,296.4,312.0,15.6,8.0,False,False,1185
10698,29,123.79,12.0,0.05000000074505806,SQLServer,ERNSH,4,1997-10-09 00:00:00,1997-11-06,1997-10-17,1.0,272.47,Ernst Handel,Kirchgasse 6,Graz,,8010,Austria,SQLServer,1411.21,1485.48,74.27,8.0,False,False,1186
10698,65,21.05,65.0,0.05000000074505806,SQLServer,ERNSH,4,1997-10-09 00:00:00,1997-11-06,1997-10-17,1.0,272.47,Ernst Handel,Kirchgasse 6,Graz,,8010,Austria,SQLServer,1299.84,1368.25,68.41,8.0,False,False,1187
10698,70,15.0,8.0,0.05000000074505806,SQLServer,ERNSH,4,1997-10-09 00:00:00,1997-11-06,1997-10-17,1.0,272.47,Ernst Handel,Kirchgasse 6,Graz,,8010,Austria,SQLServer,114.0,120.0,6.0,8.0,False,False,1188
10699,47,9.5,12.0,0.0,SQLServer,MORGK,3,1997-10-09 00:00:00,1997-11-06,1997-10-13,3.0,0.58,Morgenstern Gesundkost,Heerstr. 22,Leipzig,,04179,Germany,SQLServer,114.0,114.0,0.0,4.0,False,False,1189
10700,1,18.0,5.0,0.20000000298023224,SQLServer,SAVEA,3,1997-10-10 00:00:00,1997-11-07,1997-10-16,1.0,65.1,Save-a-lot Markets,187 Suffolk Ln.,Boise,ID,83720,USA,SQLServer,72.0,90.0,18.0,6.0,False,False,1190
10700,34,14.0,12.0,0.20000000298023224,SQLServer,SAVEA,3,1997-10-10 00:00:00,1997-11-07,1997-10-16,1.0,65.1,Save-a-lot Markets,187 Suffolk Ln.,Boise,ID,83720,USA,SQLServer,134.4,168.0,33.6,6.0,False,False,1191
10700,68,12.5,40.0,0.20000000298023224,SQLServer,SAVEA,3,1997-10-10 00:00:00,1997-11-07,1997-10-16,1.0,65.1,Save-a-lot Markets,187 Suffolk Ln.,Boise,ID,83720,USA,SQLServer,400.0,500.0,100.0,6.0,False,False,1192
10700,71,21.5,60.0,0.20000000298023224,SQLServer,SAVEA,3,1997-10-10 00:00:00,1997-11-07,1997-10-16,1.0,65.1,Save-a-lot Markets,187 Suffolk Ln.,Boise,ID,83720,USA,SQLServer,1032.0,1290.0,258.0,6.0,False,False,1193
10701,59,55.0,42.0,0.15000000596046448,SQLServer,HUNGO,6,1997-10-13 00:00:00,1997-10-27,1997-10-15,3.0,220.31,Hungry Owl All-Night Grocers,8 Johnstown Road,Cork,Co. Cork,,Ireland,SQLServer,1963.5,2310.0,346.5,2.0,False,False,1194
10701,71,21.5,20.0,0.15000000596046448,SQLServer,HUNGO,6,1997-10-13 00:00:00,1997-10-27,1997-10-15,3.0,220.31,Hungry Owl All-Night Grocers,8 Johnstown Road,Cork,Co. Cork,,Ireland,SQLServer,365.5,430.0,64.5,2.0,False,False,1195
10701,76,18.0,35.0,0.15000000596046448,SQLServer,HUNGO,6,1997-10-13 00:00:00,1997-10-27,1997-10-15,3.0,220.31,Hungry Owl All-Night Grocers,8 Johnstown Road,Cork,Co. Cork,,Ireland,SQLServer,535.5,630.0,94.5,2.0,False,False,1196
10702,3,10.0,6.0,0.0,SQLServer,ALFKI,4,1997-10-13 00:00:00,1997-11-24,1997-10-21,1.0,23.94,Alfred's Futterkiste,Obere Str. 57,Berlin,,12209,Germany,SQLServer,60.0,60.0,0.0,8.0,False,False,1197
10702,76,18.0,15.0,0.0,SQLServer,ALFKI,4,1997-10-13 00:00:00,1997-11-24,1997-10-21,1.0,23.94,Alfred's Futterkiste,Obere Str. 57,Berlin,,12209,Germany,SQLServer,270.0,270.0,0.0,8.0,False,False,1198
10703,2,19.0,5.0,0.0,SQLServer,FOLKO,6,1997-10-14 00:00:00,1997-11-11,1997-10-20,2.0,152.3,Folk och fä HB,Åkergatan 24,Bräcke,,S-844 67,Sweden,SQLServer,95.0,95.0,0.0,6.0,False,False,1199
10703,59,55.0,35.0,0.0,SQLServer,FOLKO,6,1997-10-14 00:00:00,1997-11-11,1997-10-20,2.0,152.3,Folk och fä HB,Åkergatan 24,Bräcke,,S-844 67,Sweden,SQLServer,1925.0,1925.0,0.0,6.0,False,False,1200
10703,73,15.0,35.0,0.0,SQLServer,FOLKO,6,1997-10-14 00:00:00,1997-11-11,1997-10-20,2.0,152.3,Folk och fä HB,Åkergatan 24,Bräcke,,S-844 67,Sweden,SQLServer,525.0,525.0,0.0,6.0,False,False,1201
10704,4,22.0,6.0,0.0,SQLServer,QUEEN,6,1997-10-14 00:00:00,1997-11-11,1997-11-07,1.0,4.78,Queen Cozinha,"Alameda dos Canàrios, 891",Sao Paulo,SP,05487-020,Brazil,SQLServer,132.0,132.0,0.0,24.0,False,False,1202
10704,24,4.5,35.0,0.0,SQLServer,QUEEN,6,1997-10-14 00:00:00,1997-11-11,1997-11-07,1.0,4.78,Queen Cozinha,"Alameda dos Canàrios, 891",Sao Paulo,SP,05487-020,Brazil,SQLServer,157.5,157.5,0.0,24.0,False,False,1203
10704,48,12.75,24.0,0.0,SQLServer,QUEEN,6,1997-10-14 00:00:00,1997-11-11,1997-11-07,1.0,4.78,Queen Cozinha,"Alameda dos Canàrios, 891",Sao Paulo,SP,05487-020,Brazil,SQLServer,306.0,306.0,0.0,24.0,False,False,1204
10705,31,12.5,20.0,0.0,SQLServer,HILAA,9,1997-10-15 00:00:00,1997-11-12,1997-11-18,2.0,3.52,HILARION-Abastos,Carrera 22 con Ave. Carlos Soublette #8-35,San Cristóbal,Táchira,5022,Venezuela,SQLServer,250.0,250.0,0.0,34.0,True,False,1205
10705,32,32.0,4.0,0.0,SQLServer,HILAA,9,1997-10-15 00:00:00,1997-11-12,1997-11-18,2.0,3.52,HILARION-Abastos,Carrera 22 con Ave. Carlos Soublette #8-35,San Cristóbal,Táchira,5022,Venezuela,SQLServer,128.0,128.0,0.0,34.0,True,False,1206
10706,16,17.45,20.0,0.0,SQLServer,OLDWO,8,1997-10-16 00:00:00,1997-11-13,1997-10-21,3.0,135.63,Old World Delicatessen,2743 Bering St.,Anchorage,AK,99508,USA,SQLServer,349.0,349.0,0.0,5.0,False,False,1207
10706,43,46.0,24.0,0.0,SQLServer,OLDWO,8,1997-10-16 00:00:00,1997-11-13,1997-10-21,3.0,135.63,Old World Delicatessen,2743 Bering St.,Anchorage,AK,99508,USA,SQLServer,1104.0,1104.0,0.0,5.0,False,False,1208
10706,59,55.0,8.0,0.0,SQLServer,OLDWO,8,1997-10-16 00:00:00,1997-11-13,1997-10-21,3.0,135.63,Old World Delicatessen,2743 Bering St.,Anchorage,AK,99508,USA,SQLServer,440.0,440.0,0.0,5.0,False,False,1209
10707,55,24.0,21.0,0.0,SQLServer,AROUT,4,1997-10-16 00:00:00,1997-10-30,1997-10-23,3.0,21.74,Around the Horn,Brook Farm Stratford St. Mary,Colchester,Essex,CO7 6JX,UK,SQLServer,504.0,504.0,0.0,7.0,False,False,1210
10707,57,19.5,40.0,0.0,SQLServer,AROUT,4,1997-10-16 00:00:00,1997-10-30,1997-10-23,3.0,21.74,Around the Horn,Brook Farm Stratford St. Mary,Colchester,Essex,CO7 6JX,UK,SQLServer,780.0,780.0,0.0,7.0,False,False,1211
10707,70,15.0,28.0,0.15000000596046448,SQLServer,AROUT,4,1997-10-16 00:00:00,1997-10-30,1997-10-23,3.0,21.74,Around the Horn,Brook Farm Stratford St. Mary,Colchester,Essex,CO7 6JX,UK,SQLServer,357.0,420.0,63.0,7.0,False,False,1212
10708,5,21.35,4.0,0.0,SQLServer,THEBI,6,1997-10-17 00:00:00,1997-11-28,1997-11-05,2.0,2.96,The Big Cheese,89 Jefferson Way Suite 2,Portland,OR,97201,USA,SQLServer,85.4,85.4,0.0,19.0,False,False,1213
10708,36,19.0,5.0,0.0,SQLServer,THEBI,6,1997-10-17 00:00:00,1997-11-28,1997-11-05,2.0,2.96,The Big Cheese,89 Jefferson Way Suite 2,Portland,OR,97201,USA,SQLServer,95.0,95.0,0.0,19.0,False,False,1214
10709,8,40.0,40.0,0.0,SQLServer,GOURL,1,1997-10-17 00:00:00,1997-11-14,1997-11-20,3.0,210.8,Gourmet Lanchonetes,"Av. Brasil, 442",Campinas,SP,04876-786,Brazil,SQLServer,1600.0,1600.0,0.0,34.0,True,False,1215
10709,51,53.0,28.0,0.0,SQLServer,GOURL,1,1997-10-17 00:00:00,1997-11-14,1997-11-20,3.0,210.8,Gourmet Lanchonetes,"Av. Brasil, 442",Campinas,SP,04876-786,Brazil,SQLServer,1484.0,1484.0,0.0,34.0,True,False,1216
10709,60,34.0,10.0,0.0,SQLServer,GOURL,1,1997-10-17 00:00:00,1997-11-14,1997-11-20,3.0,210.8,Gourmet Lanchonetes,"Av. Brasil, 442",Campinas,SP,04876-786,Brazil,SQLServer,340.0,340.0,0.0,34.0,True,False,1217
10710,19,9.2,5.0,0.0,SQLServer,FRANS,1,1997-10-20 00:00:00,1997-11-17,1997-10-23,1.0,4.98,Franchi S.p.A.,Via Monte Bianco 34,Torino,,10100,Italy,SQLServer,46.0,46.0,0.0,3.0,False,False,1218
10710,47,9.5,5.0,0.0,SQLServer,FRANS,1,1997-10-20 00:00:00,1997-11-17,1997-10-23,1.0,4.98,Franchi S.p.A.,Via Monte Bianco 34,Torino,,10100,Italy,SQLServer,47.5,47.5,0.0,3.0,False,False,1219
10711,19,9.2,12.0,0.0,SQLServer,SAVEA,5,1997-10-21 00:00:00,1997-12-02,1997-10-29,2.0,52.41,Save-a-lot Markets,187 Suffolk Ln.,Boise,ID,83720,USA,SQLServer,110.4,110.4,0.0,8.0,False,False,1220
10711,41,9.65,42.0,0.0,SQLServer,SAVEA,5,1997-10-21 00:00:00,1997-12-02,1997-10-29,2.0,52.41,Save-a-lot Markets,187 Suffolk Ln.,Boise,ID,83720,USA,SQLServer,405.3,405.3,0.0,8.0,False,False,1221
10711,53,32.8,120.0,0.0,SQLServer,SAVEA,5,1997-10-21 00:00:00,1997-12-02,1997-10-29,2.0,52.41,Save-a-lot Markets,187 Suffolk Ln.,Boise,ID,83720,USA,SQLServer,3936.0,3936.0,0.0,8.0,False,False,1222
10712,53,32.8,3.0,0.05000000074505806,SQLServer,HUNGO,3,1997-10-21 00:00:00,1997-11-18,1997-10-31,1.0,89.93,Hungry Owl All-Night Grocers,8 Johnstown Road,Cork,Co. Cork,,Ireland,SQLServer,93.48,98.4,4.92,10.0,False,False,1223
10712,56,38.0,30.0,0.0,SQLServer,HUNGO,3,1997-10-21 00:00:00,1997-11-18,1997-10-31,1.0,89.93,Hungry Owl All-Night Grocers,8 Johnstown Road,Cork,Co. Cork,,Ireland,SQLServer,1140.0,1140.0,0.0,10.0,False,False,1224
10713,10,31.0,18.0,0.0,SQLServer,SAVEA,1,1997-10-22 00:00:00,1997-11-19,1997-10-24,1.0,167.05,Save-a-lot Markets,187 Suffolk Ln.,Boise,ID,83720,USA,SQLServer,558.0,558.0,0.0,2.0,False,False,1225
10713,26,31.23,30.0,0.0,SQLServer,SAVEA,1,1997-10-22 00:00:00,1997-11-19,1997-10-24,1.0,167.05,Save-a-lot Markets,187 Suffolk Ln.,Boise,ID,83720,USA,SQLServer,936.9,936.9,0.0,2.0,False,False,1226
10713,45,9.5,110.0,0.0,SQLServer,SAVEA,1,1997-10-22 00:00:00,1997-11-19,1997-10-24,1.0,167.05,Save-a-lot Markets,187 Suffolk Ln.,Boise,ID,83720,USA,SQLServer,1045.0,1045.0,0.0,2.0,False,False,1227
10713,46,12.0,24.0,0.0,SQLServer,SAVEA,1,1997-10-22 00:00:00,1997-11-19,1997-10-24,1.0,167.05,Save-a-lot Markets,187 Suffolk Ln.,Boise,ID,83720,USA,SQLServer,288.0,288.0,0.0,2.0,False,False,1228
10714,2,19.0,30.0,0.25,SQLServer,SAVEA,5,1997-10-22 00:00:00,1997-11-19,1997-10-27,3.0,24.49,Save-a-lot Markets,187 Suffolk Ln.,Boise,ID,83720,USA,SQLServer,427.5,570.0,142.5,5.0,False,False,1229
10714,17,39.0,27.0,0.25,SQLServer,SAVEA,5,1997-10-22 00:00:00,1997-11-19,1997-10-27,3.0,24.49,Save-a-lot Markets,187 Suffolk Ln.,Boise,ID,83720,USA,SQLServer,789.75,1053.0,263.25,5.0,False,False,1230
10714,47,9.5,50.0,0.25,SQLServer,SAVEA,5,1997-10-22 00:00:00,1997-11-19,1997-10-27,3.0,24.49,Save-a-lot Markets,187 Suffolk Ln.,Boise,ID,83720,USA,SQLServer,356.25,475.0,118.75,5.0,False,False,1231
10714,56,38.0,18.0,0.25,SQLServer,SAVEA,5,1997-10-22 00:00:00,1997-11-19,1997-10-27,3.0,24.49,Save-a-lot Markets,187 Suffolk Ln.,Boise,ID,83720,USA,SQLServer,513.0,684.0,171.0,5.0,False,False,1232
10714,58,13.25,12.0,0.25,SQLServer,SAVEA,5,1997-10-22 00:00:00,1997-11-19,1997-10-27,3.0,24.49,Save-a-lot Markets,187 Suffolk Ln.,Boise,ID,83720,USA,SQLServer,119.25,159.0,39.75,5.0,False,False,1233
10715,10,31.0,21.0,0.0,SQLServer,BONAP,3,1997-10-23 00:00:00,1997-11-06,1997-10-29,1.0,63.2,Bon app',"12, rue des Bouchers",Marseille,,13008,France,SQLServer,651.0,651.0,0.0,6.0,False,False,1234
10715,71,21.5,30.0,0.0,SQLServer,BONAP,3,1997-10-23 00:00:00,1997-11-06,1997-10-29,1.0,63.2,Bon app',"12, rue des Bouchers",Marseille,,13008,France,SQLServer,645.0,645.0,0.0,6.0,False,False,1235
10716,21,10.0,5.0,0.0,SQLServer,RANCH,4,1997-10-24 00:00:00,1997-11-21,1997-10-27,2.0,22.57,Rancho grande,Av. del Libertador 900,Buenos Aires,,1010,Argentina,SQLServer,50.0,50.0,0.0,3.0,False,False,1236
10716,51,53.0,7.0,0.0,SQLServer,RANCH,4,1997-10-24 00:00:00,1997-11-21,1997-10-27,2.0,22.57,Rancho grande,Av. del Libertador 900,Buenos Aires,,1010,Argentina,SQLServer,371.0,371.0,0.0,3.0,False,False,1237
10716,61,28.5,10.0,0.0,SQLServer,RANCH,4,1997-10-24 00:00:00,1997-11-21,1997-10-27,2.0,22.57,Rancho grande,Av. del Libertador 900,Buenos Aires,,1010,Argentina,SQLServer,285.0,285.0,0.0,3.0,False,False,1238
10717,21,10.0,32.0,0.05000000074505806,SQLServer,FRANK,1,1997-10-24 00:00:00,1997-11-21,1997-10-29,2.0,59.25,Frankenversand,Berliner Platz 43,München,,80805,Germany,SQLServer,304.0,320.0,16.0,5.0,False,False,1239
10717,54,7.45,15.0,0.0,SQLServer,FRANK,1,1997-10-24 00:00:00,1997-11-21,1997-10-29,2.0,59.25,Frankenversand,Berliner Platz 43,München,,80805,Germany,SQLServer,111.75,111.75,0.0,5.0,False,False,1240
10717,69,36.0,25.0,0.05000000074505806,SQLServer,FRANK,1,1997-10-24 00:00:00,1997-11-21,1997-10-29,2.0,59.25,Frankenversand,Berliner Platz 43,München,,80805,Germany,SQLServer,855.0,900.0,45.0,5.0,False,False,1241
10718,12,38.0,36.0,0.0,SQLServer,KOENE,1,1997-10-27 00:00:00,1997-11-24,1997-10-29,3.0,170.88,Königlich Essen,Maubelstr. 90,Brandenburg,,14776,Germany,SQLServer,1368.0,1368.0,0.0,2.0,False,False,1242
10718,16,17.45,20.0,0.0,SQLServer,KOENE,1,1997-10-27 00:00:00,1997-11-24,1997-10-29,3.0,170.88,Königlich Essen,Maubelstr. 90,Brandenburg,,14776,Germany,SQLServer,349.0,349.0,0.0,2.0,False,False,1243
10718,36,19.0,40.0,0.0,SQLServer,KOENE,1,1997-10-27 00:00:00,1997-11-24,1997-10-29,3.0,170.88,Königlich Essen,Maubelstr. 90,Brandenburg,,14776,Germany,SQLServer,760.0,760.0,0.0,2.0,False,False,1244
10718,62,49.3,20.0,0.0,SQLServer,KOENE,1,1997-10-27 00:00:00,1997-11-24,1997-10-29,3.0,170.88,Königlich Essen,Maubelstr. 90,Brandenburg,,14776,Germany,SQLServer,986.0,986.0,0.0,2.0,False,False,1245
10719,18,62.5,12.0,0.25,SQLServer,LETSS,8,1997-10-27 00:00:00,1997-11-24,1997-11-05,2.0,51.44,Let's Stop N Shop,87 Polk St. Suite 5,San Francisco,CA,94117,USA,SQLServer,562.5,750.0,187.5,9.0,False,False,1246
10719,30,25.89,3.0,0.25,SQLServer,LETSS,8,1997-10-27 00:00:00,1997-11-24,1997-11-05,2.0,51.44,Let's Stop N Shop,87 Polk St. Suite 5,San Francisco,CA,94117,USA,SQLServer,58.25,77.67,19.42,9.0,False,False,1247
10719,54,7.45,40.0,0.25,SQLServer,LETSS,8,1997-10-27 00:00:00,1997-11-24,1997-11-05,2.0,51.44,Let's Stop N Shop,87 Polk St. Suite 5,San Francisco,CA,94117,USA,SQLServer,223.5,298.0,74.5,9.0,False,False,1248
10720,35,18.0,21.0,0.0,SQLServer,QUEDE,8,1997-10-28 00:00:00,1997-11-11,1997-11-05,2.0,9.53,Que Delícia,"Rua da Panificadora, 12",Rio de Janeiro,RJ,02389-673,Brazil,SQLServer,378.0,378.0,0.0,8.0,False,False,1249
10720,71,21.5,8.0,0.0,SQLServer,QUEDE,8,1997-10-28 00:00:00,1997-11-11,1997-11-05,2.0,9.53,Que Delícia,"Rua da Panificadora, 12",Rio de Janeiro,RJ,02389-673,Brazil,SQLServer,172.0,172.0,0.0,8.0,False,False,1250
10721,44,19.45,50.0,0.05000000074505806,SQLServer,QUICK,5,1997-10-29 00:00:00,1997-11-26,1997-10-31,3.0,48.92,QUICK-Stop,Taucherstraße 10,Cunewalde,,01307,Germany,SQLServer,923.87,972.5,48.63,2.0,False,False,1251
10722,2,19.0,3.0,0.0,SQLServer,SAVEA,8,1997-10-29 00:00:00,1997-12-10,1997-11-04,1.0,74.58,Save-a-lot Markets,187 Suffolk Ln.,Boise,ID,83720,USA,SQLServer,57.0,57.0,0.0,6.0,False,False,1252
10722,31,12.5,50.0,0.0,SQLServer,SAVEA,8,1997-10-29 00:00:00,1997-12-10,1997-11-04,1.0,74.58,Save-a-lot Markets,187 Suffolk Ln.,Boise,ID,83720,USA,SQLServer,625.0,625.0,0.0,6.0,False,False,1253
10722,68,12.5,45.0,0.0,SQLServer,SAVEA,8,1997-10-29 00:00:00,1997-12-10,1997-11-04,1.0,74.58,Save-a-lot Markets,187 Suffolk Ln.,Boise,ID,83720,USA,SQLServer,562.5,562.5,0.0,6.0,False,False,1254
10722,75,7.75,42.0,0.0,SQLServer,SAVEA,8,1997-10-29 00:00:00,1997-12-10,1997-11-04,1.0,74.58,Save-a-lot Markets,187 Suffolk Ln.,Boise,ID,83720,USA,SQLServer,325.5,325.5,0.0,6.0,False,False,1255
10723,26,31.23,15.0,0.0,SQLServer,WHITC,3,1997-10-30 00:00:00,1997-11-27,1997-11-25,1.0,21.72,White Clover Markets,1029 - 12th Ave. S.,Seattle,WA,98124,USA,SQLServer,468.45,468.45,0.0,26.0,False,False,1256
10724,10,31.0,16.0,0.0,SQLServer,MEREP,8,1997-10-30 00:00:00,1997-12-11,1997-11-05,2.0,57.75,Mère Paillarde,43 rue St. Laurent,Montréal,Québec,H1J 1C3,Canada,SQLServer,496.0,496.0,0.0,6.0,False,False,1257
10724,61,28.5,5.0,0.0,SQLServer,MEREP,8,1997-10-30 00:00:00,1997-12-11,1997-11-05,2.0,57.75,Mère Paillarde,43 rue St. Laurent,Montréal,Québec,H1J 1C3,Canada,SQLServer,142.5,142.5,0.0,6.0,False,False,1258
10725,41,9.65,12.0,0.0,SQLServer,FAMIA,4,1997-10-31 00:00:00,1997-11-28,1997-11-05,3.0,10.83,Familia Arquibaldo,"Rua Orós, 92",Sao Paulo,SP,05442-030,Brazil,SQLServer,115.8,115.8,0.0,5.0,False,False,1259
10725,52,7.0,4.0,0.0,SQLServer,FAMIA,4,1997-10-31 00:00:00,1997-11-28,1997-11-05,3.0,10.83,Familia Arquibaldo,"Rua Orós, 92",Sao Paulo,SP,05442-030,Brazil,SQLServer,28.0,28.0,0.0,5.0,False,False,1260
10725,55,24.0,6.0,0.0,SQLServer,FAMIA,4,1997-10-31 00:00:00,1997-11-28,1997-11-05,3.0,10.83,Familia Arquibaldo,"Rua Orós, 92",Sao Paulo,SP,05442-030,Brazil,SQLServer,144.0,144.0,0.0,5.0,False,False,1261
10726,4,22.0,25.0,0.0,SQLServer,EASTC,4,1997-11-03 00:00:00,1997-11-17,1997-12-05,1.0,16.56,Eastern Connection,35 King George,London,,WX3 6FW,UK,SQLServer,550.0,550.0,0.0,32.0,True,False,1262
10726,11,21.0,5.0,0.0,SQLServer,EASTC,4,1997-11-03 00:00:00,1997-11-17,1997-12-05,1.0,16.56,Eastern Connection,35 King George,London,,WX3 6FW,UK,SQLServer,105.0,105.0,0.0,32.0,True,False,1263
10727,17,39.0,20.0,0.05000000074505806,SQLServer,REGGC,2,1997-11-03 00:00:00,1997-12-01,1997-12-05,1.0,89.9,Reggiani Caseifici,Strada Provinciale 124,Reggio Emilia,,42100,Italy,SQLServer,741.0,780.0,39.0,32.0,True,False,1264
10727,56,38.0,10.0,0.05000000074505806,SQLServer,REGGC,2,1997-11-03 00:00:00,1997-12-01,1997-12-05,1.0,89.9,Reggiani Caseifici,Strada Provinciale 124,Reggio Emilia,,42100,Italy,SQLServer,361.0,380.0,19.0,32.0,True,False,1265
10727,59,55.0,10.0,0.05000000074505806,SQLServer,REGGC,2,1997-11-03 00:00:00,1997-12-01,1997-12-05,1.0,89.9,Reggiani Caseifici,Strada Provinciale 124,Reggio Emilia,,42100,Italy,SQLServer,522.5,550.0,27.5,32.0,True,False,1266
10728,30,25.89,15.0,0.0,SQLServer,QUEEN,4,1997-11-04 00:00:00,1997-12-02,1997-11-11,2.0,58.33,Queen Cozinha,"Alameda dos Canàrios, 891",Sao Paulo,SP,05487-020,Brazil,SQLServer,388.35,388.35,0.0,7.0,False,False,1267
10728,40,18.4,6.0,0.0,SQLServer,QUEEN,4,1997-11-04 00:00:00,1997-12-02,1997-11-11,2.0,58.33,Queen Cozinha,"Alameda dos Canàrios, 891",Sao Paulo,SP,05487-020,Brazil,SQLServer,110.4,110.4,0.0,7.0,False,False,1268
10728,55,24.0,12.0,0.0,SQLServer,QUEEN,4,1997-11-04 00:00:00,1997-12-02,1997-11-11,2.0,58.33,Queen Cozinha,"Alameda dos Canàrios, 891",Sao Paulo,SP,05487-020,Brazil,SQLServer,288.0,288.0,0.0,7.0,False,False,1269
10728,60,34.0,15.0,0.0,SQLServer,QUEEN,4,1997-11-04 00:00:00,1997-12-02,1997-11-11,2.0,58.33,Queen Cozinha,"Alameda dos Canàrios, 891",Sao Paulo,SP,05487-020,Brazil,SQLServer,510.0,510.0,0.0,7.0,False,False,1270
10729,1,18.0,50.0,0.0,SQLServer,LINOD,8,1997-11-04 00:00:00,1997-12-16,1997-11-14,3.0,141.06,LINO-Delicateses,Ave. 5 de Mayo Porlamar,I. de Margarita,Nueva Esparta,4980,Venezuela,SQLServer,900.0,900.0,0.0,10.0,False,False,1271
10729,21,10.0,30.0,0.0,SQLServer,LINOD,8,1997-11-04 00:00:00,1997-12-16,1997-11-14,3.0,141.06,LINO-Delicateses,Ave. 5 de Mayo Porlamar,I. de Margarita,Nueva Esparta,4980,Venezuela,SQLServer,300.0,300.0,0.0,10.0,False,False,1272
10729,50,16.25,40.0,0.0,SQLServer,LINOD,8,1997-11-04 00:00:00,1997-12-16,1997-11-14,3.0,141.06,LINO-Delicateses,Ave. 5 de Mayo Porlamar,I. de Margarita,Nueva Esparta,4980,Venezuela,SQLServer,650.0,650.0,0.0,10.0,False,False,1273
10730,16,17.45,15.0,0.05000000074505806,SQLServer,BONAP,5,1997-11-05 00:00:00,1997-12-03,1997-11-14,1.0,20.12,Bon app',"12, rue des Bouchers",Marseille,,13008,France,SQLServer,248.66,261.75,13.09,9.0,False,False,1274
10730,31,12.5,3.0,0.05000000074505806,SQLServer,BONAP,5,1997-11-05 00:00:00,1997-12-03,1997-11-14,1.0,20.12,Bon app',"12, rue des Bouchers",Marseille,,13008,France,SQLServer,35.62,37.5,1.88,9.0,False,False,1275
10730,65,21.05,10.0,0.05000000074505806,SQLServer,BONAP,5,1997-11-05 00:00:00,1997-12-03,1997-11-14,1.0,20.12,Bon app',"12, rue des Bouchers",Marseille,,13008,France,SQLServer,199.97,210.5,10.53,9.0,False,False,1276
10731,21,10.0,40.0,0.05000000074505806,SQLServer,CHOPS,7,1997-11-06 00:00:00,1997-12-04,1997-11-14,1.0,96.65,Chop-suey Chinese,Hauptstr. 31,Bern,,3012,Switzerland,SQLServer,380.0,400.0,20.0,8.0,False,False,1277
10731,51,53.0,30.0,0.05000000074505806,SQLServer,CHOPS,7,1997-11-06 00:00:00,1997-12-04,1997-11-14,1.0,96.65,Chop-suey Chinese,Hauptstr. 31,Bern,,3012,Switzerland,SQLServer,1510.5,1590.0,79.5,8.0,False,False,1278
10732,76,18.0,20.0,0.0,SQLServer,BONAP,3,1997-11-06 00:00:00,1997-12-04,1997-11-07,1.0,16.97,Bon app',"12, rue des Bouchers",Marseille,,13008,France,SQLServer,360.0,360.0,0.0,1.0,False,False,1279
10733,14,23.25,16.0,0.0,SQLServer,BERGS,1,1997-11-07 00:00:00,1997-12-05,1997-11-10,3.0,110.11,Berglunds snabbköp,Berguvsvägen  8,Luleå,,S-958 22,Sweden,SQLServer,372.0,372.0,0.0,3.0,False,False,1280
10733,28,45.6,20.0,0.0,SQLServer,BERGS,1,1997-11-07 00:00:00,1997-12-05,1997-11-10,3.0,110.11,Berglunds snabbköp,Berguvsvägen  8,Luleå,,S-958 22,Sweden,SQLServer,912.0,912.0,0.0,3.0,False,False,1281
10733,52,7.0,25.0,0.0,SQLServer,BERGS,1,1997-11-07 00:00:00,1997-12-05,1997-11-10,3.0,110.11,Berglunds snabbköp,Berguvsvägen  8,Luleå,,S-958 22,Sweden,SQLServer,175.0,175.0,0.0,3.0,False,False,1282
10734,6,25.0,30.0,0.0,SQLServer,GOURL,2,1997-11-07 00:00:00,1997-12-05,1997-11-12,3.0,1.63,Gourmet Lanchonetes,"Av. Brasil, 442",Campinas,SP,04876-786,Brazil,SQLServer,750.0,750.0,0.0,5.0,False,False,1283
10734,30,25.89,15.0,0.0,SQLServer,GOURL,2,1997-11-07 00:00:00,1997-12-05,1997-11-12,3.0,1.63,Gourmet Lanchonetes,"Av. Brasil, 442",Campinas,SP,04876-786,Brazil,SQLServer,388.35,388.35,0.0,5.0,False,False,1284
10734,76,18.0,20.0,0.0,SQLServer,GOURL,2,1997-11-07 00:00:00,1997-12-05,1997-11-12,3.0,1.63,Gourmet Lanchonetes,"Av. Brasil, 442",Campinas,SP,04876-786,Brazil,SQLServer,360.0,360.0,0.0,5.0,False,False,1285
10735,61,28.5,20.0,0.10000000149011612,SQLServer,LETSS,6,1997-11-10 00:00:00,1997-12-08,1997-11-21,2.0,45.97,Let's Stop N Shop,87 Polk St. Suite 5,San Francisco,CA,94117,USA,SQLServer,513.0,570.0,57.0,11.0,False,False,1286
10735,77,13.0,2.0,0.10000000149011612,SQLServer,LETSS,6,1997-11-10 00:00:00,1997-12-08,1997-11-21,2.0,45.97,Let's Stop N Shop,87 Polk St. Suite 5,San Francisco,CA,94117,USA,SQLServer,23.4,26.0,2.6,11.0,False,False,1287
10736,65,21.05,40.0,0.0,SQLServer,HUNGO,9,1997-11-11 00:00:00,1997-12-09,1997-11-21,2.0,44.1,Hungry Owl All-Night Grocers,8 Johnstown Road,Cork,Co. Cork,,Ireland,SQLServer,842.0,842.0,0.0,10.0,False,False,1288
10736,75,7.75,20.0,0.0,SQLServer,HUNGO,9,1997-11-11 00:00:00,1997-12-09,1997-11-21,2.0,44.1,Hungry Owl All-Night Grocers,8 Johnstown Road,Cork,Co. Cork,,Ireland,SQLServer,155.0,155.0,0.0,10.0,False,False,1289
10737,13,6.0,4.0,0.0,SQLServer,VINET,2,1997-11-11 00:00:00,1997-12-09,1997-11-18,2.0,7.79,Vins et alcools Chevalier,59 rue de l'Abbaye,Reims,,51100,France,SQLServer,24.0,24.0,0.0,7.0,False,False,1290
10737,41,9.65,12.0,0.0,SQLServer,VINET,2,1997-11-11 00:00:00,1997-12-09,1997-11-18,2.0,7.79,Vins et alcools Chevalier,59 rue de l'Abbaye,Reims,,51100,France,SQLServer,115.8,115.8,0.0,7.0,False,False,1291
10738,16,17.45,3.0,0.0,SQLServer,SPECD,2,1997-11-12 00:00:00,1997-12-10,1997-11-18,1.0,2.91,Spécialités du monde,"25, rue Lauriston",Paris,,75016,France,SQLServer,52.35,52.35,0.0,6.0,False,False,1292
10739,36,19.0,6.0,0.0,SQLServer,VINET,3,1997-11-12 00:00:00,1997-12-10,1997-11-17,3.0,11.08,Vins et alcools Chevalier,59 rue de l'Abbaye,Reims,,51100,France,SQLServer,114.0,114.0,0.0,5.0,False,False,1293
10739,52,7.0,18.0,0.0,SQLServer,VINET,3,1997-11-12 00:00:00,1997-12-10,1997-11-17,3.0,11.08,Vins et alcools Chevalier,59 rue de l'Abbaye,Reims,,51100,France,SQLServer,126.0,126.0,0.0,5.0,False,False,1294
10740,28,45.6,5.0,0.20000000298023224,SQLServer,WHITC,4,1997-11-13 00:00:00,1997-12-11,1997-11-25,2.0,81.88,White Clover Markets,1029 - 12th Ave. S.,Seattle,WA,98124,USA,SQLServer,182.4,228.0,45.6,12.0,False,False,1295
10740,35,18.0,35.0,0.20000000298023224,SQLServer,WHITC,4,1997-11-13 00:00:00,1997-12-11,1997-11-25,2.0,81.88,White Clover Markets,1029 - 12th Ave. S.,Seattle,WA,98124,USA,SQLServer,504.0,630.0,126.0,12.0,False,False,1296
10740,45,9.5,40.0,0.20000000298023224,SQLServer,WHITC,4,1997-11-13 00:00:00,1997-12-11,1997-11-25,2.0,81.88,White Clover Markets,1029 - 12th Ave. S.,Seattle,WA,98124,USA,SQLServer,304.0,380.0,76.0,12.0,False,False,1297
10740,56,38.0,14.0,0.20000000298023224,SQLServer,WHITC,4,1997-11-13 00:00:00,1997-12-11,1997-11-25,2.0,81.88,White Clover Markets,1029 - 12th Ave. S.,Seattle,WA,98124,USA,SQLServer,425.6,532.0,106.4,12.0,False,False,1298
10741,2,19.0,15.0,0.20000000298023224,SQLServer,AROUT,4,1997-11-14 00:00:00,1997-11-28,1997-11-18,3.0,10.96,Around the Horn,Brook Farm Stratford St. Mary,Colchester,Essex,CO7 6JX,UK,SQLServer,228.0,285.0,57.0,4.0,False,False,1299
10742,3,10.0,20.0,0.0,SQLServer,BOTTM,3,1997-11-14 00:00:00,1997-12-12,1997-11-18,3.0,243.73,Bottom-Dollar Markets,23 Tsawassen Blvd.,Tsawassen,BC,T2F 8M4,Canada,SQLServer,200.0,200.0,0.0,4.0,False,False,1300
10742,60,34.0,50.0,0.0,SQLServer,BOTTM,3,1997-11-14 00:00:00,1997-12-12,1997-11-18,3.0,243.73,Bottom-Dollar Markets,23 Tsawassen Blvd.,Tsawassen,BC,T2F 8M4,Canada,SQLServer,1700.0,1700.0,0.0,4.0,False,False,1301
10742,72,34.8,35.0,0.0,SQLServer,BOTTM,3,1997-11-14 00:00:00,1997-12-12,1997-11-18,3.0,243.73,Bottom-Dollar Markets,23 Tsawassen Blvd.,Tsawassen,BC,T2F 8M4,Canada,SQLServer,1218.0,1218.0,0.0,4.0,False,False,1302
10743,46,12.0,28.0,0.05000000074505806,SQLServer,AROUT,1,1997-11-17 00:00:00,1997-12-15,1997-11-21,2.0,23.72,Around the Horn,Brook Farm Stratford St. Mary,Colchester,Essex,CO7 6JX,UK,SQLServer,319.2,336.0,16.8,4.0,False,False,1303
10744,40,18.4,50.0,0.20000000298023224,SQLServer,VAFFE,6,1997-11-17 00:00:00,1997-12-15,1997-11-24,1.0,69.19,Vaffeljernet,Smagsloget 45,Århus,,8200,Denmark,SQLServer,736.0,920.0,184.0,7.0,False,False,1304
10745,18,62.5,24.0,0.0,SQLServer,QUICK,9,1997-11-18 00:00:00,1997-12-16,1997-11-27,1.0,3.52,QUICK-Stop,Taucherstraße 10,Cunewalde,,01307,Germany,SQLServer,1500.0,1500.0,0.0,9.0,False,False,1305
10745,44,19.45,16.0,0.0,SQLServer,QUICK,9,1997-11-18 00:00:00,1997-12-16,1997-11-27,1.0,3.52,QUICK-Stop,Taucherstraße 10,Cunewalde,,01307,Germany,SQLServer,311.2,311.2,0.0,9.0,False,False,1306
10745,59,55.0,45.0,0.0,SQLServer,QUICK,9,1997-11-18 00:00:00,1997-12-16,1997-11-27,1.0,3.52,QUICK-Stop,Taucherstraße 10,Cunewalde,,01307,Germany,SQLServer,2475.0,2475.0,0.0,9.0,False,False,1307
10745,72,34.8,7.0,0.0,SQLServer,QUICK,9,1997-11-18 00:00:00,1997-12-16,1997-11-27,1.0,3.52,QUICK-Stop,Taucherstraße 10,Cunewalde,,01307,Germany,SQLServer,243.6,243.6,0.0,9.0,False,False,1308
10746,13,6.0,6.0,0.0,SQLServer,CHOPS,1,1997-11-19 00:00:00,1997-12-17,1997-11-21,3.0,31.43,Chop-suey Chinese,Hauptstr. 31,Bern,,3012,Switzerland,SQLServer,36.0,36.0,0.0,2.0,False,False,1309
10746,42,14.0,28.0,0.0,SQLServer,CHOPS,1,1997-11-19 00:00:00,1997-12-17,1997-11-21,3.0,31.43,Chop-suey Chinese,Hauptstr. 31,Bern,,3012,Switzerland,SQLServer,392.0,392.0,0.0,2.0,False,False,1310
10746,62,49.3,9.0,0.0,SQLServer,CHOPS,1,1997-11-19 00:00:00,1997-12-17,1997-11-21,3.0,31.43,Chop-suey Chinese,Hauptstr. 31,Bern,,3012,Switzerland,SQLServer,443.7,443.7,0.0,2.0,False,False,1311
10746,69,36.0,40.0,0.0,SQLServer,CHOPS,1,1997-11-19 00:00:00,1997-12-17,1997-11-21,3.0,31.43,Chop-suey Chinese,Hauptstr. 31,Bern,,3012,Switzerland,SQLServer,1440.0,1440.0,0.0,2.0,False,False,1312
10747,31,12.5,8.0,0.0,SQLServer,PICCO,6,1997-11-19 00:00:00,1997-12-17,1997-11-26,1.0,117.33,Piccolo und mehr,Geislweg 14,Salzburg,,5020,Austria,SQLServer,100.0,100.0,0.0,7.0,False,False,1313
10747,41,9.65,35.0,0.0,SQLServer,PICCO,6,1997-11-19 00:00:00,1997-12-17,1997-11-26,1.0,117.33,Piccolo und mehr,Geislweg 14,Salzburg,,5020,Austria,SQLServer,337.75,337.75,0.0,7.0,False,False,1314
10747,63,43.9,9.0,0.0,SQLServer,PICCO,6,1997-11-19 00:00:00,1997-12-17,1997-11-26,1.0,117.33,Piccolo und mehr,Geislweg 14,Salzburg,,5020,Austria,SQLServer,395.1,395.1,0.0,7.0,False,False,1315
10747,69,36.0,30.0,0.0,SQLServer,PICCO,6,1997-11-19 00:00:00,1997-12-17,1997-11-26,1.0,117.33,Piccolo und mehr,Geislweg 14,Salzburg,,5020,Austria,SQLServer,1080.0,1080.0,0.0,7.0,False,False,1316
10748,23,9.0,44.0,0.0,SQLServer,SAVEA,3,1997-11-20 00:00:00,1997-12-18,1997-11-28,1.0,232.55,Save-a-lot Markets,187 Suffolk Ln.,Boise,ID,83720,USA,SQLServer,396.0,396.0,0.0,8.0,False,False,1317
10748,40,18.4,40.0,0.0,SQLServer,SAVEA,3,1997-11-20 00:00:00,1997-12-18,1997-11-28,1.0,232.55,Save-a-lot Markets,187 Suffolk Ln.,Boise,ID,83720,USA,SQLServer,736.0,736.0,0.0,8.0,False,False,1318
10748,56,38.0,28.0,0.0,SQLServer,SAVEA,3,1997-11-20 00:00:00,1997-12-18,1997-11-28,1.0,232.55,Save-a-lot Markets,187 Suffolk Ln.,Boise,ID,83720,USA,SQLServer,1064.0,1064.0,0.0,8.0,False,False,1319
10749,56,38.0,15.0,0.0,SQLServer,ISLAT,4,1997-11-20 00:00:00,1997-12-18,1997-12-19,2.0,61.53,Island Trading,Garden House Crowther Way,Cowes,Isle of Wight,PO31 7PJ,UK,SQLServer,570.0,570.0,0.0,29.0,True,False,1320
10749,59,55.0,6.0,0.0,SQLServer,ISLAT,4,1997-11-20 00:00:00,1997-12-18,1997-12-19,2.0,61.53,Island Trading,Garden House Crowther Way,Cowes,Isle of Wight,PO31 7PJ,UK,SQLServer,330.0,330.0,0.0,29.0,True,False,1321
10749,76,18.0,10.0,0.0,SQLServer,ISLAT,4,1997-11-20 00:00:00,1997-12-18,1997-12-19,2.0,61.53,Island Trading,Garden House Crowther Way,Cowes,Isle of Wight,PO31 7PJ,UK,SQLServer,180.0,180.0,0.0,29.0,True,False,1322
10750,14,23.25,5.0,0.15000000596046448,SQLServer,WARTH,9,1997-11-21 00:00:00,1997-12-19,1997-11-24,1.0,79.3,Wartian Herkku,Torikatu 38,Oulu,,90110,Finland,SQLServer,98.81,116.25,17.44,3.0,False,False,1323
10750,45,9.5,40.0,0.15000000596046448,SQLServer,WARTH,9,1997-11-21 00:00:00,1997-12-19,1997-11-24,1.0,79.3,Wartian Herkku,Torikatu 38,Oulu,,90110,Finland,SQLServer,323.0,380.0,57.0,3.0,False,False,1324
10750,59,55.0,25.0,0.15000000596046448,SQLServer,WARTH,9,1997-11-21 00:00:00,1997-12-19,1997-11-24,1.0,79.3,Wartian Herkku,Torikatu 38,Oulu,,90110,Finland,SQLServer,1168.75,1375.0,206.25,3.0,False,False,1325
10751,26,31.23,12.0,0.10000000149011612,SQLServer,RICSU,3,1997-11-24 00:00:00,1997-12-22,1997-12-03,3.0,130.79,Richter Supermarkt,Starenweg 5,Genève,,1204,Switzerland,SQLServer,337.28,374.76,37.48,9.0,False,False,1326
10751,30,25.89,30.0,0.0,SQLServer,RICSU,3,1997-11-24 00:00:00,1997-12-22,1997-12-03,3.0,130.79,Richter Supermarkt,Starenweg 5,Genève,,1204,Switzerland,SQLServer,776.7,776.7,0.0,9.0,False,False,1327
10751,50,16.25,20.0,0.10000000149011612,SQLServer,RICSU,3,1997-11-24 00:00:00,1997-12-22,1997-12-03,3.0,130.79,Richter Supermarkt,Starenweg 5,Genève,,1204,Switzerland,SQLServer,292.5,325.0,32.5,9.0,False,False,1328
10751,73,15.0,15.0,0.0,SQLServer,RICSU,3,1997-11-24 00:00:00,1997-12-22,1997-12-03,3.0,130.79,Richter Supermarkt,Starenweg 5,Genève,,1204,Switzerland,SQLServer,225.0,225.0,0.0,9.0,False,False,1329
10752,1,18.0,8.0,0.0,SQLServer,NORTS,2,1997-11-24 00:00:00,1997-12-22,1997-11-28,3.0,1.39,North/South,South House 300 Queensbridge,London,,SW7 1RZ,UK,SQLServer,144.0,144.0,0.0,4.0,False,False,1330
10752,69,36.0,3.0,0.0,SQLServer,NORTS,2,1997-11-24 00:00:00,1997-12-22,1997-11-28,3.0,1.39,North/South,South House 300 Queensbridge,London,,SW7 1RZ,UK,SQLServer,108.0,108.0,0.0,4.0,False,False,1331
10753,45,9.5,4.0,0.0,SQLServer,FRANS,3,1997-11-25 00:00:00,1997-12-23,1997-11-27,1.0,7.7,Franchi S.p.A.,Via Monte Bianco 34,Torino,,10100,Italy,SQLServer,38.0,38.0,0.0,2.0,False,False,1332
10753,74,10.0,5.0,0.0,SQLServer,FRANS,3,1997-11-25 00:00:00,1997-12-23,1997-11-27,1.0,7.7,Franchi S.p.A.,Via Monte Bianco 34,Torino,,10100,Italy,SQLServer,50.0,50.0,0.0,2.0,False,False,1333
10754,40,18.4,3.0,0.0,SQLServer,MAGAA,6,1997-11-25 00:00:00,1997-12-23,1997-11-27,3.0,2.38,Magazzini Alimentari Riuniti,Via Ludovico il Moro 22,Bergamo,,24100,Italy,SQLServer,55.2,55.2,0.0,2.0,False,False,1334
10755,47,9.5,30.0,0.25,SQLServer,BONAP,4,1997-11-26 00:00:00,1997-12-24,1997-11-28,2.0,16.71,Bon app',"12, rue des Bouchers",Marseille,,13008,France,SQLServer,213.75,285.0,71.25,2.0,False,False,1335
10755,56,38.0,30.0,0.25,SQLServer,BONAP,4,1997-11-26 00:00:00,1997-12-24,1997-11-28,2.0,16.71,Bon app',"12, rue des Bouchers",Marseille,,13008,France,SQLServer,855.0,1140.0,285.0,2.0,False,False,1336
10755,57,19.5,14.0,0.25,SQLServer,BONAP,4,1997-11-26 00:00:00,1997-12-24,1997-11-28,2.0,16.71,Bon app',"12, rue des Bouchers",Marseille,,13008,France,SQLServer,204.75,273.0,68.25,2.0,False,False,1337
10755,69,36.0,25.0,0.25,SQLServer,BONAP,4,1997-11-26 00:00:00,1997-12-24,1997-11-28,2.0,16.71,Bon app',"12, rue des Bouchers",Marseille,,13008,France,SQLServer,675.0,900.0,225.0,2.0,False,False,1338
10756,18,62.5,21.0,0.20000000298023224,SQLServer,SPLIR,8,1997-11-27 00:00:00,1997-12-25,1997-12-02,2.0,73.21,Split Rail Beer & Ale,P.O. Box 555,Lander,WY,82520,USA,SQLServer,1050.0,1312.5,262.5,5.0,False,False,1339
10756,36,19.0,20.0,0.20000000298023224,SQLServer,SPLIR,8,1997-11-27 00:00:00,1997-12-25,1997-12-02,2.0,73.21,Split Rail Beer & Ale,P.O. Box 555,Lander,WY,82520,USA,SQLServer,304.0,380.0,76.0,5.0,False,False,1340
10756,68,12.5,6.0,0.20000000298023224,SQLServer,SPLIR,8,1997-11-27 00:00:00,1997-12-25,1997-12-02,2.0,73.21,Split Rail Beer & Ale,P.O. Box 555,Lander,WY,82520,USA,SQLServer,60.0,75.0,15.0,5.0,False,False,1341
10756,69,36.0,20.0,0.20000000298023224,SQLServer,SPLIR,8,1997-11-27 00:00:00,1997-12-25,1997-12-02,2.0,73.21,Split Rail Beer & Ale,P.O. Box 555,Lander,WY,82520,USA,SQLServer,576.0,720.0,144.0,5.0,False,False,1342
10757,34,14.0,30.0,0.0,SQLServer,SAVEA,6,1997-11-27 00:00:00,1997-12-25,1997-12-15,1.0,8.19,Save-a-lot Markets,187 Suffolk Ln.,Boise,ID,83720,USA,SQLServer,420.0,420.0,0.0,18.0,False,False,1343
10757,59,55.0,7.0,0.0,SQLServer,SAVEA,6,1997-11-27 00:00:00,1997-12-25,1997-12-15,1.0,8.19,Save-a-lot Markets,187 Suffolk Ln.,Boise,ID,83720,USA,SQLServer,385.0,385.0,0.0,18.0,False,False,1344
10757,62,49.3,30.0,0.0,SQLServer,SAVEA,6,1997-11-27 00:00:00,1997-12-25,1997-12-15,1.0,8.19,Save-a-lot Markets,187 Suffolk Ln.,Boise,ID,83720,USA,SQLServer,1479.0,1479.0,0.0,18.0,False,False,1345
10757,64,33.25,24.0,0.0,SQLServer,SAVEA,6,1997-11-27 00:00:00,1997-12-25,1997-12-15,1.0,8.19,Save-a-lot Markets,187 Suffolk Ln.,Boise,ID,83720,USA,SQLServer,798.0,798.0,0.0,18.0,False,False,1346
10758,26,31.23,20.0,0.0,SQLServer,RICSU,3,1997-11-28 00:00:00,1997-12-26,1997-12-04,3.0,138.17,Richter Supermarkt,Starenweg 5,Genève,,1204,Switzerland,SQLServer,624.6,624.6,0.0,6.0,False,False,1347
10758,52,7.0,60.0,0.0,SQLServer,RICSU,3,1997-11-28 00:00:00,1997-12-26,1997-12-04,3.0,138.17,Richter Supermarkt,Starenweg 5,Genève,,1204,Switzerland,SQLServer,420.0,420.0,0.0,6.0,False,False,1348
10758,70,15.0,40.0,0.0,SQLServer,RICSU,3,1997-11-28 00:00:00,1997-12-26,1997-12-04,3.0,138.17,Richter Supermarkt,Starenweg 5,Genève,,1204,Switzerland,SQLServer,600.0,600.0,0.0,6.0,False,False,1349
10759,32,32.0,10.0,0.0,SQLServer,ANATR,3,1997-11-28 00:00:00,1997-12-26,1997-12-12,3.0,11.99,Ana Trujillo Emparedados y helados,Avda. de la Constitución 2222,México D.F.,,05021,Mexico,SQLServer,320.0,320.0,0.0,14.0,False,False,1350
10760,25,14.0,12.0,0.25,SQLServer,MAISD,4,1997-12-01 00:00:00,1997-12-29,1997-12-10,1.0,155.64,Maison Dewey,Rue Joseph-Bens 532,Bruxelles,,B-1180,Belgium,SQLServer,126.0,168.0,42.0,9.0,False,False,1351
10760,27,43.9,40.0,0.0,SQLServer,MAISD,4,1997-12-01 00:00:00,1997-12-29,1997-12-10,1.0,155.64,Maison Dewey,Rue Joseph-Bens 532,Bruxelles,,B-1180,Belgium,SQLServer,1756.0,1756.0,0.0,9.0,False,False,1352
10760,43,46.0,30.0,0.25,SQLServer,MAISD,4,1997-12-01 00:00:00,1997-12-29,1997-12-10,1.0,155.64,Maison Dewey,Rue Joseph-Bens 532,Bruxelles,,B-1180,Belgium,SQLServer,1035.0,1380.0,345.0,9.0,False,False,1353
10761,25,14.0,35.0,0.25,SQLServer,RATTC,5,1997-12-02 00:00:00,1997-12-30,1997-12-08,2.0,18.66,Rattlesnake Canyon Grocery,2817 Milton Dr.,Albuquerque,NM,87110,USA,SQLServer,367.5,490.0,122.5,6.0,False,False,1354
10761,75,7.75,18.0,0.0,SQLServer,RATTC,5,1997-12-02 00:00:00,1997-12-30,1997-12-08,2.0,18.66,Rattlesnake Canyon Grocery,2817 Milton Dr.,Albuquerque,NM,87110,USA,SQLServer,139.5,139.5,0.0,6.0,False,False,1355
10762,39,18.0,16.0,0.0,SQLServer,FOLKO,3,1997-12-02 00:00:00,1997-12-30,1997-12-09,1.0,328.74,Folk och fä HB,Åkergatan 24,Bräcke,,S-844 67,Sweden,SQLServer,288.0,288.0,0.0,7.0,False,False,1356
10762,47,9.5,30.0,0.0,SQLServer,FOLKO,3,1997-12-02 00:00:00,1997-12-30,1997-12-09,1.0,328.74,Folk och fä HB,Åkergatan 24,Bräcke,,S-844 67,Sweden,SQLServer,285.0,285.0,0.0,7.0,False,False,1357
10762,51,53.0,28.0,0.0,SQLServer,FOLKO,3,1997-12-02 00:00:00,1997-12-30,1997-12-09,1.0,328.74,Folk och fä HB,Åkergatan 24,Bräcke,,S-844 67,Sweden,SQLServer,1484.0,1484.0,0.0,7.0,False,False,1358
10762,56,38.0,60.0,0.0,SQLServer,FOLKO,3,1997-12-02 00:00:00,1997-12-30,1997-12-09,1.0,328.74,Folk och fä HB,Åkergatan 24,Bräcke,,S-844 67,Sweden,SQLServer,2280.0,2280.0,0.0,7.0,False,False,1359
10763,21,10.0,40.0,0.0,SQLServer,FOLIG,3,1997-12-03 00:00:00,1997-12-31,1997-12-08,3.0,37.35,Folies gourmandes,"184, chaussée de Tournai",Lille,,59000,France,SQLServer,400.0,400.0,0.0,5.0,False,False,1360
10763,22,21.0,6.0,0.0,SQLServer,FOLIG,3,1997-12-03 00:00:00,1997-12-31,1997-12-08,3.0,37.35,Folies gourmandes,"184, chaussée de Tournai",Lille,,59000,France,SQLServer,126.0,126.0,0.0,5.0,False,False,1361
10763,24,4.5,20.0,0.0,SQLServer,FOLIG,3,1997-12-03 00:00:00,1997-12-31,1997-12-08,3.0,37.35,Folies gourmandes,"184, chaussée de Tournai",Lille,,59000,France,SQLServer,90.0,90.0,0.0,5.0,False,False,1362
10764,3,10.0,20.0,0.10000000149011612,SQLServer,ERNSH,6,1997-12-03 00:00:00,1997-12-31,1997-12-08,3.0,145.45,Ernst Handel,Kirchgasse 6,Graz,,8010,Austria,SQLServer,180.0,200.0,20.0,5.0,False,False,1363
10764,39,18.0,130.0,0.10000000149011612,SQLServer,ERNSH,6,1997-12-03 00:00:00,1997-12-31,1997-12-08,3.0,145.45,Ernst Handel,Kirchgasse 6,Graz,,8010,Austria,SQLServer,2106.0,2340.0,234.0,5.0,False,False,1364
10765,65,21.05,80.0,0.10000000149011612,SQLServer,QUICK,3,1997-12-04 00:00:00,1998-01-01,1997-12-09,3.0,42.74,QUICK-Stop,Taucherstraße 10,Cunewalde,,01307,Germany,SQLServer,1515.6,1684.0,168.4,5.0,False,False,1365
10766,2,19.0,40.0,0.0,SQLServer,OTTIK,4,1997-12-05 00:00:00,1998-01-02,1997-12-09,1.0,157.55,Ottilies Käseladen,Mehrheimerstr. 369,Köln,,50739,Germany,SQLServer,760.0,760.0,0.0,4.0,False,False,1366
10766,7,30.0,35.0,0.0,SQLServer,OTTIK,4,1997-12-05 00:00:00,1998-01-02,1997-12-09,1.0,157.55,Ottilies Käseladen,Mehrheimerstr. 369,Köln,,50739,Germany,SQLServer,1050.0,1050.0,0.0,4.0,False,False,1367
10766,68,12.5,40.0,0.0,SQLServer,OTTIK,4,1997-12-05 00:00:00,1998-01-02,1997-12-09,1.0,157.55,Ottilies Käseladen,Mehrheimerstr. 369,Köln,,50739,Germany,SQLServer,500.0,500.0,0.0,4.0,False,False,1368
10767,42,14.0,2.0,0.0,SQLServer,SUPRD,4,1997-12-05 00:00:00,1998-01-02,1997-12-15,3.0,1.59,Suprêmes délices,"Boulevard Tirou, 255",Charleroi,,B-6000,Belgium,SQLServer,28.0,28.0,0.0,10.0,False,False,1369
10768,22,21.0,4.0,0.0,SQLServer,AROUT,3,1997-12-08 00:00:00,1998-01-05,1997-12-15,2.0,146.32,Around the Horn,Brook Farm Stratford St. Mary,Colchester,Essex,CO7 6JX,UK,SQLServer,84.0,84.0,0.0,7.0,False,False,1370
10768,31,12.5,50.0,0.0,SQLServer,AROUT,3,1997-12-08 00:00:00,1998-01-05,1997-12-15,2.0,146.32,Around the Horn,Brook Farm Stratford St. Mary,Colchester,Essex,CO7 6JX,UK,SQLServer,625.0,625.0,0.0,7.0,False,False,1371
10768,60,34.0,15.0,0.0,SQLServer,AROUT,3,1997-12-08 00:00:00,1998-01-05,1997-12-15,2.0,146.32,Around the Horn,Brook Farm Stratford St. Mary,Colchester,Essex,CO7 6JX,UK,SQLServer,510.0,510.0,0.0,7.0,False,False,1372
10768,71,21.5,12.0,0.0,SQLServer,AROUT,3,1997-12-08 00:00:00,1998-01-05,1997-12-15,2.0,146.32,Around the Horn,Brook Farm Stratford St. Mary,Colchester,Essex,CO7 6JX,UK,SQLServer,258.0,258.0,0.0,7.0,False,False,1373
10769,41,9.65,30.0,0.05000000074505806,SQLServer,VAFFE,3,1997-12-08 00:00:00,1998-01-05,1997-12-12,1.0,65.06,Vaffeljernet,Smagsloget 45,Århus,,8200,Denmark,SQLServer,275.02,289.5,14.48,4.0,False,False,1374
10769,52,7.0,15.0,0.05000000074505806,SQLServer,VAFFE,3,1997-12-08 00:00:00,1998-01-05,1997-12-12,1.0,65.06,Vaffeljernet,Smagsloget 45,Århus,,8200,Denmark,SQLServer,99.75,105.0,5.25,4.0,False,False,1375
10769,61,28.5,20.0,0.0,SQLServer,VAFFE,3,1997-12-08 00:00:00,1998-01-05,1997-12-12,1.0,65.06,Vaffeljernet,Smagsloget 45,Århus,,8200,Denmark,SQLServer,570.0,570.0,0.0,4.0,False,False,1376
10769,62,49.3,15.0,0.0,SQLServer,VAFFE,3,1997-12-08 00:00:00,1998-01-05,1997-12-12,1.0,65.06,Vaffeljernet,Smagsloget 45,Århus,,8200,Denmark,SQLServer,739.5,739.5,0.0,4.0,False,False,1377
10770,11,21.0,15.0,0.25,SQLServer,HANAR,8,1997-12-09 00:00:00,1998-01-06,1997-12-17,3.0,5.32,Hanari Carnes,"Rua do Paço, 67",Rio de Janeiro,RJ,05454-876,Brazil,SQLServer,236.25,315.0,78.75,8.0,False,False,1378
10771,71,21.5,16.0,0.0,SQLServer,ERNSH,9,1997-12-10 00:00:00,1998-01-07,1998-01-02,2.0,11.19,Ernst Handel,Kirchgasse 6,Graz,,8010,Austria,SQLServer,344.0,344.0,0.0,23.0,False,False,1379
10772,29,123.79,18.0,0.0,SQLServer,LEHMS,3,1997-12-10 00:00:00,1998-01-07,1997-12-19,2.0,91.28,Lehmanns Marktstand,Magazinweg 7,Frankfurt a.M.,,60528,Germany,SQLServer,2228.22,2228.22,0.0,9.0,False,False,1380
10772,59,55.0,25.0,0.0,SQLServer,LEHMS,3,1997-12-10 00:00:00,1998-01-07,1997-12-19,2.0,91.28,Lehmanns Marktstand,Magazinweg 7,Frankfurt a.M.,,60528,Germany,SQLServer,1375.0,1375.0,0.0,9.0,False,False,1381
10773,17,39.0,33.0,0.0,SQLServer,ERNSH,1,1997-12-11 00:00:00,1998-01-08,1997-12-16,3.0,96.43,Ernst Handel,Kirchgasse 6,Graz,,8010,Austria,SQLServer,1287.0,1287.0,0.0,5.0,False,False,1382
10773,31,12.5,70.0,0.20000000298023224,SQLServer,ERNSH,1,1997-12-11 00:00:00,1998-01-08,1997-12-16,3.0,96.43,Ernst Handel,Kirchgasse 6,Graz,,8010,Austria,SQLServer,700.0,875.0,175.0,5.0,False,False,1383
10773,75,7.75,7.0,0.20000000298023224,SQLServer,ERNSH,1,1997-12-11 00:00:00,1998-01-08,1997-12-16,3.0,96.43,Ernst Handel,Kirchgasse 6,Graz,,8010,Austria,SQLServer,43.4,54.25,10.85,5.0,False,False,1384
10774,31,12.5,2.0,0.25,SQLServer,FOLKO,4,1997-12-11 00:00:00,1997-12-25,1997-12-12,1.0,48.2,Folk och fä HB,Åkergatan 24,Bräcke,,S-844 67,Sweden,SQLServer,18.75,25.0,6.25,1.0,False,False,1385
10774,66,17.0,50.0,0.0,SQLServer,FOLKO,4,1997-12-11 00:00:00,1997-12-25,1997-12-12,1.0,48.2,Folk och fä HB,Åkergatan 24,Bräcke,,S-844 67,Sweden,SQLServer,850.0,850.0,0.0,1.0,False,False,1386
10775,10,31.0,6.0,0.0,SQLServer,THECR,7,1997-12-12 00:00:00,1998-01-09,1997-12-26,1.0,20.25,The Cracker Box,55 Grizzly Peak Rd.,Butte,MT,59801,USA,SQLServer,186.0,186.0,0.0,14.0,False,False,1387
10775,67,14.0,3.0,0.0,SQLServer,THECR,7,1997-12-12 00:00:00,1998-01-09,1997-12-26,1.0,20.25,The Cracker Box,55 Grizzly Peak Rd.,Butte,MT,59801,USA,SQLServer,42.0,42.0,0.0,14.0,False,False,1388
10776,31,12.5,16.0,0.05000000074505806,SQLServer,ERNSH,1,1997-12-15 00:00:00,1998-01-12,1997-12-18,3.0,351.53,Ernst Handel,Kirchgasse 6,Graz,,8010,Austria,SQLServer,190.0,200.0,10.0,3.0,False,False,1389
10776,42,14.0,12.0,0.05000000074505806,SQLServer,ERNSH,1,1997-12-15 00:00:00,1998-01-12,1997-12-18,3.0,351.53,Ernst Handel,Kirchgasse 6,Graz,,8010,Austria,SQLServer,159.6,168.0,8.4,3.0,False,False,1390
10776,45,9.5,27.0,0.05000000074505806,SQLServer,ERNSH,1,1997-12-15 00:00:00,1998-01-12,1997-12-18,3.0,351.53,Ernst Handel,Kirchgasse 6,Graz,,8010,Austria,SQLServer,243.67,256.5,12.83,3.0,False,False,1391
10776,51,53.0,120.0,0.05000000074505806,SQLServer,ERNSH,1,1997-12-15 00:00:00,1998-01-12,1997-12-18,3.0,351.53,Ernst Handel,Kirchgasse 6,Graz,,8010,Austria,SQLServer,6042.0,6360.0,318.0,3.0,False,False,1392
10777,42,14.0,20.0,0.20000000298023224,SQLServer,GOURL,7,1997-12-15 00:00:00,1997-12-29,1998-01-21,2.0,3.01,Gourmet Lanchonetes,"Av. Brasil, 442",Campinas,SP,04876-786,Brazil,SQLServer,224.0,280.0,56.0,37.0,True,False,1393
10778,41,9.65,10.0,0.0,SQLServer,BERGS,3,1997-12-16 00:00:00,1998-01-13,1997-12-24,1.0,6.79,Berglunds snabbköp,Berguvsvägen  8,Luleå,,S-958 22,Sweden,SQLServer,96.5,96.5,0.0,8.0,False,False,1394
10779,16,17.45,20.0,0.0,SQLServer,MORGK,3,1997-12-16 00:00:00,1998-01-13,1998-01-14,2.0,58.13,Morgenstern Gesundkost,Heerstr. 22,Leipzig,,04179,Germany,SQLServer,349.0,349.0,0.0,29.0,True,False,1395
10779,62,49.3,20.0,0.0,SQLServer,MORGK,3,1997-12-16 00:00:00,1998-01-13,1998-01-14,2.0,58.13,Morgenstern Gesundkost,Heerstr. 22,Leipzig,,04179,Germany,SQLServer,986.0,986.0,0.0,29.0,True,False,1396
10780,70,15.0,35.0,0.0,SQLServer,LILAS,2,1997-12-16 00:00:00,1997-12-30,1997-12-25,1.0,42.13,LILA-Supermercado,Carrera 52 con Ave. Bolívar #65-98 Llano Largo,Barquisimeto,Lara,3508,Venezuela,SQLServer,525.0,525.0,0.0,9.0,False,False,1397
10780,77,13.0,15.0,0.0,SQLServer,LILAS,2,1997-12-16 00:00:00,1997-12-30,1997-12-25,1.0,42.13,LILA-Supermercado,Carrera 52 con Ave. Bolívar #65-98 Llano Largo,Barquisimeto,Lara,3508,Venezuela,SQLServer,195.0,195.0,0.0,9.0,False,False,1398
10781,54,7.45,3.0,0.20000000298023224,SQLServer,WARTH,2,1997-12-17 00:00:00,1998-01-14,1997-12-19,3.0,73.16,Wartian Herkku,Torikatu 38,Oulu,,90110,Finland,SQLServer,17.88,22.35,4.47,2.0,False,False,1399
10781,56,38.0,20.0,0.20000000298023224,SQLServer,WARTH,2,1997-12-17 00:00:00,1998-01-14,1997-12-19,3.0,73.16,Wartian Herkku,Torikatu 38,Oulu,,90110,Finland,SQLServer,608.0,760.0,152.0,2.0,False,False,1400
10781,74,10.0,35.0,0.0,SQLServer,WARTH,2,1997-12-17 00:00:00,1998-01-14,1997-12-19,3.0,73.16,Wartian Herkku,Torikatu 38,Oulu,,90110,Finland,SQLServer,350.0,350.0,0.0,2.0,False,False,1401
10782,31,12.5,1.0,0.0,SQLServer,CACTU,9,1997-12-17 00:00:00,1998-01-14,1997-12-22,3.0,1.1,Cactus Comidas para llevar,Cerrito 333,Buenos Aires,,1010,Argentina,SQLServer,12.5,12.5,0.0,5.0,False,False,1402
10783,31,12.5,10.0,0.0,SQLServer,HANAR,4,1997-12-18 00:00:00,1998-01-15,1997-12-19,2.0,124.98,Hanari Carnes,"Rua do Paço, 67",Rio de Janeiro,RJ,05454-876,Brazil,SQLServer,125.0,125.0,0.0,1.0,False,False,1403
10783,38,263.5,5.0,0.0,SQLServer,HANAR,4,1997-12-18 00:00:00,1998-01-15,1997-12-19,2.0,124.98,Hanari Carnes,"Rua do Paço, 67",Rio de Janeiro,RJ,05454-876,Brazil,SQLServer,1317.5,1317.5,0.0,1.0,False,False,1404
10784,36,19.0,30.0,0.0,SQLServer,MAGAA,4,1997-12-18 00:00:00,1998-01-15,1997-12-22,3.0,70.09,Magazzini Alimentari Riuniti,Via Ludovico il Moro 22,Bergamo,,24100,Italy,SQLServer,570.0,570.0,0.0,4.0,False,False,1405
10784,39,18.0,2.0,0.15000000596046448,SQLServer,MAGAA,4,1997-12-18 00:00:00,1998-01-15,1997-12-22,3.0,70.09,Magazzini Alimentari Riuniti,Via Ludovico il Moro 22,Bergamo,,24100,Italy,SQLServer,30.6,36.0,5.4,4.0,False,False,1406
10784,72,34.8,30.0,0.15000000596046448,SQLServer,MAGAA,4,1997-12-18 00:00:00,1998-01-15,1997-12-22,3.0,70.09,Magazzini Alimentari Riuniti,Via Ludovico il Moro 22,Bergamo,,24100,Italy,SQLServer,887.4,1044.0,156.6,4.0,False,False,1407
10785,10,31.0,10.0,0.0,SQLServer,GROSR,1,1997-12-18 00:00:00,1998-01-15,1997-12-24,3.0,1.51,GROSELLA-Restaurante,5ª Ave. Los Palos Grandes,Caracas,DF,1081,Venezuela,SQLServer,310.0,310.0,0.0,6.0,False,False,1408
10785,75,7.75,10.0,0.0,SQLServer,GROSR,1,1997-12-18 00:00:00,1998-01-15,1997-12-24,3.0,1.51,GROSELLA-Restaurante,5ª Ave. Los Palos Grandes,Caracas,DF,1081,Venezuela,SQLServer,77.5,77.5,0.0,6.0,False,False,1409
10786,8,40.0,30.0,0.20000000298023224,SQLServer,QUEEN,8,1997-12-19 00:00:00,1998-01-16,1997-12-23,1.0,110.87,Queen Cozinha,"Alameda dos Canàrios, 891",Sao Paulo,SP,05487-020,Brazil,SQLServer,960.0,1200.0,240.0,4.0,False,False,1410
10786,30,25.89,15.0,0.20000000298023224,SQLServer,QUEEN,8,1997-12-19 00:00:00,1998-01-16,1997-12-23,1.0,110.87,Queen Cozinha,"Alameda dos Canàrios, 891",Sao Paulo,SP,05487-020,Brazil,SQLServer,310.68,388.35,77.67,4.0,False,False,1411
10786,75,7.75,42.0,0.20000000298023224,SQLServer,QUEEN,8,1997-12-19 00:00:00,1998-01-16,1997-12-23,1.0,110.87,Queen Cozinha,"Alameda dos Canàrios, 891",Sao Paulo,SP,05487-020,Brazil,SQLServer,260.4,325.5,65.1,4.0,False,False,1412
10787,2,19.0,15.0,0.05000000074505806,SQLServer,LAMAI,2,1997-12-19 00:00:00,1998-01-02,1997-12-26,1.0,249.93,La maison d'Asie,1 rue Alsace-Lorraine,Toulouse,,31000,France,SQLServer,270.75,285.0,14.25,7.0,False,False,1413
10787,29,123.79,20.0,0.05000000074505806,SQLServer,LAMAI,2,1997-12-19 00:00:00,1998-01-02,1997-12-26,1.0,249.93,La maison d'Asie,1 rue Alsace-Lorraine,Toulouse,,31000,France,SQLServer,2352.01,2475.8,123.79,7.0,False,False,1414
10788,19,9.2,50.0,0.05000000074505806,SQLServer,QUICK,1,1997-12-22 00:00:00,1998-01-19,1998-01-19,2.0,42.7,QUICK-Stop,Taucherstraße 10,Cunewalde,,01307,Germany,SQLServer,437.0,460.0,23.0,28.0,False,False,1415
10788,75,7.75,40.0,0.05000000074505806,SQLServer,QUICK,1,1997-12-22 00:00:00,1998-01-19,1998-01-19,2.0,42.7,QUICK-Stop,Taucherstraße 10,Cunewalde,,01307,Germany,SQLServer,294.5,310.0,15.5,28.0,False,False,1416
10789,18,62.5,30.0,0.0,SQLServer,FOLIG,1,1997-12-22 00:00:00,1998-01-19,1997-12-31,2.0,100.6,Folies gourmandes,"184, chaussée de Tournai",Lille,,59000,France,SQLServer,1875.0,1875.0,0.0,9.0,False,False,1417
10789,35,18.0,15.0,0.0,SQLServer,FOLIG,1,1997-12-22 00:00:00,1998-01-19,1997-12-31,2.0,100.6,Folies gourmandes,"184, chaussée de Tournai",Lille,,59000,France,SQLServer,270.0,270.0,0.0,9.0,False,False,1418
10789,63,43.9,30.0,0.0,SQLServer,FOLIG,1,1997-12-22 00:00:00,1998-01-19,1997-12-31,2.0,100.6,Folies gourmandes,"184, chaussée de Tournai",Lille,,59000,France,SQLServer,1317.0,1317.0,0.0,9.0,False,False,1419
10789,68,12.5,18.0,0.0,SQLServer,FOLIG,1,1997-12-22 00:00:00,1998-01-19,1997-12-31,2.0,100.6,Folies gourmandes,"184, chaussée de Tournai",Lille,,59000,France,SQLServer,225.0,225.0,0.0,9.0,False,False,1420
10790,7,30.0,3.0,0.15000000596046448,SQLServer,GOURL,6,1997-12-22 00:00:00,1998-01-19,1997-12-26,1.0,28.23,Gourmet Lanchonetes,"Av. Brasil, 442",Campinas,SP,04876-786,Brazil,SQLServer,76.5,90.0,13.5,4.0,False,False,1421
10790,56,38.0,20.0,0.15000000596046448,SQLServer,GOURL,6,1997-12-22 00:00:00,1998-01-19,1997-12-26,1.0,28.23,Gourmet Lanchonetes,"Av. Brasil, 442",Campinas,SP,04876-786,Brazil,SQLServer,646.0,760.0,114.0,4.0,False,False,1422
10791,29,123.79,14.0,0.05000000074505806,SQLServer,FRANK,6,1997-12-23 00:00:00,1998-01-20,1998-01-01,2.0,16.85,Frankenversand,Berliner Platz 43,München,,80805,Germany,SQLServer,1646.41,1733.06,86.65,9.0,False,False,1423
10791,41,9.65,20.0,0.05000000074505806,SQLServer,FRANK,6,1997-12-23 00:00:00,1998-01-20,1998-01-01,2.0,16.85,Frankenversand,Berliner Platz 43,München,,80805,Germany,SQLServer,183.35,193.0,9.65,9.0,False,False,1424
10792,2,19.0,10.0,0.0,SQLServer,WOLZA,1,1997-12-23 00:00:00,1998-01-20,1997-12-31,3.0,23.79,Wolski Zajazd,ul. Filtrowa 68,Warszawa,,01-012,Poland,SQLServer,190.0,190.0,0.0,8.0,False,False,1425
10792,54,7.45,3.0,0.0,SQLServer,WOLZA,1,1997-12-23 00:00:00,1998-01-20,1997-12-31,3.0,23.79,Wolski Zajazd,ul. Filtrowa 68,Warszawa,,01-012,Poland,SQLServer,22.35,22.35,0.0,8.0,False,False,1426
10792,68,12.5,15.0,0.0,SQLServer,WOLZA,1,1997-12-23 00:00:00,1998-01-20,1997-12-31,3.0,23.79,Wolski Zajazd,ul. Filtrowa 68,Warszawa,,01-012,Poland,SQLServer,187.5,187.5,0.0,8.0,False,False,1427
10793,41,9.65,14.0,0.0,SQLServer,AROUT,3,1997-12-24 00:00:00,1998-01-21,1998-01-08,3.0,4.52,Around the Horn,Brook Farm Stratford St. Mary,Colchester,Essex,CO7 6JX,UK,SQLServer,135.1,135.1,0.0,15.0,False,False,1428
10793,52,7.0,8.0,0.0,SQLServer,AROUT,3,1997-12-24 00:00:00,1998-01-21,1998-01-08,3.0,4.52,Around the Horn,Brook Farm Stratford St. Mary,Colchester,Essex,CO7 6JX,UK,SQLServer,56.0,56.0,0.0,15.0,False,False,1429
10794,14,23.25,15.0,0.20000000298023224,SQLServer,QUEDE,6,1997-12-24 00:00:00,1998-01-21,1998-01-02,1.0,21.49,Que Delícia,"Rua da Panificadora, 12",Rio de Janeiro,RJ,02389-673,Brazil,SQLServer,279.0,348.75,69.75,9.0,False,False,1430
10794,54,7.45,6.0,0.20000000298023224,SQLServer,QUEDE,6,1997-12-24 00:00:00,1998-01-21,1998-01-02,1.0,21.49,Que Delícia,"Rua da Panificadora, 12",Rio de Janeiro,RJ,02389-673,Brazil,SQLServer,35.76,44.7,8.94,9.0,False,False,1431
10795,16,17.45,65.0,0.0,SQLServer,ERNSH,8,1997-12-24 00:00:00,1998-01-21,1998-01-20,2.0,126.66,Ernst Handel,Kirchgasse 6,Graz,,8010,Austria,SQLServer,1134.25,1134.25,0.0,27.0,False,False,1432
10795,17,39.0,35.0,0.25,SQLServer,ERNSH,8,1997-12-24 00:00:00,1998-01-21,1998-01-20,2.0,126.66,Ernst Handel,Kirchgasse 6,Graz,,8010,Austria,SQLServer,1023.75,1365.0,341.25,27.0,False,False,1433
10796,26,31.23,21.0,0.20000000298023224,SQLServer,HILAA,3,1997-12-25 00:00:00,1998-01-22,1998-01-14,1.0,26.52,HILARION-Abastos,Carrera 22 con Ave. Carlos Soublette #8-35,San Cristóbal,Táchira,5022,Venezuela,SQLServer,524.66,655.83,131.17,20.0,False,False,1434
10796,44,19.45,10.0,0.0,SQLServer,HILAA,3,1997-12-25 00:00:00,1998-01-22,1998-01-14,1.0,26.52,HILARION-Abastos,Carrera 22 con Ave. Carlos Soublette #8-35,San Cristóbal,Táchira,5022,Venezuela,SQLServer,194.5,194.5,0.0,20.0,False,False,1435
10796,64,33.25,35.0,0.20000000298023224,SQLServer,HILAA,3,1997-12-25 00:00:00,1998-01-22,1998-01-14,1.0,26.52,HILARION-Abastos,Carrera 22 con Ave. Carlos Soublette #8-35,San Cristóbal,Táchira,5022,Venezuela,SQLServer,931.0,1163.75,232.75,20.0,False,False,1436
10796,69,36.0,24.0,0.20000000298023224,SQLServer,HILAA,3,1997-12-25 00:00:00,1998-01-22,1998-01-14,1.0,26.52,HILARION-Abastos,Carrera 22 con Ave. Carlos Soublette #8-35,San Cristóbal,Táchira,5022,Venezuela,SQLServer,691.2,864.0,172.8,20.0,False,False,1437
10797,11,21.0,20.0,0.0,SQLServer,DRACD,7,1997-12-25 00:00:00,1998-01-22,1998-01-05,2.0,33.35,Drachenblut Delikatessen,Walserweg 21,Aachen,,52066,Germany,SQLServer,420.0,420.0,0.0,11.0,False,False,1438
10798,62,49.3,2.0,0.0,SQLServer,ISLAT,2,1997-12-26 00:00:00,1998-01-23,1998-01-05,1.0,2.33,Island Trading,Garden House Crowther Way,Cowes,Isle of Wight,PO31 7PJ,UK,SQLServer,98.6,98.6,0.0,10.0,False,False,1439
10798,72,34.8,10.0,0.0,SQLServer,ISLAT,2,1997-12-26 00:00:00,1998-01-23,1998-01-05,1.0,2.33,Island Trading,Garden House Crowther Way,Cowes,Isle of Wight,PO31 7PJ,UK,SQLServer,348.0,348.0,0.0,10.0,False,False,1440
10799,13,6.0,20.0,0.15000000596046448,SQLServer,KOENE,9,1997-12-26 00:00:00,1998-02-06,1998-01-05,3.0,30.76,Königlich Essen,Maubelstr. 90,Brandenburg,,14776,Germany,SQLServer,102.0,120.0,18.0,10.0,False,False,1441
10799,24,4.5,20.0,0.15000000596046448,SQLServer,KOENE,9,1997-12-26 00:00:00,1998-02-06,1998-01-05,3.0,30.76,Königlich Essen,Maubelstr. 90,Brandenburg,,14776,Germany,SQLServer,76.5,90.0,13.5,10.0,False,False,1442
10799,59,55.0,25.0,0.0,SQLServer,KOENE,9,1997-12-26 00:00:00,1998-02-06,1998-01-05,3.0,30.76,Königlich Essen,Maubelstr. 90,Brandenburg,,14776,Germany,SQLServer,1375.0,1375.0,0.0,10.0,False,False,1443
10800,11,21.0,50.0,0.10000000149011612,SQLServer,SEVES,1,1997-12-26 00:00:00,1998-01-23,1998-01-05,3.0,137.44,Seven Seas Imports,90 Wadhurst Rd.,London,,OX15 4NB,UK,SQLServer,945.0,1050.0,105.0,10.0,False,False,1444
10800,51,53.0,10.0,0.10000000149011612,SQLServer,SEVES,1,1997-12-26 00:00:00,1998-01-23,1998-01-05,3.0,137.44,Seven Seas Imports,90 Wadhurst Rd.,London,,OX15 4NB,UK,SQLServer,477.0,530.0,53.0,10.0,False,False,1445
10800,54,7.45,7.0,0.10000000149011612,SQLServer,SEVES,1,1997-12-26 00:00:00,1998-01-23,1998-01-05,3.0,137.44,Seven Seas Imports,90 Wadhurst Rd.,London,,OX15 4NB,UK,SQLServer,46.93,52.15,5.22,10.0,False,False,1446
10801,17,39.0,40.0,0.25,SQLServer,BOLID,4,1997-12-29 00:00:00,1998-01-26,1997-12-31,2.0,97.09,Bólido Comidas preparadas,"C/ Araquil, 67",Madrid,,28023,Spain,SQLServer,1170.0,1560.0,390.0,2.0,False,False,1447
10801,29,123.79,20.0,0.25,SQLServer,BOLID,4,1997-12-29 00:00:00,1998-01-26,1997-12-31,2.0,97.09,Bólido Comidas preparadas,"C/ Araquil, 67",Madrid,,28023,Spain,SQLServer,1856.85,2475.8,618.95,2.0,False,False,1448
10802,30,25.89,25.0,0.25,SQLServer,SIMOB,4,1997-12-29 00:00:00,1998-01-26,1998-01-02,2.0,257.26,Simons bistro,Vinbæltet 34,Kobenhavn,,1734,Denmark,SQLServer,485.44,647.25,161.81,4.0,False,False,1449
10802,51,53.0,30.0,0.25,SQLServer,SIMOB,4,1997-12-29 00:00:00,1998-01-26,1998-01-02,2.0,257.26,Simons bistro,Vinbæltet 34,Kobenhavn,,1734,Denmark,SQLServer,1192.5,1590.0,397.5,4.0,False,False,1450
10802,55,24.0,60.0,0.25,SQLServer,SIMOB,4,1997-12-29 00:00:00,1998-01-26,1998-01-02,2.0,257.26,Simons bistro,Vinbæltet 34,Kobenhavn,,1734,Denmark,SQLServer,1080.0,1440.0,360.0,4.0,False,False,1451
10802,62,49.3,5.0,0.25,SQLServer,SIMOB,4,1997-12-29 00:00:00,1998-01-26,1998-01-02,2.0,257.26,Simons bistro,Vinbæltet 34,Kobenhavn,,1734,Denmark,SQLServer,184.88,246.5,61.62,4.0,False,False,1452
10803,19,9.2,24.0,0.05000000074505806,SQLServer,WELLI,4,1997-12-30 00:00:00,1998-01-27,1998-01-06,1.0,55.23,Wellington Importadora,"Rua do Mercado, 12",Resende,SP,08737-363,Brazil,SQLServer,209.76,220.8,11.04,7.0,False,False,1453
10803,25,14.0,15.0,0.05000000074505806,SQLServer,WELLI,4,1997-12-30 00:00:00,1998-01-27,1998-01-06,1.0,55.23,Wellington Importadora,"Rua do Mercado, 12",Resende,SP,08737-363,Brazil,SQLServer,199.5,210.0,10.5,7.0,False,False,1454
10803,59,55.0,15.0,0.05000000074505806,SQLServer,WELLI,4,1997-12-30 00:00:00,1998-01-27,1998-01-06,1.0,55.23,Wellington Importadora,"Rua do Mercado, 12",Resende,SP,08737-363,Brazil,SQLServer,783.75,825.0,41.25,7.0,False,False,1455
10804,10,31.0,36.0,0.0,SQLServer,SEVES,6,1997-12-30 00:00:00,1998-01-27,1998-01-07,2.0,27.33,Seven Seas Imports,90 Wadhurst Rd.,London,,OX15 4NB,UK,SQLServer,1116.0,1116.0,0.0,8.0,False,False,1456
10804,28,45.6,24.0,0.0,SQLServer,SEVES,6,1997-12-30 00:00:00,1998-01-27,1998-01-07,2.0,27.33,Seven Seas Imports,90 Wadhurst Rd.,London,,OX15 4NB,UK,SQLServer,1094.4,1094.4,0.0,8.0,False,False,1457
10804,49,20.0,4.0,0.15000000596046448,SQLServer,SEVES,6,1997-12-30 00:00:00,1998-01-27,1998-01-07,2.0,27.33,Seven Seas Imports,90 Wadhurst Rd.,London,,OX15 4NB,UK,SQLServer,68.0,80.0,12.0,8.0,False,False,1458
10805,34,14.0,10.0,0.0,SQLServer,THEBI,2,1997-12-30 00:00:00,1998-01-27,1998-01-09,3.0,237.34,The Big Cheese,89 Jefferson Way Suite 2,Portland,OR,97201,USA,SQLServer,140.0,140.0,0.0,10.0,False,False,1459
10805,38,263.5,10.0,0.0,SQLServer,THEBI,2,1997-12-30 00:00:00,1998-01-27,1998-01-09,3.0,237.34,The Big Cheese,89 Jefferson Way Suite 2,Portland,OR,97201,USA,SQLServer,2635.0,2635.0,0.0,10.0,False,False,1460
10806,2,19.0,20.0,0.25,SQLServer,VICTE,3,1997-12-31 00:00:00,1998-01-28,1998-01-05,2.0,22.11,Victuailles en stock,"2, rue du Commerce",Lyon,,69004,France,SQLServer,285.0,380.0,95.0,5.0,False,False,1461
10806,65,21.05,2.0,0.0,SQLServer,VICTE,3,1997-12-31 00:00:00,1998-01-28,1998-01-05,2.0,22.11,Victuailles en stock,"2, rue du Commerce",Lyon,,69004,France,SQLServer,42.1,42.1,0.0,5.0,False,False,1462
10806,74,10.0,15.0,0.25,SQLServer,VICTE,3,1997-12-31 00:00:00,1998-01-28,1998-01-05,2.0,22.11,Victuailles en stock,"2, rue du Commerce",Lyon,,69004,France,SQLServer,112.5,150.0,37.5,5.0,False,False,1463
10807,40,18.4,1.0,0.0,SQLServer,FRANS,4,1997-12-31 00:00:00,1998-01-28,1998-01-30,1.0,1.36,Franchi S.p.A.,Via Monte Bianco 34,Torino,,10100,Italy,SQLServer,18.4,18.4,0.0,30.0,True,False,1464
10808,56,38.0,20.0,0.15000000596046448,SQLServer,OLDWO,2,1998-01-01 00:00:00,1998-01-29,1998-01-09,3.0,45.53,Old World Delicatessen,2743 Bering St.,Anchorage,AK,99508,USA,SQLServer,646.0,760.0,114.0,8.0,False,False,1465
10808,76,18.0,50.0,0.15000000596046448,SQLServer,OLDWO,2,1998-01-01 00:00:00,1998-01-29,1998-01-09,3.0,45.53,Old World Delicatessen,2743 Bering St.,Anchorage,AK,99508,USA,SQLServer,765.0,900.0,135.0,8.0,False,False,1466
10809,52,7.0,20.0,0.0,SQLServer,WELLI,7,1998-01-01 00:00:00,1998-01-29,1998-01-07,1.0,4.87,Wellington Importadora,"Rua do Mercado, 12",Resende,SP,08737-363,Brazil,SQLServer,140.0,140.0,0.0,6.0,False,False,1467
10810,13,6.0,7.0,0.0,SQLServer,LAUGB,2,1998-01-01 00:00:00,1998-01-29,1998-01-07,3.0,4.33,Laughing Bacchus Wine Cellars,2319 Elm St.,Vancouver,BC,V3F 2K1,Canada,SQLServer,42.0,42.0,0.0,6.0,False,False,1468
10810,25,14.0,5.0,0.0,SQLServer,LAUGB,2,1998-01-01 00:00:00,1998-01-29,1998-01-07,3.0,4.33,Laughing Bacchus Wine Cellars,2319 Elm St.,Vancouver,BC,V3F 2K1,Canada,SQLServer,70.0,70.0,0.0,6.0,False,False,1469
10810,70,15.0,5.0,0.0,SQLServer,LAUGB,2,1998-01-01 00:00:00,1998-01-29,1998-01-07,3.0,4.33,Laughing Bacchus Wine Cellars,2319 Elm St.,Vancouver,BC,V3F 2K1,Canada,SQLServer,75.0,75.0,0.0,6.0,False,False,1470
10811,19,9.2,15.0,0.0,SQLServer,LINOD,8,1998-01-02 00:00:00,1998-01-30,1998-01-08,1.0,31.22,LINO-Delicateses,Ave. 5 de Mayo Porlamar,I. de Margarita,Nueva Esparta,4980,Venezuela,SQLServer,138.0,138.0,0.0,6.0,False,False,1471
10811,23,9.0,18.0,0.0,SQLServer,LINOD,8,1998-01-02 00:00:00,1998-01-30,1998-01-08,1.0,31.22,LINO-Delicateses,Ave. 5 de Mayo Porlamar,I. de Margarita,Nueva Esparta,4980,Venezuela,SQLServer,162.0,162.0,0.0,6.0,False,False,1472
10811,40,18.4,30.0,0.0,SQLServer,LINOD,8,1998-01-02 00:00:00,1998-01-30,1998-01-08,1.0,31.22,LINO-Delicateses,Ave. 5 de Mayo Porlamar,I. de Margarita,Nueva Esparta,4980,Venezuela,SQLServer,552.0,552.0,0.0,6.0,False,False,1473
10812,31,12.5,16.0,0.10000000149011612,SQLServer,REGGC,5,1998-01-02 00:00:00,1998-01-30,1998-01-12,1.0,59.78,Reggiani Caseifici,Strada Provinciale 124,Reggio Emilia,,42100,Italy,SQLServer,180.0,200.0,20.0,10.0,False,False,1474
10812,72,34.8,40.0,0.10000000149011612,SQLServer,REGGC,5,1998-01-02 00:00:00,1998-01-30,1998-01-12,1.0,59.78,Reggiani Caseifici,Strada Provinciale 124,Reggio Emilia,,42100,Italy,SQLServer,1252.8,1392.0,139.2,10.0,False,False,1475
10812,77,13.0,20.0,0.0,SQLServer,REGGC,5,1998-01-02 00:00:00,1998-01-30,1998-01-12,1.0,59.78,Reggiani Caseifici,Strada Provinciale 124,Reggio Emilia,,42100,Italy,SQLServer,260.0,260.0,0.0,10.0,False,False,1476
10813,2,19.0,12.0,0.20000000298023224,SQLServer,RICAR,1,1998-01-05 00:00:00,1998-02-02,1998-01-09,1.0,47.38,Ricardo Adocicados,"Av. Copacabana, 267",Rio de Janeiro,RJ,02389-890,Brazil,SQLServer,182.4,228.0,45.6,4.0,False,False,1477
10813,46,12.0,35.0,0.0,SQLServer,RICAR,1,1998-01-05 00:00:00,1998-02-02,1998-01-09,1.0,47.38,Ricardo Adocicados,"Av. Copacabana, 267",Rio de Janeiro,RJ,02389-890,Brazil,SQLServer,420.0,420.0,0.0,4.0,False,False,1478
10814,41,9.65,20.0,0.0,SQLServer,VICTE,3,1998-01-05 00:00:00,1998-02-02,1998-01-14,3.0,130.94,Victuailles en stock,"2, rue du Commerce",Lyon,,69004,France,SQLServer,193.0,193.0,0.0,9.0,False,False,1479
10814,43,46.0,20.0,0.15000000596046448,SQLServer,VICTE,3,1998-01-05 00:00:00,1998-02-02,1998-01-14,3.0,130.94,Victuailles en stock,"2, rue du Commerce",Lyon,,69004,France,SQLServer,782.0,920.0,138.0,9.0,False,False,1480
10814,48,12.75,8.0,0.15000000596046448,SQLServer,VICTE,3,1998-01-05 00:00:00,1998-02-02,1998-01-14,3.0,130.94,Victuailles en stock,"2, rue du Commerce",Lyon,,69004,France,SQLServer,86.7,102.0,15.3,9.0,False,False,1481
10814,61,28.5,30.0,0.15000000596046448,SQLServer,VICTE,3,1998-01-05 00:00:00,1998-02-02,1998-01-14,3.0,130.94,Victuailles en stock,"2, rue du Commerce",Lyon,,69004,France,SQLServer,726.75,855.0,128.25,9.0,False,False,1482
10815,33,2.5,16.0,0.0,SQLServer,SAVEA,2,1998-01-05 00:00:00,1998-02-02,1998-01-14,3.0,14.62,Save-a-lot Markets,187 Suffolk Ln.,Boise,ID,83720,USA,SQLServer,40.0,40.0,0.0,9.0,False,False,1483
10816,38,263.5,30.0,0.05000000074505806,SQLServer,GREAL,4,1998-01-06 00:00:00,1998-02-03,1998-02-04,2.0,719.78,Great Lakes Food Market,2732 Baker Blvd.,Eugene,OR,97403,USA,SQLServer,7509.75,7905.0,395.25,29.0,True,True,1484
10816,62,49.3,20.0,0.05000000074505806,SQLServer,GREAL,4,1998-01-06 00:00:00,1998-02-03,1998-02-04,2.0,719.78,Great Lakes Food Market,2732 Baker Blvd.,Eugene,OR,97403,USA,SQLServer,936.7,986.0,49.3,29.0,True,True,1485
10817,26,31.23,40.0,0.15000000596046448,SQLServer,KOENE,3,1998-01-06 00:00:00,1998-01-20,1998-01-13,2.0,306.07,Königlich Essen,Maubelstr. 90,Brandenburg,,14776,Germany,SQLServer,1061.82,1249.2,187.38,7.0,False,False,1486
10817,38,263.5,30.0,0.0,SQLServer,KOENE,3,1998-01-06 00:00:00,1998-01-20,1998-01-13,2.0,306.07,Königlich Essen,Maubelstr. 90,Brandenburg,,14776,Germany,SQLServer,7905.0,7905.0,0.0,7.0,False,False,1487
10817,40,18.4,60.0,0.15000000596046448,SQLServer,KOENE,3,1998-01-06 00:00:00,1998-01-20,1998-01-13,2.0,306.07,Königlich Essen,Maubelstr. 90,Brandenburg,,14776,Germany,SQLServer,938.4,1104.0,165.6,7.0,False,False,1488
10817,62,49.3,25.0,0.15000000596046448,SQLServer,KOENE,3,1998-01-06 00:00:00,1998-01-20,1998-01-13,2.0,306.07,Königlich Essen,Maubelstr. 90,Brandenburg,,14776,Germany,SQLServer,1047.62,1232.5,184.88,7.0,False,False,1489
10818,32,32.0,20.0,0.0,SQLServer,MAGAA,7,1998-01-07 00:00:00,1998-02-04,1998-01-12,3.0,65.48,Magazzini Alimentari Riuniti,Via Ludovico il Moro 22,Bergamo,,24100,Italy,SQLServer,640.0,640.0,0.0,5.0,False,False,1490
10818,41,9.65,20.0,0.0,SQLServer,MAGAA,7,1998-01-07 00:00:00,1998-02-04,1998-01-12,3.0,65.48,Magazzini Alimentari Riuniti,Via Ludovico il Moro 22,Bergamo,,24100,Italy,SQLServer,193.0,193.0,0.0,5.0,False,False,1491
10819,43,46.0,7.0,0.0,SQLServer,CACTU,2,1998-01-07 00:00:00,1998-02-04,1998-01-16,3.0,19.76,Cactus Comidas para llevar,Cerrito 333,Buenos Aires,,1010,Argentina,SQLServer,322.0,322.0,0.0,9.0,False,False,1492
10819,75,7.75,20.0,0.0,SQLServer,CACTU,2,1998-01-07 00:00:00,1998-02-04,1998-01-16,3.0,19.76,Cactus Comidas para llevar,Cerrito 333,Buenos Aires,,1010,Argentina,SQLServer,155.0,155.0,0.0,9.0,False,False,1493
10820,56,38.0,30.0,0.0,SQLServer,RATTC,3,1998-01-07 00:00:00,1998-02-04,1998-01-13,2.0,37.52,Rattlesnake Canyon Grocery,2817 Milton Dr.,Albuquerque,NM,87110,USA,SQLServer,1140.0,1140.0,0.0,6.0,False,False,1494
10821,35,18.0,20.0,0.0,SQLServer,SPLIR,1,1998-01-08 00:00:00,1998-02-05,1998-01-15,1.0,36.68,Split Rail Beer & Ale,P.O. Box 555,Lander,WY,82520,USA,SQLServer,360.0,360.0,0.0,7.0,False,False,1495
10821,51,53.0,6.0,0.0,SQLServer,SPLIR,1,1998-01-08 00:00:00,1998-02-05,1998-01-15,1.0,36.68,Split Rail Beer & Ale,P.O. Box 555,Lander,WY,82520,USA,SQLServer,318.0,318.0,0.0,7.0,False,False,1496
10822,62,49.3,3.0,0.0,SQLServer,TRAIH,6,1998-01-08 00:00:00,1998-02-05,1998-01-16,3.0,7.0,Trail's Head Gourmet Provisioners,722 DaVinci Blvd.,Kirkland,WA,98034,USA,SQLServer,147.9,147.9,0.0,8.0,False,False,1497
10822,70,15.0,6.0,0.0,SQLServer,TRAIH,6,1998-01-08 00:00:00,1998-02-05,1998-01-16,3.0,7.0,Trail's Head Gourmet Provisioners,722 DaVinci Blvd.,Kirkland,WA,98034,USA,SQLServer,90.0,90.0,0.0,8.0,False,False,1498
10823,11,21.0,20.0,0.10000000149011612,SQLServer,LILAS,5,1998-01-09 00:00:00,1998-02-06,1998-01-13,2.0,163.97,LILA-Supermercado,Carrera 52 con Ave. Bolívar #65-98 Llano Largo,Barquisimeto,Lara,3508,Venezuela,SQLServer,378.0,420.0,42.0,4.0,False,False,1499
10823,57,19.5,15.0,0.0,SQLServer,LILAS,5,1998-01-09 00:00:00,1998-02-06,1998-01-13,2.0,163.97,LILA-Supermercado,Carrera 52 con Ave. Bolívar #65-98 Llano Largo,Barquisimeto,Lara,3508,Venezuela,SQLServer,292.5,292.5,0.0,4.0,False,False,1500
10823,59,55.0,40.0,0.10000000149011612,SQLServer,LILAS,5,1998-01-09 00:00:00,1998-02-06,1998-01-13,2.0,163.97,LILA-Supermercado,Carrera 52 con Ave. Bolívar #65-98 Llano Largo,Barquisimeto,Lara,3508,Venezuela,SQLServer,1980.0,2200.0,220.0,4.0,False,False,1501
10823,77,13.0,15.0,0.10000000149011612,SQLServer,LILAS,5,1998-01-09 00:00:00,1998-02-06,1998-01-13,2.0,163.97,LILA-Supermercado,Carrera 52 con Ave. Bolívar #65-98 Llano Largo,Barquisimeto,Lara,3508,Venezuela,SQLServer,175.5,195.0,19.5,4.0,False,False,1502
10824,41,9.65,12.0,0.0,SQLServer,FOLKO,8,1998-01-09 00:00:00,1998-02-06,1998-01-30,1.0,1.23,Folk och fä HB,Åkergatan 24,Bräcke,,S-844 67,Sweden,SQLServer,115.8,115.8,0.0,21.0,False,False,1503
10824,70,15.0,9.0,0.0,SQLServer,FOLKO,8,1998-01-09 00:00:00,1998-02-06,1998-01-30,1.0,1.23,Folk och fä HB,Åkergatan 24,Bräcke,,S-844 67,Sweden,SQLServer,135.0,135.0,0.0,21.0,False,False,1504
10825,26,31.23,12.0,0.0,SQLServer,DRACD,1,1998-01-09 00:00:00,1998-02-06,1998-01-14,1.0,79.25,Drachenblut Delikatessen,Walserweg 21,Aachen,,52066,Germany,SQLServer,374.76,374.76,0.0,5.0,False,False,1505
10825,53,32.8,20.0,0.0,SQLServer,DRACD,1,1998-01-09 00:00:00,1998-02-06,1998-01-14,1.0,79.25,Drachenblut Delikatessen,Walserweg 21,Aachen,,52066,Germany,SQLServer,656.0,656.0,0.0,5.0,False,False,1506
10826,31,12.5,35.0,0.0,SQLServer,BLONP,6,1998-01-12 00:00:00,1998-02-09,1998-02-06,1.0,7.09,Blondel père et fils,"24, place Kléber",Strasbourg,,67000,France,SQLServer,437.5,437.5,0.0,25.0,False,False,1507
10826,57,19.5,15.0,0.0,SQLServer,BLONP,6,1998-01-12 00:00:00,1998-02-09,1998-02-06,1.0,7.09,Blondel père et fils,"24, place Kléber",Strasbourg,,67000,France,SQLServer,292.5,292.5,0.0,25.0,False,False,1508
10827,10,31.0,15.0,0.0,SQLServer,BONAP,1,1998-01-12 00:00:00,1998-01-26,1998-02-06,2.0,63.54,Bon app',"12, rue des Bouchers",Marseille,,13008,France,SQLServer,465.0,465.0,0.0,25.0,True,False,1509
10827,39,18.0,21.0,0.0,SQLServer,BONAP,1,1998-01-12 00:00:00,1998-01-26,1998-02-06,2.0,63.54,Bon app',"12, rue des Bouchers",Marseille,,13008,France,SQLServer,378.0,378.0,0.0,25.0,True,False,1510
10828,20,81.0,5.0,0.0,SQLServer,RANCH,9,1998-01-13 00:00:00,1998-01-27,1998-02-04,1.0,90.85,Rancho grande,Av. del Libertador 900,Buenos Aires,,1010,Argentina,SQLServer,405.0,405.0,0.0,22.0,True,False,1511
10828,38,263.5,2.0,0.0,SQLServer,RANCH,9,1998-01-13 00:00:00,1998-01-27,1998-02-04,1.0,90.85,Rancho grande,Av. del Libertador 900,Buenos Aires,,1010,Argentina,SQLServer,527.0,527.0,0.0,22.0,True,False,1512
10829,2,19.0,10.0,0.0,SQLServer,ISLAT,9,1998-01-13 00:00:00,1998-02-10,1998-01-23,1.0,154.72,Island Trading,Garden House Crowther Way,Cowes,Isle of Wight,PO31 7PJ,UK,SQLServer,190.0,190.0,0.0,10.0,False,False,1513
10829,8,40.0,20.0,0.0,SQLServer,ISLAT,9,1998-01-13 00:00:00,1998-02-10,1998-01-23,1.0,154.72,Island Trading,Garden House Crowther Way,Cowes,Isle of Wight,PO31 7PJ,UK,SQLServer,800.0,800.0,0.0,10.0,False,False,1514
10829,13,6.0,10.0,0.0,SQLServer,ISLAT,9,1998-01-13 00:00:00,1998-02-10,1998-01-23,1.0,154.72,Island Trading,Garden House Crowther Way,Cowes,Isle of Wight,PO31 7PJ,UK,SQLServer,60.0,60.0,0.0,10.0,False,False,1515
10829,60,34.0,21.0,0.0,SQLServer,ISLAT,9,1998-01-13 00:00:00,1998-02-10,1998-01-23,1.0,154.72,Island Trading,Garden House Crowther Way,Cowes,Isle of Wight,PO31 7PJ,UK,SQLServer,714.0,714.0,0.0,10.0,False,False,1516
10830,6,25.0,6.0,0.0,SQLServer,TRADH,4,1998-01-13 00:00:00,1998-02-24,1998-01-21,2.0,81.83,Tradiçao Hipermercados,"Av. Inês de Castro, 414",Sao Paulo,SP,05634-030,Brazil,SQLServer,150.0,150.0,0.0,8.0,False,False,1517
10830,39,18.0,28.0,0.0,SQLServer,TRADH,4,1998-01-13 00:00:00,1998-02-24,1998-01-21,2.0,81.83,Tradiçao Hipermercados,"Av. Inês de Castro, 414",Sao Paulo,SP,05634-030,Brazil,SQLServer,504.0,504.0,0.0,8.0,False,False,1518
10830,60,34.0,30.0,0.0,SQLServer,TRADH,4,1998-01-13 00:00:00,1998-02-24,1998-01-21,2.0,81.83,Tradiçao Hipermercados,"Av. Inês de Castro, 414",Sao Paulo,SP,05634-030,Brazil,SQLServer,1020.0,1020.0,0.0,8.0,False,False,1519
10830,68,12.5,24.0,0.0,SQLServer,TRADH,4,1998-01-13 00:00:00,1998-02-24,1998-01-21,2.0,81.83,Tradiçao Hipermercados,"Av. Inês de Castro, 414",Sao Paulo,SP,05634-030,Brazil,SQLServer,300.0,300.0,0.0,8.0,False,False,1520
10831,19,9.2,2.0,0.0,SQLServer,SANTG,3,1998-01-14 00:00:00,1998-02-11,1998-01-23,2.0,72.19,Santé Gourmet,Erling Skakkes gate 78,Stavern,,4110,Norway,SQLServer,18.4,18.4,0.0,9.0,False,False,1521
10831,35,18.0,8.0,0.0,SQLServer,SANTG,3,1998-01-14 00:00:00,1998-02-11,1998-01-23,2.0,72.19,Santé Gourmet,Erling Skakkes gate 78,Stavern,,4110,Norway,SQLServer,144.0,144.0,0.0,9.0,False,False,1522
10831,38,263.5,8.0,0.0,SQLServer,SANTG,3,1998-01-14 00:00:00,1998-02-11,1998-01-23,2.0,72.19,Santé Gourmet,Erling Skakkes gate 78,Stavern,,4110,Norway,SQLServer,2108.0,2108.0,0.0,9.0,False,False,1523
10831,43,46.0,9.0,0.0,SQLServer,SANTG,3,1998-01-14 00:00:00,1998-02-11,1998-01-23,2.0,72.19,Santé Gourmet,Erling Skakkes gate 78,Stavern,,4110,Norway,SQLServer,414.0,414.0,0.0,9.0,False,False,1524
10832,13,6.0,3.0,0.20000000298023224,SQLServer,LAMAI,2,1998-01-14 00:00:00,1998-02-11,1998-01-19,2.0,43.26,La maison d'Asie,1 rue Alsace-Lorraine,Toulouse,,31000,France,SQLServer,14.4,18.0,3.6,5.0,False,False,1525
10832,25,14.0,10.0,0.20000000298023224,SQLServer,LAMAI,2,1998-01-14 00:00:00,1998-02-11,1998-01-19,2.0,43.26,La maison d'Asie,1 rue Alsace-Lorraine,Toulouse,,31000,France,SQLServer,112.0,140.0,28.0,5.0,False,False,1526
10832,44,19.45,16.0,0.20000000298023224,SQLServer,LAMAI,2,1998-01-14 00:00:00,1998-02-11,1998-01-19,2.0,43.26,La maison d'Asie,1 rue Alsace-Lorraine,Toulouse,,31000,France,SQLServer,248.96,311.2,62.24,5.0,False,False,1527
10832,64,33.25,3.0,0.0,SQLServer,LAMAI,2,1998-01-14 00:00:00,1998-02-11,1998-01-19,2.0,43.26,La maison d'Asie,1 rue Alsace-Lorraine,Toulouse,,31000,France,SQLServer,99.75,99.75,0.0,5.0,False,False,1528
10833,7,30.0,20.0,0.10000000149011612,SQLServer,OTTIK,6,1998-01-15 00:00:00,1998-02-12,1998-01-23,2.0,71.49,Ottilies Käseladen,Mehrheimerstr. 369,Köln,,50739,Germany,SQLServer,540.0,600.0,60.0,8.0,False,False,1529
10833,31,12.5,9.0,0.10000000149011612,SQLServer,OTTIK,6,1998-01-15 00:00:00,1998-02-12,1998-01-23,2.0,71.49,Ottilies Käseladen,Mehrheimerstr. 369,Köln,,50739,Germany,SQLServer,101.25,112.5,11.25,8.0,False,False,1530
10833,53,32.8,9.0,0.10000000149011612,SQLServer,OTTIK,6,1998-01-15 00:00:00,1998-02-12,1998-01-23,2.0,71.49,Ottilies Käseladen,Mehrheimerstr. 369,Köln,,50739,Germany,SQLServer,265.68,295.2,29.52,8.0,False,False,1531
10834,29,123.79,8.0,0.05000000074505806,SQLServer,TRADH,1,1998-01-15 00:00:00,1998-02-12,1998-01-19,3.0,29.78,Tradiçao Hipermercados,"Av. Inês de Castro, 414",Sao Paulo,SP,05634-030,Brazil,SQLServer,940.8,990.32,49.52,4.0,False,False,1532
10834,30,25.89,20.0,0.05000000074505806,SQLServer,TRADH,1,1998-01-15 00:00:00,1998-02-12,1998-01-19,3.0,29.78,Tradiçao Hipermercados,"Av. Inês de Castro, 414",Sao Paulo,SP,05634-030,Brazil,SQLServer,491.91,517.8,25.89,4.0,False,False,1533
10835,59,55.0,15.0,0.0,SQLServer,ALFKI,1,1998-01-15 00:00:00,1998-02-12,1998-01-21,3.0,69.53,Alfred's Futterkiste,Obere Str. 57,Berlin,,12209,Germany,SQLServer,825.0,825.0,0.0,6.0,False,False,1534
10835,77,13.0,2.0,0.20000000298023224,SQLServer,ALFKI,1,1998-01-15 00:00:00,1998-02-12,1998-01-21,3.0,69.53,Alfred's Futterkiste,Obere Str. 57,Berlin,,12209,Germany,SQLServer,20.8,26.0,5.2,6.0,False,False,1535
10836,22,21.0,52.0,0.0,SQLServer,ERNSH,7,1998-01-16 00:00:00,1998-02-13,1998-01-21,1.0,411.88,Ernst Handel,Kirchgasse 6,Graz,,8010,Austria,SQLServer,1092.0,1092.0,0.0,5.0,False,False,1536
10836,35,18.0,6.0,0.0,SQLServer,ERNSH,7,1998-01-16 00:00:00,1998-02-13,1998-01-21,1.0,411.88,Ernst Handel,Kirchgasse 6,Graz,,8010,Austria,SQLServer,108.0,108.0,0.0,5.0,False,False,1537
10836,57,19.5,24.0,0.0,SQLServer,ERNSH,7,1998-01-16 00:00:00,1998-02-13,1998-01-21,1.0,411.88,Ernst Handel,Kirchgasse 6,Graz,,8010,Austria,SQLServer,468.0,468.0,0.0,5.0,False,False,1538
10836,60,34.0,60.0,0.0,SQLServer,ERNSH,7,1998-01-16 00:00:00,1998-02-13,1998-01-21,1.0,411.88,Ernst Handel,Kirchgasse 6,Graz,,8010,Austria,SQLServer,2040.0,2040.0,0.0,5.0,False,False,1539
10836,64,33.25,30.0,0.0,SQLServer,ERNSH,7,1998-01-16 00:00:00,1998-02-13,1998-01-21,1.0,411.88,Ernst Handel,Kirchgasse 6,Graz,,8010,Austria,SQLServer,997.5,997.5,0.0,5.0,False,False,1540
10837,13,6.0,6.0,0.0,SQLServer,BERGS,9,1998-01-16 00:00:00,1998-02-13,1998-01-23,3.0,13.32,Berglunds snabbköp,Berguvsvägen  8,Luleå,,S-958 22,Sweden,SQLServer,36.0,36.0,0.0,7.0,False,False,1541
10837,40,18.4,25.0,0.0,SQLServer,BERGS,9,1998-01-16 00:00:00,1998-02-13,1998-01-23,3.0,13.32,Berglunds snabbköp,Berguvsvägen  8,Luleå,,S-958 22,Sweden,SQLServer,460.0,460.0,0.0,7.0,False,False,1542
10837,47,9.5,40.0,0.25,SQLServer,BERGS,9,1998-01-16 00:00:00,1998-02-13,1998-01-23,3.0,13.32,Berglunds snabbköp,Berguvsvägen  8,Luleå,,S-958 22,Sweden,SQLServer,285.0,380.0,95.0,7.0,False,False,1543
10837,76,18.0,21.0,0.25,SQLServer,BERGS,9,1998-01-16 00:00:00,1998-02-13,1998-01-23,3.0,13.32,Berglunds snabbköp,Berguvsvägen  8,Luleå,,S-958 22,Sweden,SQLServer,283.5,378.0,94.5,7.0,False,False,1544
10838,1,18.0,4.0,0.25,SQLServer,LINOD,3,1998-01-19 00:00:00,1998-02-16,1998-01-23,3.0,59.28,LINO-Delicateses,Ave. 5 de Mayo Porlamar,I. de Margarita,Nueva Esparta,4980,Venezuela,SQLServer,54.0,72.0,18.0,4.0,False,False,1545
10838,18,62.5,25.0,0.25,SQLServer,LINOD,3,1998-01-19 00:00:00,1998-02-16,1998-01-23,3.0,59.28,LINO-Delicateses,Ave. 5 de Mayo Porlamar,I. de Margarita,Nueva Esparta,4980,Venezuela,SQLServer,1171.88,1562.5,390.62,4.0,False,False,1546
10838,36,19.0,50.0,0.25,SQLServer,LINOD,3,1998-01-19 00:00:00,1998-02-16,1998-01-23,3.0,59.28,LINO-Delicateses,Ave. 5 de Mayo Porlamar,I. de Margarita,Nueva Esparta,4980,Venezuela,SQLServer,712.5,950.0,237.5,4.0,False,False,1547
10839,58,13.25,30.0,0.10000000149011612,SQLServer,TRADH,3,1998-01-19 00:00:00,1998-02-16,1998-01-22,3.0,35.43,Tradiçao Hipermercados,"Av. Inês de Castro, 414",Sao Paulo,SP,05634-030,Brazil,SQLServer,357.75,397.5,39.75,3.0,False,False,1548
10839,72,34.8,15.0,0.10000000149011612,SQLServer,TRADH,3,1998-01-19 00:00:00,1998-02-16,1998-01-22,3.0,35.43,Tradiçao Hipermercados,"Av. Inês de Castro, 414",Sao Paulo,SP,05634-030,Brazil,SQLServer,469.8,522.0,52.2,3.0,False,False,1549
10840,25,14.0,6.0,0.20000000298023224,SQLServer,LINOD,4,1998-01-19 00:00:00,1998-03-02,1998-02-16,2.0,2.71,LINO-Delicateses,Ave. 5 de Mayo Porlamar,I. de Margarita,Nueva Esparta,4980,Venezuela,SQLServer,67.2,84.0,16.8,28.0,False,False,1550
10840,39,18.0,10.0,0.20000000298023224,SQLServer,LINOD,4,1998-01-19 00:00:00,1998-03-02,1998-02-16,2.0,2.71,LINO-Delicateses,Ave. 5 de Mayo Porlamar,I. de Margarita,Nueva Esparta,4980,Venezuela,SQLServer,144.0,180.0,36.0,28.0,False,False,1551
10841,10,31.0,16.0,0.0,SQLServer,SUPRD,5,1998-01-20 00:00:00,1998-02-17,1998-01-29,2.0,424.3,Suprêmes délices,"Boulevard Tirou, 255",Charleroi,,B-6000,Belgium,SQLServer,496.0,496.0,0.0,9.0,False,False,1552
10841,56,38.0,30.0,0.0,SQLServer,SUPRD,5,1998-01-20 00:00:00,1998-02-17,1998-01-29,2.0,424.3,Suprêmes délices,"Boulevard Tirou, 255",Charleroi,,B-6000,Belgium,SQLServer,1140.0,1140.0,0.0,9.0,False,False,1553
10841,59,55.0,50.0,0.0,SQLServer,SUPRD,5,1998-01-20 00:00:00,1998-02-17,1998-01-29,2.0,424.3,Suprêmes délices,"Boulevard Tirou, 255",Charleroi,,B-6000,Belgium,SQLServer,2750.0,2750.0,0.0,9.0,False,False,1554
10841,77,13.0,15.0,0.0,SQLServer,SUPRD,5,1998-01-20 00:00:00,1998-02-17,1998-01-29,2.0,424.3,Suprêmes délices,"Boulevard Tirou, 255",Charleroi,,B-6000,Belgium,SQLServer,195.0,195.0,0.0,9.0,False,False,1555
10842,11,21.0,15.0,0.0,SQLServer,TORTU,1,1998-01-20 00:00:00,1998-02-17,1998-01-29,3.0,54.42,Tortuga Restaurante,Avda. Azteca 123,México D.F.,,05033,Mexico,SQLServer,315.0,315.0,0.0,9.0,False,False,1556
10842,43,46.0,5.0,0.0,SQLServer,TORTU,1,1998-01-20 00:00:00,1998-02-17,1998-01-29,3.0,54.42,Tortuga Restaurante,Avda. Azteca 123,México D.F.,,05033,Mexico,SQLServer,230.0,230.0,0.0,9.0,False,False,1557
10842,68,12.5,20.0,0.0,SQLServer,TORTU,1,1998-01-20 00:00:00,1998-02-17,1998-01-29,3.0,54.42,Tortuga Restaurante,Avda. Azteca 123,México D.F.,,05033,Mexico,SQLServer,250.0,250.0,0.0,9.0,False,False,1558
10842,70,15.0,12.0,0.0,SQLServer,TORTU,1,1998-01-20 00:00:00,1998-02-17,1998-01-29,3.0,54.42,Tortuga Restaurante,Avda. Azteca 123,México D.F.,,05033,Mexico,SQLServer,180.0,180.0,0.0,9.0,False,False,1559
10843,51,53.0,4.0,0.25,SQLServer,VICTE,4,1998-01-21 00:00:00,1998-02-18,1998-01-26,2.0,9.26,Victuailles en stock,"2, rue du Commerce",Lyon,,69004,France,SQLServer,159.0,212.0,53.0,5.0,False,False,1560
10844,22,21.0,35.0,0.0,SQLServer,PICCO,8,1998-01-21 00:00:00,1998-02-18,1998-01-26,2.0,25.22,Piccolo und mehr,Geislweg 14,Salzburg,,5020,Austria,SQLServer,735.0,735.0,0.0,5.0,False,False,1561
10845,23,9.0,70.0,0.10000000149011612,SQLServer,QUICK,8,1998-01-21 00:00:00,1998-02-04,1998-01-30,1.0,212.98,QUICK-Stop,Taucherstraße 10,Cunewalde,,01307,Germany,SQLServer,567.0,630.0,63.0,9.0,False,False,1562
10845,35,18.0,25.0,0.10000000149011612,SQLServer,QUICK,8,1998-01-21 00:00:00,1998-02-04,1998-01-30,1.0,212.98,QUICK-Stop,Taucherstraße 10,Cunewalde,,01307,Germany,SQLServer,405.0,450.0,45.0,9.0,False,False,1563
10845,42,14.0,42.0,0.10000000149011612,SQLServer,QUICK,8,1998-01-21 00:00:00,1998-02-04,1998-01-30,1.0,212.98,QUICK-Stop,Taucherstraße 10,Cunewalde,,01307,Germany,SQLServer,529.2,588.0,58.8,9.0,False,False,1564
10845,58,13.25,60.0,0.10000000149011612,SQLServer,QUICK,8,1998-01-21 00:00:00,1998-02-04,1998-01-30,1.0,212.98,QUICK-Stop,Taucherstraße 10,Cunewalde,,01307,Germany,SQLServer,715.5,795.0,79.5,9.0,False,False,1565
10845,64,33.25,48.0,0.0,SQLServer,QUICK,8,1998-01-21 00:00:00,1998-02-04,1998-01-30,1.0,212.98,QUICK-Stop,Taucherstraße 10,Cunewalde,,01307,Germany,SQLServer,1596.0,1596.0,0.0,9.0,False,False,1566
10846,4,22.0,21.0,0.0,SQLServer,SUPRD,2,1998-01-22 00:00:00,1998-03-05,1998-01-23,3.0,56.46,Suprêmes délices,"Boulevard Tirou, 255",Charleroi,,B-6000,Belgium,SQLServer,462.0,462.0,0.0,1.0,False,False,1567
10846,70,15.0,30.0,0.0,SQLServer,SUPRD,2,1998-01-22 00:00:00,1998-03-05,1998-01-23,3.0,56.46,Suprêmes délices,"Boulevard Tirou, 255",Charleroi,,B-6000,Belgium,SQLServer,450.0,450.0,0.0,1.0,False,False,1568
10846,74,10.0,20.0,0.0,SQLServer,SUPRD,2,1998-01-22 00:00:00,1998-03-05,1998-01-23,3.0,56.46,Suprêmes délices,"Boulevard Tirou, 255",Charleroi,,B-6000,Belgium,SQLServer,200.0,200.0,0.0,1.0,False,False,1569
10847,1,18.0,80.0,0.20000000298023224,SQLServer,SAVEA,4,1998-01-22 00:00:00,1998-02-05,1998-02-10,3.0,487.57,Save-a-lot Markets,187 Suffolk Ln.,Boise,ID,83720,USA,SQLServer,1152.0,1440.0,288.0,19.0,True,False,1570
10847,19,9.2,12.0,0.20000000298023224,SQLServer,SAVEA,4,1998-01-22 00:00:00,1998-02-05,1998-02-10,3.0,487.57,Save-a-lot Markets,187 Suffolk Ln.,Boise,ID,83720,USA,SQLServer,88.32,110.4,22.08,19.0,True,False,1571
10847,37,26.0,60.0,0.20000000298023224,SQLServer,SAVEA,4,1998-01-22 00:00:00,1998-02-05,1998-02-10,3.0,487.57,Save-a-lot Markets,187 Suffolk Ln.,Boise,ID,83720,USA,SQLServer,1248.0,1560.0,312.0,19.0,True,False,1572
10847,45,9.5,36.0,0.20000000298023224,SQLServer,SAVEA,4,1998-01-22 00:00:00,1998-02-05,1998-02-10,3.0,487.57,Save-a-lot Markets,187 Suffolk Ln.,Boise,ID,83720,USA,SQLServer,273.6,342.0,68.4,19.0,True,False,1573
10847,60,34.0,45.0,0.20000000298023224,SQLServer,SAVEA,4,1998-01-22 00:00:00,1998-02-05,1998-02-10,3.0,487.57,Save-a-lot Markets,187 Suffolk Ln.,Boise,ID,83720,USA,SQLServer,1224.0,1530.0,306.0,19.0,True,False,1574
10847,71,21.5,55.0,0.20000000298023224,SQLServer,SAVEA,4,1998-01-22 00:00:00,1998-02-05,1998-02-10,3.0,487.57,Save-a-lot Markets,187 Suffolk Ln.,Boise,ID,83720,USA,SQLServer,946.0,1182.5,236.5,19.0,True,False,1575
10848,5,21.35,30.0,0.0,SQLServer,CONSH,7,1998-01-23 00:00:00,1998-02-20,1998-01-29,2.0,38.24,Consolidated Holdings,Berkeley Gardens 12  Brewery,London,,WX1 6LT,UK,SQLServer,640.5,640.5,0.0,6.0,False,False,1576
10848,9,97.0,3.0,0.0,SQLServer,CONSH,7,1998-01-23 00:00:00,1998-02-20,1998-01-29,2.0,38.24,Consolidated Holdings,Berkeley Gardens 12  Brewery,London,,WX1 6LT,UK,SQLServer,291.0,291.0,0.0,6.0,False,False,1577
10849,3,10.0,49.0,0.0,SQLServer,KOENE,9,1998-01-23 00:00:00,1998-02-20,1998-01-30,2.0,0.56,Königlich Essen,Maubelstr. 90,Brandenburg,,14776,Germany,SQLServer,490.0,490.0,0.0,7.0,False,False,1578
10849,26,31.23,18.0,0.15000000596046448,SQLServer,KOENE,9,1998-01-23 00:00:00,1998-02-20,1998-01-30,2.0,0.56,Königlich Essen,Maubelstr. 90,Brandenburg,,14776,Germany,SQLServer,477.82,562.14,84.32,7.0,False,False,1579
10850,25,14.0,20.0,0.15000000596046448,SQLServer,VICTE,1,1998-01-23 00:00:00,1998-03-06,1998-01-30,1.0,49.19,Victuailles en stock,"2, rue du Commerce",Lyon,,69004,France,SQLServer,238.0,280.0,42.0,7.0,False,False,1580
10850,33,2.5,4.0,0.15000000596046448,SQLServer,VICTE,1,1998-01-23 00:00:00,1998-03-06,1998-01-30,1.0,49.19,Victuailles en stock,"2, rue du Commerce",Lyon,,69004,France,SQLServer,8.5,10.0,1.5,7.0,False,False,1581
10850,70,15.0,30.0,0.15000000596046448,SQLServer,VICTE,1,1998-01-23 00:00:00,1998-03-06,1998-01-30,1.0,49.19,Victuailles en stock,"2, rue du Commerce",Lyon,,69004,France,SQLServer,382.5,450.0,67.5,7.0,False,False,1582
10851,2,19.0,5.0,0.05000000074505806,SQLServer,RICAR,5,1998-01-26 00:00:00,1998-02-23,1998-02-02,1.0,160.55,Ricardo Adocicados,"Av. Copacabana, 267",Rio de Janeiro,RJ,02389-890,Brazil,SQLServer,90.25,95.0,4.75,7.0,False,False,1583
10851,25,14.0,10.0,0.05000000074505806,SQLServer,RICAR,5,1998-01-26 00:00:00,1998-02-23,1998-02-02,1.0,160.55,Ricardo Adocicados,"Av. Copacabana, 267",Rio de Janeiro,RJ,02389-890,Brazil,SQLServer,133.0,140.0,7.0,7.0,False,False,1584
10851,57,19.5,10.0,0.05000000074505806,SQLServer,RICAR,5,1998-01-26 00:00:00,1998-02-23,1998-02-02,1.0,160.55,Ricardo Adocicados,"Av. Copacabana, 267",Rio de Janeiro,RJ,02389-890,Brazil,SQLServer,185.25,195.0,9.75,7.0,False,False,1585
10851,59,55.0,42.0,0.05000000074505806,SQLServer,RICAR,5,1998-01-26 00:00:00,1998-02-23,1998-02-02,1.0,160.55,Ricardo Adocicados,"Av. Copacabana, 267",Rio de Janeiro,RJ,02389-890,Brazil,SQLServer,2194.5,2310.0,115.5,7.0,False,False,1586
10852,2,19.0,15.0,0.0,SQLServer,RATTC,8,1998-01-26 00:00:00,1998-02-09,1998-01-30,1.0,174.05,Rattlesnake Canyon Grocery,2817 Milton Dr.,Albuquerque,NM,87110,USA,SQLServer,285.0,285.0,0.0,4.0,False,False,1587
10852,17,39.0,6.0,0.0,SQLServer,RATTC,8,1998-01-26 00:00:00,1998-02-09,1998-01-30,1.0,174.05,Rattlesnake Canyon Grocery,2817 Milton Dr.,Albuquerque,NM,87110,USA,SQLServer,234.0,234.0,0.0,4.0,False,False,1588
10852,62,49.3,50.0,0.0,SQLServer,RATTC,8,1998-01-26 00:00:00,1998-02-09,1998-01-30,1.0,174.05,Rattlesnake Canyon Grocery,2817 Milton Dr.,Albuquerque,NM,87110,USA,SQLServer,2465.0,2465.0,0.0,4.0,False,False,1589
10853,18,62.5,10.0,0.0,SQLServer,BLAUS,9,1998-01-27 00:00:00,1998-02-24,1998-02-03,2.0,53.83,Blauer See Delikatessen,Forsterstr. 57,Mannheim,,68306,Germany,SQLServer,625.0,625.0,0.0,7.0,False,False,1590
10854,10,31.0,100.0,0.15000000596046448,SQLServer,ERNSH,3,1998-01-27 00:00:00,1998-02-24,1998-02-05,2.0,100.22,Ernst Handel,Kirchgasse 6,Graz,,8010,Austria,SQLServer,2635.0,3100.0,465.0,9.0,False,False,1591
10854,13,6.0,65.0,0.15000000596046448,SQLServer,ERNSH,3,1998-01-27 00:00:00,1998-02-24,1998-02-05,2.0,100.22,Ernst Handel,Kirchgasse 6,Graz,,8010,Austria,SQLServer,331.5,390.0,58.5,9.0,False,False,1592
10855,16,17.45,50.0,0.0,SQLServer,OLDWO,3,1998-01-27 00:00:00,1998-02-24,1998-02-04,1.0,170.97,Old World Delicatessen,2743 Bering St.,Anchorage,AK,99508,USA,SQLServer,872.5,872.5,0.0,8.0,False,False,1593
10855,31,12.5,14.0,0.0,SQLServer,OLDWO,3,1998-01-27 00:00:00,1998-02-24,1998-02-04,1.0,170.97,Old World Delicatessen,2743 Bering St.,Anchorage,AK,99508,USA,SQLServer,175.0,175.0,0.0,8.0,False,False,1594
10855,56,38.0,24.0,0.0,SQLServer,OLDWO,3,1998-01-27 00:00:00,1998-02-24,1998-02-04,1.0,170.97,Old World Delicatessen,2743 Bering St.,Anchorage,AK,99508,USA,SQLServer,912.0,912.0,0.0,8.0,False,False,1595
10855,65,21.05,15.0,0.15000000596046448,SQLServer,OLDWO,3,1998-01-27 00:00:00,1998-02-24,1998-02-04,1.0,170.97,Old World Delicatessen,2743 Bering St.,Anchorage,AK,99508,USA,SQLServer,268.39,315.75,47.36,8.0,False,False,1596
10856,2,19.0,20.0,0.0,SQLServer,ANTON,3,1998-01-28 00:00:00,1998-02-25,1998-02-10,2.0,58.43,Antonio Moreno Taquería,Mataderos  2312,México D.F.,,05023,Mexico,SQLServer,380.0,380.0,0.0,13.0,False,False,1597
10856,42,14.0,20.0,0.0,SQLServer,ANTON,3,1998-01-28 00:00:00,1998-02-25,1998-02-10,2.0,58.43,Antonio Moreno Taquería,Mataderos  2312,México D.F.,,05023,Mexico,SQLServer,280.0,280.0,0.0,13.0,False,False,1598
10857,3,10.0,30.0,0.0,SQLServer,BERGS,8,1998-01-28 00:00:00,1998-02-25,1998-02-06,2.0,188.85,Berglunds snabbköp,Berguvsvägen  8,Luleå,,S-958 22,Sweden,SQLServer,300.0,300.0,0.0,9.0,False,False,1599
10857,26,31.23,35.0,0.25,SQLServer,BERGS,8,1998-01-28 00:00:00,1998-02-25,1998-02-06,2.0,188.85,Berglunds snabbköp,Berguvsvägen  8,Luleå,,S-958 22,Sweden,SQLServer,819.79,1093.05,273.26,9.0,False,False,1600
10857,29,123.79,10.0,0.25,SQLServer,BERGS,8,1998-01-28 00:00:00,1998-02-25,1998-02-06,2.0,188.85,Berglunds snabbköp,Berguvsvägen  8,Luleå,,S-958 22,Sweden,SQLServer,928.42,1237.9,309.48,9.0,False,False,1601
10858,7,30.0,5.0,0.0,SQLServer,LACOR,2,1998-01-29 00:00:00,1998-02-26,1998-02-03,1.0,52.51,La corne d'abondance,"67, avenue de l'Europe",Versailles,,78000,France,SQLServer,150.0,150.0,0.0,5.0,False,False,1602
10858,27,43.9,10.0,0.0,SQLServer,LACOR,2,1998-01-29 00:00:00,1998-02-26,1998-02-03,1.0,52.51,La corne d'abondance,"67, avenue de l'Europe",Versailles,,78000,France,SQLServer,439.0,439.0,0.0,5.0,False,False,1603
10858,70,15.0,4.0,0.0,SQLServer,LACOR,2,1998-01-29 00:00:00,1998-02-26,1998-02-03,1.0,52.51,La corne d'abondance,"67, avenue de l'Europe",Versailles,,78000,France,SQLServer,60.0,60.0,0.0,5.0,False,False,1604
10859,24,4.5,40.0,0.25,SQLServer,FRANK,1,1998-01-29 00:00:00,1998-02-26,1998-02-02,2.0,76.1,Frankenversand,Berliner Platz 43,München,,80805,Germany,SQLServer,135.0,180.0,45.0,4.0,False,False,1605
10859,54,7.45,35.0,0.25,SQLServer,FRANK,1,1998-01-29 00:00:00,1998-02-26,1998-02-02,2.0,76.1,Frankenversand,Berliner Platz 43,München,,80805,Germany,SQLServer,195.56,260.75,65.19,4.0,False,False,1606
10859,64,33.25,30.0,0.25,SQLServer,FRANK,1,1998-01-29 00:00:00,1998-02-26,1998-02-02,2.0,76.1,Frankenversand,Berliner Platz 43,München,,80805,Germany,SQLServer,748.12,997.5,249.38,4.0,False,False,1607
10860,51,53.0,3.0,0.0,SQLServer,FRANR,3,1998-01-29 00:00:00,1998-02-26,1998-02-04,3.0,19.26,France restauration,"54, rue Royale",Nantes,,44000,France,SQLServer,159.0,159.0,0.0,6.0,False,False,1608
10860,76,18.0,20.0,0.0,SQLServer,FRANR,3,1998-01-29 00:00:00,1998-02-26,1998-02-04,3.0,19.26,France restauration,"54, rue Royale",Nantes,,44000,France,SQLServer,360.0,360.0,0.0,6.0,False,False,1609
10861,17,39.0,42.0,0.0,SQLServer,WHITC,4,1998-01-30 00:00:00,1998-02-27,1998-02-17,2.0,14.93,White Clover Markets,1029 - 12th Ave. S.,Seattle,WA,98124,USA,SQLServer,1638.0,1638.0,0.0,18.0,False,False,1610
10861,18,62.5,20.0,0.0,SQLServer,WHITC,4,1998-01-30 00:00:00,1998-02-27,1998-02-17,2.0,14.93,White Clover Markets,1029 - 12th Ave. S.,Seattle,WA,98124,USA,SQLServer,1250.0,1250.0,0.0,18.0,False,False,1611
10861,21,10.0,40.0,0.0,SQLServer,WHITC,4,1998-01-30 00:00:00,1998-02-27,1998-02-17,2.0,14.93,White Clover Markets,1029 - 12th Ave. S.,Seattle,WA,98124,USA,SQLServer,400.0,400.0,0.0,18.0,False,False,1612
10861,33,2.5,35.0,0.0,SQLServer,WHITC,4,1998-01-30 00:00:00,1998-02-27,1998-02-17,2.0,14.93,White Clover Markets,1029 - 12th Ave. S.,Seattle,WA,98124,USA,SQLServer,87.5,87.5,0.0,18.0,False,False,1613
10861,62,49.3,3.0,0.0,SQLServer,WHITC,4,1998-01-30 00:00:00,1998-02-27,1998-02-17,2.0,14.93,White Clover Markets,1029 - 12th Ave. S.,Seattle,WA,98124,USA,SQLServer,147.9,147.9,0.0,18.0,False,False,1614
10862,11,21.0,25.0,0.0,SQLServer,LEHMS,8,1998-01-30 00:00:00,1998-03-13,1998-02-02,2.0,53.23,Lehmanns Marktstand,Magazinweg 7,Frankfurt a.M.,,60528,Germany,SQLServer,525.0,525.0,0.0,3.0,False,False,1615
10862,52,7.0,8.0,0.0,SQLServer,LEHMS,8,1998-01-30 00:00:00,1998-03-13,1998-02-02,2.0,53.23,Lehmanns Marktstand,Magazinweg 7,Frankfurt a.M.,,60528,Germany,SQLServer,56.0,56.0,0.0,3.0,False,False,1616
10863,1,18.0,20.0,0.15000000596046448,SQLServer,HILAA,4,1998-02-02 00:00:00,1998-03-02,1998-02-17,2.0,30.26,HILARION-Abastos,Carrera 22 con Ave. Carlos Soublette #8-35,San Cristóbal,Táchira,5022,Venezuela,SQLServer,306.0,360.0,54.0,15.0,False,False,1617
10863,58,13.25,12.0,0.15000000596046448,SQLServer,HILAA,4,1998-02-02 00:00:00,1998-03-02,1998-02-17,2.0,30.26,HILARION-Abastos,Carrera 22 con Ave. Carlos Soublette #8-35,San Cristóbal,Táchira,5022,Venezuela,SQLServer,135.15,159.0,23.85,15.0,False,False,1618
10864,35,18.0,4.0,0.0,SQLServer,AROUT,4,1998-02-02 00:00:00,1998-03-02,1998-02-09,2.0,3.04,Around the Horn,Brook Farm Stratford St. Mary,Colchester,Essex,CO7 6JX,UK,SQLServer,72.0,72.0,0.0,7.0,False,False,1619
10864,67,14.0,15.0,0.0,SQLServer,AROUT,4,1998-02-02 00:00:00,1998-03-02,1998-02-09,2.0,3.04,Around the Horn,Brook Farm Stratford St. Mary,Colchester,Essex,CO7 6JX,UK,SQLServer,210.0,210.0,0.0,7.0,False,False,1620
10865,38,263.5,60.0,0.05000000074505806,SQLServer,QUICK,2,1998-02-02 00:00:00,1998-02-16,1998-02-12,1.0,348.14,QUICK-Stop,Taucherstraße 10,Cunewalde,,01307,Germany,SQLServer,15019.5,15810.0,790.5,10.0,False,False,1621
10865,39,18.0,80.0,0.05000000074505806,SQLServer,QUICK,2,1998-02-02 00:00:00,1998-02-16,1998-02-12,1.0,348.14,QUICK-Stop,Taucherstraße 10,Cunewalde,,01307,Germany,SQLServer,1368.0,1440.0,72.0,10.0,False,False,1622
10866,2,19.0,21.0,0.25,SQLServer,BERGS,5,1998-02-03 00:00:00,1998-03-03,1998-02-12,1.0,109.11,Berglunds snabbköp,Berguvsvägen  8,Luleå,,S-958 22,Sweden,SQLServer,299.25,399.0,99.75,9.0,False,False,1623
10866,24,4.5,6.0,0.25,SQLServer,BERGS,5,1998-02-03 00:00:00,1998-03-03,1998-02-12,1.0,109.11,Berglunds snabbköp,Berguvsvägen  8,Luleå,,S-958 22,Sweden,SQLServer,20.25,27.0,6.75,9.0,False,False,1624
10866,30,25.89,40.0,0.25,SQLServer,BERGS,5,1998-02-03 00:00:00,1998-03-03,1998-02-12,1.0,109.11,Berglunds snabbköp,Berguvsvägen  8,Luleå,,S-958 22,Sweden,SQLServer,776.7,1035.6,258.9,9.0,False,False,1625
10867,53,32.8,3.0,0.0,SQLServer,LONEP,6,1998-02-03 00:00:00,1998-03-17,1998-02-11,1.0,1.93,Lonesome Pine Restaurant,89 Chiaroscuro Rd.,Portland,OR,97219,USA,SQLServer,98.4,98.4,0.0,8.0,False,False,1626
10868,26,31.23,20.0,0.0,SQLServer,QUEEN,7,1998-02-04 00:00:00,1998-03-04,1998-02-23,2.0,191.27,Queen Cozinha,"Alameda dos Canàrios, 891",Sao Paulo,SP,05487-020,Brazil,SQLServer,624.6,624.6,0.0,19.0,False,False,1627
10868,35,18.0,30.0,0.0,SQLServer,QUEEN,7,1998-02-04 00:00:00,1998-03-04,1998-02-23,2.0,191.27,Queen Cozinha,"Alameda dos Canàrios, 891",Sao Paulo,SP,05487-020,Brazil,SQLServer,540.0,540.0,0.0,19.0,False,False,1628
10868,49,20.0,42.0,0.10000000149011612,SQLServer,QUEEN,7,1998-02-04 00:00:00,1998-03-04,1998-02-23,2.0,191.27,Queen Cozinha,"Alameda dos Canàrios, 891",Sao Paulo,SP,05487-020,Brazil,SQLServer,756.0,840.0,84.0,19.0,False,False,1629
10869,1,18.0,40.0,0.0,SQLServer,SEVES,5,1998-02-04 00:00:00,1998-03-04,1998-02-09,1.0,143.28,Seven Seas Imports,90 Wadhurst Rd.,London,,OX15 4NB,UK,SQLServer,720.0,720.0,0.0,5.0,False,False,1630
10869,11,21.0,10.0,0.0,SQLServer,SEVES,5,1998-02-04 00:00:00,1998-03-04,1998-02-09,1.0,143.28,Seven Seas Imports,90 Wadhurst Rd.,London,,OX15 4NB,UK,SQLServer,210.0,210.0,0.0,5.0,False,False,1631
10869,23,9.0,50.0,0.0,SQLServer,SEVES,5,1998-02-04 00:00:00,1998-03-04,1998-02-09,1.0,143.28,Seven Seas Imports,90 Wadhurst Rd.,London,,OX15 4NB,UK,SQLServer,450.0,450.0,0.0,5.0,False,False,1632
10869,68,12.5,20.0,0.0,SQLServer,SEVES,5,1998-02-04 00:00:00,1998-03-04,1998-02-09,1.0,143.28,Seven Seas Imports,90 Wadhurst Rd.,London,,OX15 4NB,UK,SQLServer,250.0,250.0,0.0,5.0,False,False,1633
10870,35,18.0,3.0,0.0,SQLServer,WOLZA,5,1998-02-04 00:00:00,1998-03-04,1998-02-13,3.0,12.04,Wolski Zajazd,ul. Filtrowa 68,Warszawa,,01-012,Poland,SQLServer,54.0,54.0,0.0,9.0,False,False,1634
10870,51,53.0,2.0,0.0,SQLServer,WOLZA,5,1998-02-04 00:00:00,1998-03-04,1998-02-13,3.0,12.04,Wolski Zajazd,ul. Filtrowa 68,Warszawa,,01-012,Poland,SQLServer,106.0,106.0,0.0,9.0,False,False,1635
10871,6,25.0,50.0,0.05000000074505806,SQLServer,BONAP,9,1998-02-05 00:00:00,1998-03-05,1998-02-10,2.0,112.27,Bon app',"12, rue des Bouchers",Marseille,,13008,France,SQLServer,1187.5,1250.0,62.5,5.0,False,False,1636
10871,16,17.45,12.0,0.05000000074505806,SQLServer,BONAP,9,1998-02-05 00:00:00,1998-03-05,1998-02-10,2.0,112.27,Bon app',"12, rue des Bouchers",Marseille,,13008,France,SQLServer,198.93,209.4,10.47,5.0,False,False,1637
10871,17,39.0,16.0,0.05000000074505806,SQLServer,BONAP,9,1998-02-05 00:00:00,1998-03-05,1998-02-10,2.0,112.27,Bon app',"12, rue des Bouchers",Marseille,,13008,France,SQLServer,592.8,624.0,31.2,5.0,False,False,1638
10872,55,24.0,10.0,0.05000000074505806,SQLServer,GODOS,5,1998-02-05 00:00:00,1998-03-05,1998-02-09,2.0,175.32,Godos Cocina Típica,"C/ Romero, 33",Sevilla,,41101,Spain,SQLServer,228.0,240.0,12.0,4.0,False,False,1639
10872,62,49.3,20.0,0.05000000074505806,SQLServer,GODOS,5,1998-02-05 00:00:00,1998-03-05,1998-02-09,2.0,175.32,Godos Cocina Típica,"C/ Romero, 33",Sevilla,,41101,Spain,SQLServer,936.7,986.0,49.3,4.0,False,False,1640
10872,64,33.25,15.0,0.05000000074505806,SQLServer,GODOS,5,1998-02-05 00:00:00,1998-03-05,1998-02-09,2.0,175.32,Godos Cocina Típica,"C/ Romero, 33",Sevilla,,41101,Spain,SQLServer,473.81,498.75,24.94,4.0,False,False,1641
10872,65,21.05,21.0,0.05000000074505806,SQLServer,GODOS,5,1998-02-05 00:00:00,1998-03-05,1998-02-09,2.0,175.32,Godos Cocina Típica,"C/ Romero, 33",Sevilla,,41101,Spain,SQLServer,419.95,442.05,22.1,4.0,False,False,1642
10873,21,10.0,20.0,0.0,SQLServer,WILMK,4,1998-02-06 00:00:00,1998-03-06,1998-02-09,1.0,0.82,Wilman Kala,Keskuskatu 45,Helsinki,,21240,Finland,SQLServer,200.0,200.0,0.0,3.0,False,False,1643
10873,28,45.6,3.0,0.0,SQLServer,WILMK,4,1998-02-06 00:00:00,1998-03-06,1998-02-09,1.0,0.82,Wilman Kala,Keskuskatu 45,Helsinki,,21240,Finland,SQLServer,136.8,136.8,0.0,3.0,False,False,1644
10874,10,31.0,10.0,0.0,SQLServer,GODOS,5,1998-02-06 00:00:00,1998-03-06,1998-02-11,2.0,19.58,Godos Cocina Típica,"C/ Romero, 33",Sevilla,,41101,Spain,SQLServer,310.0,310.0,0.0,5.0,False,False,1645
10875,19,9.2,25.0,0.0,SQLServer,BERGS,4,1998-02-06 00:00:00,1998-03-06,1998-03-03,2.0,32.37,Berglunds snabbköp,Berguvsvägen  8,Luleå,,S-958 22,Sweden,SQLServer,230.0,230.0,0.0,25.0,False,False,1646
10875,47,9.5,21.0,0.10000000149011612,SQLServer,BERGS,4,1998-02-06 00:00:00,1998-03-06,1998-03-03,2.0,32.37,Berglunds snabbköp,Berguvsvägen  8,Luleå,,S-958 22,Sweden,SQLServer,179.55,199.5,19.95,25.0,False,False,1647
10875,49,20.0,15.0,0.0,SQLServer,BERGS,4,1998-02-06 00:00:00,1998-03-06,1998-03-03,2.0,32.37,Berglunds snabbköp,Berguvsvägen  8,Luleå,,S-958 22,Sweden,SQLServer,300.0,300.0,0.0,25.0,False,False,1648
10876,46,12.0,21.0,0.0,SQLServer,BONAP,7,1998-02-09 00:00:00,1998-03-09,1998-02-12,3.0,60.42,Bon app',"12, rue des Bouchers",Marseille,,13008,France,SQLServer,252.0,252.0,0.0,3.0,False,False,1649
10876,64,33.25,20.0,0.0,SQLServer,BONAP,7,1998-02-09 00:00:00,1998-03-09,1998-02-12,3.0,60.42,Bon app',"12, rue des Bouchers",Marseille,,13008,France,SQLServer,665.0,665.0,0.0,3.0,False,False,1650
10877,16,17.45,30.0,0.25,SQLServer,RICAR,1,1998-02-09 00:00:00,1998-03-09,1998-02-19,1.0,38.06,Ricardo Adocicados,"Av. Copacabana, 267",Rio de Janeiro,RJ,02389-890,Brazil,SQLServer,392.62,523.5,130.88,10.0,False,False,1651
10877,18,62.5,25.0,0.0,SQLServer,RICAR,1,1998-02-09 00:00:00,1998-03-09,1998-02-19,1.0,38.06,Ricardo Adocicados,"Av. Copacabana, 267",Rio de Janeiro,RJ,02389-890,Brazil,SQLServer,1562.5,1562.5,0.0,10.0,False,False,1652
10878,20,81.0,20.0,0.05000000074505806,SQLServer,QUICK,4,1998-02-10 00:00:00,1998-03-10,1998-02-12,1.0,46.69,QUICK-Stop,Taucherstraße 10,Cunewalde,,01307,Germany,SQLServer,1539.0,1620.0,81.0,2.0,False,False,1653
10879,40,18.4,12.0,0.0,SQLServer,WILMK,3,1998-02-10 00:00:00,1998-03-10,1998-02-12,3.0,8.5,Wilman Kala,Keskuskatu 45,Helsinki,,21240,Finland,SQLServer,220.8,220.8,0.0,2.0,False,False,1654
10879,65,21.05,10.0,0.0,SQLServer,WILMK,3,1998-02-10 00:00:00,1998-03-10,1998-02-12,3.0,8.5,Wilman Kala,Keskuskatu 45,Helsinki,,21240,Finland,SQLServer,210.5,210.5,0.0,2.0,False,False,1655
10879,76,18.0,10.0,0.0,SQLServer,WILMK,3,1998-02-10 00:00:00,1998-03-10,1998-02-12,3.0,8.5,Wilman Kala,Keskuskatu 45,Helsinki,,21240,Finland,SQLServer,180.0,180.0,0.0,2.0,False,False,1656
10880,23,9.0,30.0,0.20000000298023224,SQLServer,FOLKO,7,1998-02-10 00:00:00,1998-03-24,1998-02-18,1.0,88.01,Folk och fä HB,Åkergatan 24,Bräcke,,S-844 67,Sweden,SQLServer,216.0,270.0,54.0,8.0,False,False,1657
10880,61,28.5,30.0,0.20000000298023224,SQLServer,FOLKO,7,1998-02-10 00:00:00,1998-03-24,1998-02-18,1.0,88.01,Folk och fä HB,Åkergatan 24,Bräcke,,S-844 67,Sweden,SQLServer,684.0,855.0,171.0,8.0,False,False,1658
10880,70,15.0,50.0,0.20000000298023224,SQLServer,FOLKO,7,1998-02-10 00:00:00,1998-03-24,1998-02-18,1.0,88.01,Folk och fä HB,Åkergatan 24,Bräcke,,S-844 67,Sweden,SQLServer,600.0,750.0,150.0,8.0,False,False,1659
10881,73,15.0,10.0,0.0,SQLServer,CACTU,4,1998-02-11 00:00:00,1998-03-11,1998-02-18,1.0,2.84,Cactus Comidas para llevar,Cerrito 333,Buenos Aires,,1010,Argentina,SQLServer,150.0,150.0,0.0,7.0,False,False,1660
10882,42,14.0,25.0,0.0,SQLServer,SAVEA,4,1998-02-11 00:00:00,1998-03-11,1998-02-20,3.0,23.1,Save-a-lot Markets,187 Suffolk Ln.,Boise,ID,83720,USA,SQLServer,350.0,350.0,0.0,9.0,False,False,1661
10882,49,20.0,20.0,0.15000000596046448,SQLServer,SAVEA,4,1998-02-11 00:00:00,1998-03-11,1998-02-20,3.0,23.1,Save-a-lot Markets,187 Suffolk Ln.,Boise,ID,83720,USA,SQLServer,340.0,400.0,60.0,9.0,False,False,1662
10882,54,7.45,32.0,0.15000000596046448,SQLServer,SAVEA,4,1998-02-11 00:00:00,1998-03-11,1998-02-20,3.0,23.1,Save-a-lot Markets,187 Suffolk Ln.,Boise,ID,83720,USA,SQLServer,202.64,238.4,35.76,9.0,False,False,1663
10883,24,4.5,8.0,0.0,SQLServer,LONEP,8,1998-02-12 00:00:00,1998-03-12,1998-02-20,3.0,0.53,Lonesome Pine Restaurant,89 Chiaroscuro Rd.,Portland,OR,97219,USA,SQLServer,36.0,36.0,0.0,8.0,False,False,1664
10884,21,10.0,40.0,0.05000000074505806,SQLServer,LETSS,4,1998-02-12 00:00:00,1998-03-12,1998-02-13,2.0,90.97,Let's Stop N Shop,87 Polk St. Suite 5,San Francisco,CA,94117,USA,SQLServer,380.0,400.0,20.0,1.0,False,False,1665
10884,56,38.0,21.0,0.05000000074505806,SQLServer,LETSS,4,1998-02-12 00:00:00,1998-03-12,1998-02-13,2.0,90.97,Let's Stop N Shop,87 Polk St. Suite 5,San Francisco,CA,94117,USA,SQLServer,758.1,798.0,39.9,1.0,False,False,1666
10884,65,21.05,12.0,0.05000000074505806,SQLServer,LETSS,4,1998-02-12 00:00:00,1998-03-12,1998-02-13,2.0,90.97,Let's Stop N Shop,87 Polk St. Suite 5,San Francisco,CA,94117,USA,SQLServer,239.97,252.6,12.63,1.0,False,False,1667
10885,2,19.0,20.0,0.0,SQLServer,SUPRD,6,1998-02-12 00:00:00,1998-03-12,1998-02-18,3.0,5.64,Suprêmes délices,"Boulevard Tirou, 255",Charleroi,,B-6000,Belgium,SQLServer,380.0,380.0,0.0,6.0,False,False,1668
10885,24,4.5,12.0,0.0,SQLServer,SUPRD,6,1998-02-12 00:00:00,1998-03-12,1998-02-18,3.0,5.64,Suprêmes délices,"Boulevard Tirou, 255",Charleroi,,B-6000,Belgium,SQLServer,54.0,54.0,0.0,6.0,False,False,1669
10885,70,15.0,30.0,0.0,SQLServer,SUPRD,6,1998-02-12 00:00:00,1998-03-12,1998-02-18,3.0,5.64,Suprêmes délices,"Boulevard Tirou, 255",Charleroi,,B-6000,Belgium,SQLServer,450.0,450.0,0.0,6.0,False,False,1670
10885,77,13.0,25.0,0.0,SQLServer,SUPRD,6,1998-02-12 00:00:00,1998-03-12,1998-02-18,3.0,5.64,Suprêmes délices,"Boulevard Tirou, 255",Charleroi,,B-6000,Belgium,SQLServer,325.0,325.0,0.0,6.0,False,False,1671
10886,10,31.0,70.0,0.0,SQLServer,HANAR,1,1998-02-13 00:00:00,1998-03-13,1998-03-02,1.0,4.99,Hanari Carnes,"Rua do Paço, 67",Rio de Janeiro,RJ,05454-876,Brazil,SQLServer,2170.0,2170.0,0.0,17.0,False,False,1672
10886,31,12.5,35.0,0.0,SQLServer,HANAR,1,1998-02-13 00:00:00,1998-03-13,1998-03-02,1.0,4.99,Hanari Carnes,"Rua do Paço, 67",Rio de Janeiro,RJ,05454-876,Brazil,SQLServer,437.5,437.5,0.0,17.0,False,False,1673
10886,77,13.0,40.0,0.0,SQLServer,HANAR,1,1998-02-13 00:00:00,1998-03-13,1998-03-02,1.0,4.99,Hanari Carnes,"Rua do Paço, 67",Rio de Janeiro,RJ,05454-876,Brazil,SQLServer,520.0,520.0,0.0,17.0,False,False,1674
10887,25,14.0,5.0,0.0,SQLServer,GALED,8,1998-02-13 00:00:00,1998-03-13,1998-02-16,3.0,1.25,Galería del gastronómo,"Rambla de Cataluña, 23",Barcelona,,8022,Spain,SQLServer,70.0,70.0,0.0,3.0,False,False,1675
10888,2,19.0,20.0,0.0,SQLServer,GODOS,1,1998-02-16 00:00:00,1998-03-16,1998-02-23,2.0,51.87,Godos Cocina Típica,"C/ Romero, 33",Sevilla,,41101,Spain,SQLServer,380.0,380.0,0.0,7.0,False,False,1676
10888,68,12.5,18.0,0.0,SQLServer,GODOS,1,1998-02-16 00:00:00,1998-03-16,1998-02-23,2.0,51.87,Godos Cocina Típica,"C/ Romero, 33",Sevilla,,41101,Spain,SQLServer,225.0,225.0,0.0,7.0,False,False,1677
10889,11,21.0,40.0,0.0,SQLServer,RATTC,9,1998-02-16 00:00:00,1998-03-16,1998-02-23,3.0,280.61,Rattlesnake Canyon Grocery,2817 Milton Dr.,Albuquerque,NM,87110,USA,SQLServer,840.0,840.0,0.0,7.0,False,False,1678
10889,38,263.5,40.0,0.0,SQLServer,RATTC,9,1998-02-16 00:00:00,1998-03-16,1998-02-23,3.0,280.61,Rattlesnake Canyon Grocery,2817 Milton Dr.,Albuquerque,NM,87110,USA,SQLServer,10540.0,10540.0,0.0,7.0,False,False,1679
10890,17,39.0,15.0,0.0,SQLServer,DUMON,7,1998-02-16 00:00:00,1998-03-16,1998-02-18,1.0,32.76,Du monde entier,"67, rue des Cinquante Otages",Nantes,,44000,France,SQLServer,585.0,585.0,0.0,2.0,False,False,1680
10890,34,14.0,10.0,0.0,SQLServer,DUMON,7,1998-02-16 00:00:00,1998-03-16,1998-02-18,1.0,32.76,Du monde entier,"67, rue des Cinquante Otages",Nantes,,44000,France,SQLServer,140.0,140.0,0.0,2.0,False,False,1681
10890,41,9.65,14.0,0.0,SQLServer,DUMON,7,1998-02-16 00:00:00,1998-03-16,1998-02-18,1.0,32.76,Du monde entier,"67, rue des Cinquante Otages",Nantes,,44000,France,SQLServer,135.1,135.1,0.0,2.0,False,False,1682
10891,30,25.89,15.0,0.05000000074505806,SQLServer,LEHMS,7,1998-02-17 00:00:00,1998-03-17,1998-02-19,2.0,20.37,Lehmanns Marktstand,Magazinweg 7,Frankfurt a.M.,,60528,Germany,SQLServer,368.93,388.35,19.42,2.0,False,False,1683
10892,59,55.0,40.0,0.05000000074505806,SQLServer,MAISD,4,1998-02-17 00:00:00,1998-03-17,1998-02-19,2.0,120.27,Maison Dewey,Rue Joseph-Bens 532,Bruxelles,,B-1180,Belgium,SQLServer,2090.0,2200.0,110.0,2.0,False,False,1684
10893,8,40.0,30.0,0.0,SQLServer,KOENE,9,1998-02-18 00:00:00,1998-03-18,1998-02-20,2.0,77.78,Königlich Essen,Maubelstr. 90,Brandenburg,,14776,Germany,SQLServer,1200.0,1200.0,0.0,2.0,False,False,1685
10893,24,4.5,10.0,0.0,SQLServer,KOENE,9,1998-02-18 00:00:00,1998-03-18,1998-02-20,2.0,77.78,Königlich Essen,Maubelstr. 90,Brandenburg,,14776,Germany,SQLServer,45.0,45.0,0.0,2.0,False,False,1686
10893,29,123.79,24.0,0.0,SQLServer,KOENE,9,1998-02-18 00:00:00,1998-03-18,1998-02-20,2.0,77.78,Königlich Essen,Maubelstr. 90,Brandenburg,,14776,Germany,SQLServer,2970.96,2970.96,0.0,2.0,False,False,1687
10893,30,25.89,35.0,0.0,SQLServer,KOENE,9,1998-02-18 00:00:00,1998-03-18,1998-02-20,2.0,77.78,Königlich Essen,Maubelstr. 90,Brandenburg,,14776,Germany,SQLServer,906.15,906.15,0.0,2.0,False,False,1688
10893,36,19.0,20.0,0.0,SQLServer,KOENE,9,1998-02-18 00:00:00,1998-03-18,1998-02-20,2.0,77.78,Königlich Essen,Maubelstr. 90,Brandenburg,,14776,Germany,SQLServer,380.0,380.0,0.0,2.0,False,False,1689
10894,13,6.0,28.0,0.05000000074505806,SQLServer,SAVEA,1,1998-02-18 00:00:00,1998-03-18,1998-02-20,1.0,116.13,Save-a-lot Markets,187 Suffolk Ln.,Boise,ID,83720,USA,SQLServer,159.6,168.0,8.4,2.0,False,False,1690
10894,69,36.0,50.0,0.05000000074505806,SQLServer,SAVEA,1,1998-02-18 00:00:00,1998-03-18,1998-02-20,1.0,116.13,Save-a-lot Markets,187 Suffolk Ln.,Boise,ID,83720,USA,SQLServer,1710.0,1800.0,90.0,2.0,False,False,1691
10894,75,7.75,120.0,0.05000000074505806,SQLServer,SAVEA,1,1998-02-18 00:00:00,1998-03-18,1998-02-20,1.0,116.13,Save-a-lot Markets,187 Suffolk Ln.,Boise,ID,83720,USA,SQLServer,883.5,930.0,46.5,2.0,False,False,1692
10895,24,4.5,110.0,0.0,SQLServer,ERNSH,3,1998-02-18 00:00:00,1998-03-18,1998-02-23,1.0,162.75,Ernst Handel,Kirchgasse 6,Graz,,8010,Austria,SQLServer,495.0,495.0,0.0,5.0,False,False,1693
10895,39,18.0,45.0,0.0,SQLServer,ERNSH,3,1998-02-18 00:00:00,1998-03-18,1998-02-23,1.0,162.75,Ernst Handel,Kirchgasse 6,Graz,,8010,Austria,SQLServer,810.0,810.0,0.0,5.0,False,False,1694
10895,40,18.4,91.0,0.0,SQLServer,ERNSH,3,1998-02-18 00:00:00,1998-03-18,1998-02-23,1.0,162.75,Ernst Handel,Kirchgasse 6,Graz,,8010,Austria,SQLServer,1674.4,1674.4,0.0,5.0,False,False,1695
10895,60,34.0,100.0,0.0,SQLServer,ERNSH,3,1998-02-18 00:00:00,1998-03-18,1998-02-23,1.0,162.75,Ernst Handel,Kirchgasse 6,Graz,,8010,Austria,SQLServer,3400.0,3400.0,0.0,5.0,False,False,1696
10896,45,9.5,15.0,0.0,SQLServer,MAISD,7,1998-02-19 00:00:00,1998-03-19,1998-02-27,3.0,32.45,Maison Dewey,Rue Joseph-Bens 532,Bruxelles,,B-1180,Belgium,SQLServer,142.5,142.5,0.0,8.0,False,False,1697
10896,56,38.0,16.0,0.0,SQLServer,MAISD,7,1998-02-19 00:00:00,1998-03-19,1998-02-27,3.0,32.45,Maison Dewey,Rue Joseph-Bens 532,Bruxelles,,B-1180,Belgium,SQLServer,608.0,608.0,0.0,8.0,False,False,1698
10897,29,123.79,80.0,0.0,SQLServer,HUNGO,3,1998-02-19 00:00:00,1998-03-19,1998-02-25,2.0,603.54,Hungry Owl All-Night Grocers,8 Johnstown Road,Cork,Co. Cork,,Ireland,SQLServer,9903.2,9903.2,0.0,6.0,False,True,1699
10897,30,25.89,36.0,0.0,SQLServer,HUNGO,3,1998-02-19 00:00:00,1998-03-19,1998-02-25,2.0,603.54,Hungry Owl All-Night Grocers,8 Johnstown Road,Cork,Co. Cork,,Ireland,SQLServer,932.04,932.04,0.0,6.0,False,True,1700
10898,13,6.0,5.0,0.0,SQLServer,OCEAN,4,1998-02-20 00:00:00,1998-03-20,1998-03-06,2.0,1.27,Océano Atlántico Ltda.,Ing. Gustavo Moncada 8585 Piso 20-A,Buenos Aires,,1010,Argentina,SQLServer,30.0,30.0,0.0,14.0,False,False,1701
10899,39,18.0,8.0,0.15000000596046448,SQLServer,LILAS,5,1998-02-20 00:00:00,1998-03-20,1998-02-26,3.0,1.21,LILA-Supermercado,Carrera 52 con Ave. Bolívar #65-98 Llano Largo,Barquisimeto,Lara,3508,Venezuela,SQLServer,122.4,144.0,21.6,6.0,False,False,1702
10900,70,15.0,3.0,0.25,SQLServer,WELLI,1,1998-02-20 00:00:00,1998-03-20,1998-03-04,2.0,1.66,Wellington Importadora,"Rua do Mercado, 12",Resende,SP,08737-363,Brazil,SQLServer,33.75,45.0,11.25,12.0,False,False,1703
10901,41,9.65,30.0,0.0,SQLServer,HILAA,4,1998-02-23 00:00:00,1998-03-23,1998-02-26,1.0,62.09,HILARION-Abastos,Carrera 22 con Ave. Carlos Soublette #8-35,San Cristóbal,Táchira,5022,Venezuela,SQLServer,289.5,289.5,0.0,3.0,False,False,1704
10901,71,21.5,30.0,0.0,SQLServer,HILAA,4,1998-02-23 00:00:00,1998-03-23,1998-02-26,1.0,62.09,HILARION-Abastos,Carrera 22 con Ave. Carlos Soublette #8-35,San Cristóbal,Táchira,5022,Venezuela,SQLServer,645.0,645.0,0.0,3.0,False,False,1705
10902,55,24.0,30.0,0.15000000596046448,SQLServer,FOLKO,1,1998-02-23 00:00:00,1998-03-23,1998-03-03,1.0,44.15,Folk och fä HB,Åkergatan 24,Bräcke,,S-844 67,Sweden,SQLServer,612.0,720.0,108.0,8.0,False,False,1706
10902,62,49.3,6.0,0.15000000596046448,SQLServer,FOLKO,1,1998-02-23 00:00:00,1998-03-23,1998-03-03,1.0,44.15,Folk och fä HB,Åkergatan 24,Bräcke,,S-844 67,Sweden,SQLServer,251.43,295.8,44.37,8.0,False,False,1707
10903,13,6.0,40.0,0.0,SQLServer,HANAR,3,1998-02-24 00:00:00,1998-03-24,1998-03-04,3.0,36.71,Hanari Carnes,"Rua do Paço, 67",Rio de Janeiro,RJ,05454-876,Brazil,SQLServer,240.0,240.0,0.0,8.0,False,False,1708
10903,65,21.05,21.0,0.0,SQLServer,HANAR,3,1998-02-24 00:00:00,1998-03-24,1998-03-04,3.0,36.71,Hanari Carnes,"Rua do Paço, 67",Rio de Janeiro,RJ,05454-876,Brazil,SQLServer,442.05,442.05,0.0,8.0,False,False,1709
10903,68,12.5,20.0,0.0,SQLServer,HANAR,3,1998-02-24 00:00:00,1998-03-24,1998-03-04,3.0,36.71,Hanari Carnes,"Rua do Paço, 67",Rio de Janeiro,RJ,05454-876,Brazil,SQLServer,250.0,250.0,0.0,8.0,False,False,1710
10904,58,13.25,15.0,0.0,SQLServer,WHITC,3,1998-02-24 00:00:00,1998-03-24,1998-02-27,3.0,162.95,White Clover Markets,1029 - 12th Ave. S.,Seattle,WA,98124,USA,SQLServer,198.75,198.75,0.0,3.0,False,False,1711
10904,62,49.3,35.0,0.0,SQLServer,WHITC,3,1998-02-24 00:00:00,1998-03-24,1998-02-27,3.0,162.95,White Clover Markets,1029 - 12th Ave. S.,Seattle,WA,98124,USA,SQLServer,1725.5,1725.5,0.0,3.0,False,False,1712
10905,1,18.0,20.0,0.05000000074505806,SQLServer,WELLI,9,1998-02-24 00:00:00,1998-03-24,1998-03-06,2.0,13.72,Wellington Importadora,"Rua do Mercado, 12",Resende,SP,08737-363,Brazil,SQLServer,342.0,360.0,18.0,10.0,False,False,1713
10906,61,28.5,15.0,0.0,SQLServer,WOLZA,4,1998-02-25 00:00:00,1998-03-11,1998-03-03,3.0,26.29,Wolski Zajazd,ul. Filtrowa 68,Warszawa,,01-012,Poland,SQLServer,427.5,427.5,0.0,6.0,False,False,1714
10907,75,7.75,14.0,0.0,SQLServer,SPECD,6,1998-02-25 00:00:00,1998-03-25,1998-02-27,3.0,9.19,Spécialités du monde,"25, rue Lauriston",Paris,,75016,France,SQLServer,108.5,108.5,0.0,2.0,False,False,1715
10908,7,30.0,20.0,0.05000000074505806,SQLServer,REGGC,4,1998-02-26 00:00:00,1998-03-26,1998-03-06,2.0,32.96,Reggiani Caseifici,Strada Provinciale 124,Reggio Emilia,,42100,Italy,SQLServer,570.0,600.0,30.0,8.0,False,False,1716
10908,52,7.0,14.0,0.05000000074505806,SQLServer,REGGC,4,1998-02-26 00:00:00,1998-03-26,1998-03-06,2.0,32.96,Reggiani Caseifici,Strada Provinciale 124,Reggio Emilia,,42100,Italy,SQLServer,93.1,98.0,4.9,8.0,False,False,1717
10909,7,30.0,12.0,0.0,SQLServer,SANTG,1,1998-02-26 00:00:00,1998-03-26,1998-03-10,2.0,53.05,Santé Gourmet,Erling Skakkes gate 78,Stavern,,4110,Norway,SQLServer,360.0,360.0,0.0,12.0,False,False,1718
10909,16,17.45,15.0,0.0,SQLServer,SANTG,1,1998-02-26 00:00:00,1998-03-26,1998-03-10,2.0,53.05,Santé Gourmet,Erling Skakkes gate 78,Stavern,,4110,Norway,SQLServer,261.75,261.75,0.0,12.0,False,False,1719
10909,41,9.65,5.0,0.0,SQLServer,SANTG,1,1998-02-26 00:00:00,1998-03-26,1998-03-10,2.0,53.05,Santé Gourmet,Erling Skakkes gate 78,Stavern,,4110,Norway,SQLServer,48.25,48.25,0.0,12.0,False,False,1720
10910,19,9.2,12.0,0.0,SQLServer,WILMK,1,1998-02-26 00:00:00,1998-03-26,1998-03-04,3.0,38.11,Wilman Kala,Keskuskatu 45,Helsinki,,21240,Finland,SQLServer,110.4,110.4,0.0,6.0,False,False,1721
10910,49,20.0,10.0,0.0,SQLServer,WILMK,1,1998-02-26 00:00:00,1998-03-26,1998-03-04,3.0,38.11,Wilman Kala,Keskuskatu 45,Helsinki,,21240,Finland,SQLServer,200.0,200.0,0.0,6.0,False,False,1722
10910,61,28.5,5.0,0.0,SQLServer,WILMK,1,1998-02-26 00:00:00,1998-03-26,1998-03-04,3.0,38.11,Wilman Kala,Keskuskatu 45,Helsinki,,21240,Finland,SQLServer,142.5,142.5,0.0,6.0,False,False,1723
10911,1,18.0,10.0,0.0,SQLServer,GODOS,3,1998-02-26 00:00:00,1998-03-26,1998-03-05,1.0,38.19,Godos Cocina Típica,"C/ Romero, 33",Sevilla,,41101,Spain,SQLServer,180.0,180.0,0.0,7.0,False,False,1724
10911,17,39.0,12.0,0.0,SQLServer,GODOS,3,1998-02-26 00:00:00,1998-03-26,1998-03-05,1.0,38.19,Godos Cocina Típica,"C/ Romero, 33",Sevilla,,41101,Spain,SQLServer,468.0,468.0,0.0,7.0,False,False,1725
10911,67,14.0,15.0,0.0,SQLServer,GODOS,3,1998-02-26 00:00:00,1998-03-26,1998-03-05,1.0,38.19,Godos Cocina Típica,"C/ Romero, 33",Sevilla,,41101,Spain,SQLServer,210.0,210.0,0.0,7.0,False,False,1726
10912,11,21.0,40.0,0.25,SQLServer,HUNGO,2,1998-02-26 00:00:00,1998-03-26,1998-03-18,2.0,580.91,Hungry Owl All-Night Grocers,8 Johnstown Road,Cork,Co. Cork,,Ireland,SQLServer,630.0,840.0,210.0,20.0,False,True,1727
10912,29,123.79,60.0,0.25,SQLServer,HUNGO,2,1998-02-26 00:00:00,1998-03-26,1998-03-18,2.0,580.91,Hungry Owl All-Night Grocers,8 Johnstown Road,Cork,Co. Cork,,Ireland,SQLServer,5570.55,7427.4,1856.85,20.0,False,True,1728
10913,4,22.0,30.0,0.25,SQLServer,QUEEN,4,1998-02-26 00:00:00,1998-03-26,1998-03-04,1.0,33.05,Queen Cozinha,"Alameda dos Canàrios, 891",Sao Paulo,SP,05487-020,Brazil,SQLServer,495.0,660.0,165.0,6.0,False,False,1729
10913,33,2.5,40.0,0.25,SQLServer,QUEEN,4,1998-02-26 00:00:00,1998-03-26,1998-03-04,1.0,33.05,Queen Cozinha,"Alameda dos Canàrios, 891",Sao Paulo,SP,05487-020,Brazil,SQLServer,75.0,100.0,25.0,6.0,False,False,1730
10913,58,13.25,15.0,0.0,SQLServer,QUEEN,4,1998-02-26 00:00:00,1998-03-26,1998-03-04,1.0,33.05,Queen Cozinha,"Alameda dos Canàrios, 891",Sao Paulo,SP,05487-020,Brazil,SQLServer,198.75,198.75,0.0,6.0,False,False,1731
10914,71,21.5,25.0,0.0,SQLServer,QUEEN,6,1998-02-27 00:00:00,1998-03-27,1998-03-02,1.0,21.19,Queen Cozinha,"Alameda dos Canàrios, 891",Sao Paulo,SP,05487-020,Brazil,SQLServer,537.5,537.5,0.0,3.0,False,False,1732
10915,17,39.0,10.0,0.0,SQLServer,TORTU,2,1998-02-27 00:00:00,1998-03-27,1998-03-02,2.0,3.51,Tortuga Restaurante,Avda. Azteca 123,México D.F.,,05033,Mexico,SQLServer,390.0,390.0,0.0,3.0,False,False,1733
10915,33,2.5,30.0,0.0,SQLServer,TORTU,2,1998-02-27 00:00:00,1998-03-27,1998-03-02,2.0,3.51,Tortuga Restaurante,Avda. Azteca 123,México D.F.,,05033,Mexico,SQLServer,75.0,75.0,0.0,3.0,False,False,1734
10915,54,7.45,10.0,0.0,SQLServer,TORTU,2,1998-02-27 00:00:00,1998-03-27,1998-03-02,2.0,3.51,Tortuga Restaurante,Avda. Azteca 123,México D.F.,,05033,Mexico,SQLServer,74.5,74.5,0.0,3.0,False,False,1735
10916,16,17.45,6.0,0.0,SQLServer,RANCH,1,1998-02-27 00:00:00,1998-03-27,1998-03-09,2.0,63.77,Rancho grande,Av. del Libertador 900,Buenos Aires,,1010,Argentina,SQLServer,104.7,104.7,0.0,10.0,False,False,1736
10916,32,32.0,6.0,0.0,SQLServer,RANCH,1,1998-02-27 00:00:00,1998-03-27,1998-03-09,2.0,63.77,Rancho grande,Av. del Libertador 900,Buenos Aires,,1010,Argentina,SQLServer,192.0,192.0,0.0,10.0,False,False,1737
10916,57,19.5,20.0,0.0,SQLServer,RANCH,1,1998-02-27 00:00:00,1998-03-27,1998-03-09,2.0,63.77,Rancho grande,Av. del Libertador 900,Buenos Aires,,1010,Argentina,SQLServer,390.0,390.0,0.0,10.0,False,False,1738
10917,30,25.89,1.0,0.0,SQLServer,ROMEY,4,1998-03-02 00:00:00,1998-03-30,1998-03-11,2.0,8.29,Romero y tomillo,"Gran Vía, 1",Madrid,,28001,Spain,SQLServer,25.89,25.89,0.0,9.0,False,False,1739
10917,60,34.0,10.0,0.0,SQLServer,ROMEY,4,1998-03-02 00:00:00,1998-03-30,1998-03-11,2.0,8.29,Romero y tomillo,"Gran Vía, 1",Madrid,,28001,Spain,SQLServer,340.0,340.0,0.0,9.0,False,False,1740
10918,1,18.0,60.0,0.25,SQLServer,BOTTM,3,1998-03-02 00:00:00,1998-03-30,1998-03-11,3.0,48.83,Bottom-Dollar Markets,23 Tsawassen Blvd.,Tsawassen,BC,T2F 8M4,Canada,SQLServer,810.0,1080.0,270.0,9.0,False,False,1741
10918,60,34.0,25.0,0.25,SQLServer,BOTTM,3,1998-03-02 00:00:00,1998-03-30,1998-03-11,3.0,48.83,Bottom-Dollar Markets,23 Tsawassen Blvd.,Tsawassen,BC,T2F 8M4,Canada,SQLServer,637.5,850.0,212.5,9.0,False,False,1742
10919,16,17.45,24.0,0.0,SQLServer,LINOD,2,1998-03-02 00:00:00,1998-03-30,1998-03-04,2.0,19.8,LINO-Delicateses,Ave. 5 de Mayo Porlamar,I. de Margarita,Nueva Esparta,4980,Venezuela,SQLServer,418.8,418.8,0.0,2.0,False,False,1743
10919,25,14.0,24.0,0.0,SQLServer,LINOD,2,1998-03-02 00:00:00,1998-03-30,1998-03-04,2.0,19.8,LINO-Delicateses,Ave. 5 de Mayo Porlamar,I. de Margarita,Nueva Esparta,4980,Venezuela,SQLServer,336.0,336.0,0.0,2.0,False,False,1744
10919,40,18.4,20.0,0.0,SQLServer,LINOD,2,1998-03-02 00:00:00,1998-03-30,1998-03-04,2.0,19.8,LINO-Delicateses,Ave. 5 de Mayo Porlamar,I. de Margarita,Nueva Esparta,4980,Venezuela,SQLServer,368.0,368.0,0.0,2.0,False,False,1745
10920,50,16.25,24.0,0.0,SQLServer,AROUT,4,1998-03-03 00:00:00,1998-03-31,1998-03-09,2.0,29.61,Around the Horn,Brook Farm Stratford St. Mary,Colchester,Essex,CO7 6JX,UK,SQLServer,390.0,390.0,0.0,6.0,False,False,1746
10921,35,18.0,10.0,0.0,SQLServer,VAFFE,1,1998-03-03 00:00:00,1998-04-14,1998-03-09,1.0,176.48,Vaffeljernet,Smagsloget 45,Århus,,8200,Denmark,SQLServer,180.0,180.0,0.0,6.0,False,False,1747
10921,63,43.9,40.0,0.0,SQLServer,VAFFE,1,1998-03-03 00:00:00,1998-04-14,1998-03-09,1.0,176.48,Vaffeljernet,Smagsloget 45,Århus,,8200,Denmark,SQLServer,1756.0,1756.0,0.0,6.0,False,False,1748
10922,17,39.0,15.0,0.0,SQLServer,HANAR,5,1998-03-03 00:00:00,1998-03-31,1998-03-05,3.0,62.74,Hanari Carnes,"Rua do Paço, 67",Rio de Janeiro,RJ,05454-876,Brazil,SQLServer,585.0,585.0,0.0,2.0,False,False,1749
10922,24,4.5,35.0,0.0,SQLServer,HANAR,5,1998-03-03 00:00:00,1998-03-31,1998-03-05,3.0,62.74,Hanari Carnes,"Rua do Paço, 67",Rio de Janeiro,RJ,05454-876,Brazil,SQLServer,157.5,157.5,0.0,2.0,False,False,1750
10923,42,14.0,10.0,0.20000000298023224,SQLServer,LAMAI,7,1998-03-03 00:00:00,1998-04-14,1998-03-13,3.0,68.26,La maison d'Asie,1 rue Alsace-Lorraine,Toulouse,,31000,France,SQLServer,112.0,140.0,28.0,10.0,False,False,1751
10923,43,46.0,10.0,0.20000000298023224,SQLServer,LAMAI,7,1998-03-03 00:00:00,1998-04-14,1998-03-13,3.0,68.26,La maison d'Asie,1 rue Alsace-Lorraine,Toulouse,,31000,France,SQLServer,368.0,460.0,92.0,10.0,False,False,1752
10923,67,14.0,24.0,0.20000000298023224,SQLServer,LAMAI,7,1998-03-03 00:00:00,1998-04-14,1998-03-13,3.0,68.26,La maison d'Asie,1 rue Alsace-Lorraine,Toulouse,,31000,France,SQLServer,268.8,336.0,67.2,10.0,False,False,1753
10924,10,31.0,20.0,0.10000000149011612,SQLServer,BERGS,3,1998-03-04 00:00:00,1998-04-01,1998-04-08,2.0,151.52,Berglunds snabbköp,Berguvsvägen  8,Luleå,,S-958 22,Sweden,SQLServer,558.0,620.0,62.0,35.0,True,False,1754
10924,28,45.6,30.0,0.10000000149011612,SQLServer,BERGS,3,1998-03-04 00:00:00,1998-04-01,1998-04-08,2.0,151.52,Berglunds snabbköp,Berguvsvägen  8,Luleå,,S-958 22,Sweden,SQLServer,1231.2,1368.0,136.8,35.0,True,False,1755
10924,75,7.75,6.0,0.0,SQLServer,BERGS,3,1998-03-04 00:00:00,1998-04-01,1998-04-08,2.0,151.52,Berglunds snabbköp,Berguvsvägen  8,Luleå,,S-958 22,Sweden,SQLServer,46.5,46.5,0.0,35.0,True,False,1756
10925,36,19.0,25.0,0.15000000596046448,SQLServer,HANAR,3,1998-03-04 00:00:00,1998-04-01,1998-03-13,1.0,2.27,Hanari Carnes,"Rua do Paço, 67",Rio de Janeiro,RJ,05454-876,Brazil,SQLServer,403.75,475.0,71.25,9.0,False,False,1757
10925,52,7.0,12.0,0.15000000596046448,SQLServer,HANAR,3,1998-03-04 00:00:00,1998-04-01,1998-03-13,1.0,2.27,Hanari Carnes,"Rua do Paço, 67",Rio de Janeiro,RJ,05454-876,Brazil,SQLServer,71.4,84.0,12.6,9.0,False,False,1758
10926,11,21.0,2.0,0.0,SQLServer,ANATR,4,1998-03-04 00:00:00,1998-04-01,1998-03-11,3.0,39.92,Ana Trujillo Emparedados y helados,Avda. de la Constitución 2222,México D.F.,,05021,Mexico,SQLServer,42.0,42.0,0.0,7.0,False,False,1759
10926,13,6.0,10.0,0.0,SQLServer,ANATR,4,1998-03-04 00:00:00,1998-04-01,1998-03-11,3.0,39.92,Ana Trujillo Emparedados y helados,Avda. de la Constitución 2222,México D.F.,,05021,Mexico,SQLServer,60.0,60.0,0.0,7.0,False,False,1760
10926,19,9.2,7.0,0.0,SQLServer,ANATR,4,1998-03-04 00:00:00,1998-04-01,1998-03-11,3.0,39.92,Ana Trujillo Emparedados y helados,Avda. de la Constitución 2222,México D.F.,,05021,Mexico,SQLServer,64.4,64.4,0.0,7.0,False,False,1761
10926,72,34.8,10.0,0.0,SQLServer,ANATR,4,1998-03-04 00:00:00,1998-04-01,1998-03-11,3.0,39.92,Ana Trujillo Emparedados y helados,Avda. de la Constitución 2222,México D.F.,,05021,Mexico,SQLServer,348.0,348.0,0.0,7.0,False,False,1762
10927,20,81.0,5.0,0.0,SQLServer,LACOR,4,1998-03-05 00:00:00,1998-04-02,1998-04-08,1.0,19.79,La corne d'abondance,"67, avenue de l'Europe",Versailles,,78000,France,SQLServer,405.0,405.0,0.0,34.0,True,False,1763
10927,52,7.0,5.0,0.0,SQLServer,LACOR,4,1998-03-05 00:00:00,1998-04-02,1998-04-08,1.0,19.79,La corne d'abondance,"67, avenue de l'Europe",Versailles,,78000,France,SQLServer,35.0,35.0,0.0,34.0,True,False,1764
10927,76,18.0,20.0,0.0,SQLServer,LACOR,4,1998-03-05 00:00:00,1998-04-02,1998-04-08,1.0,19.79,La corne d'abondance,"67, avenue de l'Europe",Versailles,,78000,France,SQLServer,360.0,360.0,0.0,34.0,True,False,1765
10928,47,9.5,5.0,0.0,SQLServer,GALED,1,1998-03-05 00:00:00,1998-04-02,1998-03-18,1.0,1.36,Galería del gastronómo,"Rambla de Cataluña, 23",Barcelona,,8022,Spain,SQLServer,47.5,47.5,0.0,13.0,False,False,1766
10928,76,18.0,5.0,0.0,SQLServer,GALED,1,1998-03-05 00:00:00,1998-04-02,1998-03-18,1.0,1.36,Galería del gastronómo,"Rambla de Cataluña, 23",Barcelona,,8022,Spain,SQLServer,90.0,90.0,0.0,13.0,False,False,1767
10929,21,10.0,60.0,0.0,SQLServer,FRANK,6,1998-03-05 00:00:00,1998-04-02,1998-03-12,1.0,33.93,Frankenversand,Berliner Platz 43,München,,80805,Germany,SQLServer,600.0,600.0,0.0,7.0,False,False,1768
10929,75,7.75,49.0,0.0,SQLServer,FRANK,6,1998-03-05 00:00:00,1998-04-02,1998-03-12,1.0,33.93,Frankenversand,Berliner Platz 43,München,,80805,Germany,SQLServer,379.75,379.75,0.0,7.0,False,False,1769
10929,77,13.0,15.0,0.0,SQLServer,FRANK,6,1998-03-05 00:00:00,1998-04-02,1998-03-12,1.0,33.93,Frankenversand,Berliner Platz 43,München,,80805,Germany,SQLServer,195.0,195.0,0.0,7.0,False,False,1770
10930,21,10.0,36.0,0.0,SQLServer,SUPRD,4,1998-03-06 00:00:00,1998-04-17,1998-03-18,3.0,15.55,Suprêmes délices,"Boulevard Tirou, 255",Charleroi,,B-6000,Belgium,SQLServer,360.0,360.0,0.0,12.0,False,False,1771
10930,27,43.9,25.0,0.0,SQLServer,SUPRD,4,1998-03-06 00:00:00,1998-04-17,1998-03-18,3.0,15.55,Suprêmes délices,"Boulevard Tirou, 255",Charleroi,,B-6000,Belgium,SQLServer,1097.5,1097.5,0.0,12.0,False,False,1772
10930,55,24.0,25.0,0.20000000298023224,SQLServer,SUPRD,4,1998-03-06 00:00:00,1998-04-17,1998-03-18,3.0,15.55,Suprêmes délices,"Boulevard Tirou, 255",Charleroi,,B-6000,Belgium,SQLServer,480.0,600.0,120.0,12.0,False,False,1773
10930,58,13.25,30.0,0.20000000298023224,SQLServer,SUPRD,4,1998-03-06 00:00:00,1998-04-17,1998-03-18,3.0,15.55,Suprêmes délices,"Boulevard Tirou, 255",Charleroi,,B-6000,Belgium,SQLServer,318.0,397.5,79.5,12.0,False,False,1774
10931,13,6.0,42.0,0.15000000596046448,SQLServer,RICSU,4,1998-03-06 00:00:00,1998-03-20,1998-03-19,2.0,13.6,Richter Supermarkt,Starenweg 5,Genève,,1204,Switzerland,SQLServer,214.2,252.0,37.8,13.0,False,False,1775
10931,57,19.5,30.0,0.0,SQLServer,RICSU,4,1998-03-06 00:00:00,1998-03-20,1998-03-19,2.0,13.6,Richter Supermarkt,Starenweg 5,Genève,,1204,Switzerland,SQLServer,585.0,585.0,0.0,13.0,False,False,1776
10932,16,17.45,30.0,0.10000000149011612,SQLServer,BONAP,8,1998-03-06 00:00:00,1998-04-03,1998-03-24,1.0,134.64,Bon app',"12, rue des Bouchers",Marseille,,13008,France,SQLServer,471.15,523.5,52.35,18.0,False,False,1777
10932,62,49.3,14.0,0.10000000149011612,SQLServer,BONAP,8,1998-03-06 00:00:00,1998-04-03,1998-03-24,1.0,134.64,Bon app',"12, rue des Bouchers",Marseille,,13008,France,SQLServer,621.18,690.2,69.02,18.0,False,False,1778
10932,72,34.8,16.0,0.0,SQLServer,BONAP,8,1998-03-06 00:00:00,1998-04-03,1998-03-24,1.0,134.64,Bon app',"12, rue des Bouchers",Marseille,,13008,France,SQLServer,556.8,556.8,0.0,18.0,False,False,1779
10932,75,7.75,20.0,0.10000000149011612,SQLServer,BONAP,8,1998-03-06 00:00:00,1998-04-03,1998-03-24,1.0,134.64,Bon app',"12, rue des Bouchers",Marseille,,13008,France,SQLServer,139.5,155.0,15.5,18.0,False,False,1780
10933,53,32.8,2.0,0.0,SQLServer,ISLAT,6,1998-03-06 00:00:00,1998-04-03,1998-03-16,3.0,54.15,Island Trading,Garden House Crowther Way,Cowes,Isle of Wight,PO31 7PJ,UK,SQLServer,65.6,65.6,0.0,10.0,False,False,1781
10933,61,28.5,30.0,0.0,SQLServer,ISLAT,6,1998-03-06 00:00:00,1998-04-03,1998-03-16,3.0,54.15,Island Trading,Garden House Crowther Way,Cowes,Isle of Wight,PO31 7PJ,UK,SQLServer,855.0,855.0,0.0,10.0,False,False,1782
10934,6,25.0,20.0,0.0,SQLServer,LEHMS,3,1998-03-09 00:00:00,1998-04-06,1998-03-12,3.0,32.01,Lehmanns Marktstand,Magazinweg 7,Frankfurt a.M.,,60528,Germany,SQLServer,500.0,500.0,0.0,3.0,False,False,1783
10935,1,18.0,21.0,0.0,SQLServer,WELLI,4,1998-03-09 00:00:00,1998-04-06,1998-03-18,3.0,47.59,Wellington Importadora,"Rua do Mercado, 12",Resende,SP,08737-363,Brazil,SQLServer,378.0,378.0,0.0,9.0,False,False,1784
10935,18,62.5,4.0,0.25,SQLServer,WELLI,4,1998-03-09 00:00:00,1998-04-06,1998-03-18,3.0,47.59,Wellington Importadora,"Rua do Mercado, 12",Resende,SP,08737-363,Brazil,SQLServer,187.5,250.0,62.5,9.0,False,False,1785
10935,23,9.0,8.0,0.25,SQLServer,WELLI,4,1998-03-09 00:00:00,1998-04-06,1998-03-18,3.0,47.59,Wellington Importadora,"Rua do Mercado, 12",Resende,SP,08737-363,Brazil,SQLServer,54.0,72.0,18.0,9.0,False,False,1786
10936,36,19.0,30.0,0.20000000298023224,SQLServer,GREAL,3,1998-03-09 00:00:00,1998-04-06,1998-03-18,2.0,33.68,Great Lakes Food Market,2732 Baker Blvd.,Eugene,OR,97403,USA,SQLServer,456.0,570.0,114.0,9.0,False,False,1787
10937,28,45.6,8.0,0.0,SQLServer,CACTU,7,1998-03-10 00:00:00,1998-03-24,1998-03-13,3.0,31.51,Cactus Comidas para llevar,Cerrito 333,Buenos Aires,,1010,Argentina,SQLServer,364.8,364.8,0.0,3.0,False,False,1788
10937,34,14.0,20.0,0.0,SQLServer,CACTU,7,1998-03-10 00:00:00,1998-03-24,1998-03-13,3.0,31.51,Cactus Comidas para llevar,Cerrito 333,Buenos Aires,,1010,Argentina,SQLServer,280.0,280.0,0.0,3.0,False,False,1789
10938,13,6.0,20.0,0.25,SQLServer,QUICK,3,1998-03-10 00:00:00,1998-04-07,1998-03-16,2.0,31.89,QUICK-Stop,Taucherstraße 10,Cunewalde,,01307,Germany,SQLServer,90.0,120.0,30.0,6.0,False,False,1790
10938,43,46.0,24.0,0.25,SQLServer,QUICK,3,1998-03-10 00:00:00,1998-04-07,1998-03-16,2.0,31.89,QUICK-Stop,Taucherstraße 10,Cunewalde,,01307,Germany,SQLServer,828.0,1104.0,276.0,6.0,False,False,1791
10938,60,34.0,49.0,0.25,SQLServer,QUICK,3,1998-03-10 00:00:00,1998-04-07,1998-03-16,2.0,31.89,QUICK-Stop,Taucherstraße 10,Cunewalde,,01307,Germany,SQLServer,1249.5,1666.0,416.5,6.0,False,False,1792
10938,71,21.5,35.0,0.25,SQLServer,QUICK,3,1998-03-10 00:00:00,1998-04-07,1998-03-16,2.0,31.89,QUICK-Stop,Taucherstraße 10,Cunewalde,,01307,Germany,SQLServer,564.38,752.5,188.12,6.0,False,False,1793
10939,2,19.0,10.0,0.15000000596046448,SQLServer,MAGAA,2,1998-03-10 00:00:00,1998-04-07,1998-03-13,2.0,76.33,Magazzini Alimentari Riuniti,Via Ludovico il Moro 22,Bergamo,,24100,Italy,SQLServer,161.5,190.0,28.5,3.0,False,False,1794
10939,67,14.0,40.0,0.15000000596046448,SQLServer,MAGAA,2,1998-03-10 00:00:00,1998-04-07,1998-03-13,2.0,76.33,Magazzini Alimentari Riuniti,Via Ludovico il Moro 22,Bergamo,,24100,Italy,SQLServer,476.0,560.0,84.0,3.0,False,False,1795
10940,7,30.0,8.0,0.0,SQLServer,BONAP,8,1998-03-11 00:00:00,1998-04-08,1998-03-23,3.0,19.77,Bon app',"12, rue des Bouchers",Marseille,,13008,France,SQLServer,240.0,240.0,0.0,12.0,False,False,1796
10940,13,6.0,20.0,0.0,SQLServer,BONAP,8,1998-03-11 00:00:00,1998-04-08,1998-03-23,3.0,19.77,Bon app',"12, rue des Bouchers",Marseille,,13008,France,SQLServer,120.0,120.0,0.0,12.0,False,False,1797
10941,31,12.5,44.0,0.25,SQLServer,SAVEA,7,1998-03-11 00:00:00,1998-04-08,1998-03-20,2.0,400.81,Save-a-lot Markets,187 Suffolk Ln.,Boise,ID,83720,USA,SQLServer,412.5,550.0,137.5,9.0,False,False,1798
10941,62,49.3,30.0,0.25,SQLServer,SAVEA,7,1998-03-11 00:00:00,1998-04-08,1998-03-20,2.0,400.81,Save-a-lot Markets,187 Suffolk Ln.,Boise,ID,83720,USA,SQLServer,1109.25,1479.0,369.75,9.0,False,False,1799
10941,68,12.5,80.0,0.25,SQLServer,SAVEA,7,1998-03-11 00:00:00,1998-04-08,1998-03-20,2.0,400.81,Save-a-lot Markets,187 Suffolk Ln.,Boise,ID,83720,USA,SQLServer,750.0,1000.0,250.0,9.0,False,False,1800
10941,72,34.8,50.0,0.0,SQLServer,SAVEA,7,1998-03-11 00:00:00,1998-04-08,1998-03-20,2.0,400.81,Save-a-lot Markets,187 Suffolk Ln.,Boise,ID,83720,USA,SQLServer,1740.0,1740.0,0.0,9.0,False,False,1801
10942,49,20.0,28.0,0.0,SQLServer,REGGC,9,1998-03-11 00:00:00,1998-04-08,1998-03-18,3.0,17.95,Reggiani Caseifici,Strada Provinciale 124,Reggio Emilia,,42100,Italy,SQLServer,560.0,560.0,0.0,7.0,False,False,1802
10943,13,6.0,15.0,0.0,SQLServer,BSBEV,4,1998-03-11 00:00:00,1998-04-08,1998-03-19,2.0,2.17,B's Beverages,Fauntleroy Circus,London,,EC2 5NT,UK,SQLServer,90.0,90.0,0.0,8.0,False,False,1803
10943,22,21.0,21.0,0.0,SQLServer,BSBEV,4,1998-03-11 00:00:00,1998-04-08,1998-03-19,2.0,2.17,B's Beverages,Fauntleroy Circus,London,,EC2 5NT,UK,SQLServer,441.0,441.0,0.0,8.0,False,False,1804
10943,46,12.0,15.0,0.0,SQLServer,BSBEV,4,1998-03-11 00:00:00,1998-04-08,1998-03-19,2.0,2.17,B's Beverages,Fauntleroy Circus,London,,EC2 5NT,UK,SQLServer,180.0,180.0,0.0,8.0,False,False,1805
10944,11,21.0,5.0,0.25,SQLServer,BOTTM,6,1998-03-12 00:00:00,1998-03-26,1998-03-13,3.0,52.92,Bottom-Dollar Markets,23 Tsawassen Blvd.,Tsawassen,BC,T2F 8M4,Canada,SQLServer,78.75,105.0,26.25,1.0,False,False,1806
10944,44,19.45,18.0,0.25,SQLServer,BOTTM,6,1998-03-12 00:00:00,1998-03-26,1998-03-13,3.0,52.92,Bottom-Dollar Markets,23 Tsawassen Blvd.,Tsawassen,BC,T2F 8M4,Canada,SQLServer,262.58,350.1,87.52,1.0,False,False,1807
10944,56,38.0,18.0,0.0,SQLServer,BOTTM,6,1998-03-12 00:00:00,1998-03-26,1998-03-13,3.0,52.92,Bottom-Dollar Markets,23 Tsawassen Blvd.,Tsawassen,BC,T2F 8M4,Canada,SQLServer,684.0,684.0,0.0,1.0,False,False,1808
10945,13,6.0,20.0,0.0,SQLServer,MORGK,4,1998-03-12 00:00:00,1998-04-09,1998-03-18,1.0,10.22,Morgenstern Gesundkost,Heerstr. 22,Leipzig,,04179,Germany,SQLServer,120.0,120.0,0.0,6.0,False,False,1809
10945,31,12.5,10.0,0.0,SQLServer,MORGK,4,1998-03-12 00:00:00,1998-04-09,1998-03-18,1.0,10.22,Morgenstern Gesundkost,Heerstr. 22,Leipzig,,04179,Germany,SQLServer,125.0,125.0,0.0,6.0,False,False,1810
10946,10,31.0,25.0,0.0,SQLServer,VAFFE,1,1998-03-12 00:00:00,1998-04-09,1998-03-19,2.0,27.2,Vaffeljernet,Smagsloget 45,Århus,,8200,Denmark,SQLServer,775.0,775.0,0.0,7.0,False,False,1811
10946,24,4.5,25.0,0.0,SQLServer,VAFFE,1,1998-03-12 00:00:00,1998-04-09,1998-03-19,2.0,27.2,Vaffeljernet,Smagsloget 45,Århus,,8200,Denmark,SQLServer,112.5,112.5,0.0,7.0,False,False,1812
10946,77,13.0,40.0,0.0,SQLServer,VAFFE,1,1998-03-12 00:00:00,1998-04-09,1998-03-19,2.0,27.2,Vaffeljernet,Smagsloget 45,Århus,,8200,Denmark,SQLServer,520.0,520.0,0.0,7.0,False,False,1813
10947,59,55.0,4.0,0.0,SQLServer,BSBEV,3,1998-03-13 00:00:00,1998-04-10,1998-03-16,2.0,3.26,B's Beverages,Fauntleroy Circus,London,,EC2 5NT,UK,SQLServer,220.0,220.0,0.0,3.0,False,False,1814
10948,50,16.25,9.0,0.0,SQLServer,GODOS,3,1998-03-13 00:00:00,1998-04-10,1998-03-19,3.0,23.39,Godos Cocina Típica,"C/ Romero, 33",Sevilla,,41101,Spain,SQLServer,146.25,146.25,0.0,6.0,False,False,1815
10948,51,53.0,40.0,0.0,SQLServer,GODOS,3,1998-03-13 00:00:00,1998-04-10,1998-03-19,3.0,23.39,Godos Cocina Típica,"C/ Romero, 33",Sevilla,,41101,Spain,SQLServer,2120.0,2120.0,0.0,6.0,False,False,1816
10948,55,24.0,4.0,0.0,SQLServer,GODOS,3,1998-03-13 00:00:00,1998-04-10,1998-03-19,3.0,23.39,Godos Cocina Típica,"C/ Romero, 33",Sevilla,,41101,Spain,SQLServer,96.0,96.0,0.0,6.0,False,False,1817
10949,6,25.0,12.0,0.0,SQLServer,BOTTM,2,1998-03-13 00:00:00,1998-04-10,1998-03-17,3.0,74.44,Bottom-Dollar Markets,23 Tsawassen Blvd.,Tsawassen,BC,T2F 8M4,Canada,SQLServer,300.0,300.0,0.0,4.0,False,False,1818
10949,10,31.0,30.0,0.0,SQLServer,BOTTM,2,1998-03-13 00:00:00,1998-04-10,1998-03-17,3.0,74.44,Bottom-Dollar Markets,23 Tsawassen Blvd.,Tsawassen,BC,T2F 8M4,Canada,SQLServer,930.0,930.0,0.0,4.0,False,False,1819
10949,17,39.0,6.0,0.0,SQLServer,BOTTM,2,1998-03-13 00:00:00,1998-04-10,1998-03-17,3.0,74.44,Bottom-Dollar Markets,23 Tsawassen Blvd.,Tsawassen,BC,T2F 8M4,Canada,SQLServer,234.0,234.0,0.0,4.0,False,False,1820
10949,62,49.3,60.0,0.0,SQLServer,BOTTM,2,1998-03-13 00:00:00,1998-04-10,1998-03-17,3.0,74.44,Bottom-Dollar Markets,23 Tsawassen Blvd.,Tsawassen,BC,T2F 8M4,Canada,SQLServer,2958.0,2958.0,0.0,4.0,False,False,1821
10950,4,22.0,5.0,0.0,SQLServer,MAGAA,1,1998-03-16 00:00:00,1998-04-13,1998-03-23,2.0,2.5,Magazzini Alimentari Riuniti,Via Ludovico il Moro 22,Bergamo,,24100,Italy,SQLServer,110.0,110.0,0.0,7.0,False,False,1822
10951,33,2.5,15.0,0.05000000074505806,SQLServer,RICSU,9,1998-03-16 00:00:00,1998-04-27,1998-04-07,2.0,30.85,Richter Supermarkt,Starenweg 5,Genève,,1204,Switzerland,SQLServer,35.62,37.5,1.88,22.0,False,False,1823
10951,41,9.65,6.0,0.05000000074505806,SQLServer,RICSU,9,1998-03-16 00:00:00,1998-04-27,1998-04-07,2.0,30.85,Richter Supermarkt,Starenweg 5,Genève,,1204,Switzerland,SQLServer,55.0,57.9,2.9,22.0,False,False,1824
10951,75,7.75,50.0,0.05000000074505806,SQLServer,RICSU,9,1998-03-16 00:00:00,1998-04-27,1998-04-07,2.0,30.85,Richter Supermarkt,Starenweg 5,Genève,,1204,Switzerland,SQLServer,368.12,387.5,19.38,22.0,False,False,1825
10952,6,25.0,16.0,0.05000000074505806,SQLServer,ALFKI,1,1998-03-16 00:00:00,1998-04-27,1998-03-24,1.0,40.42,Alfred's Futterkiste,Obere Str. 57,Berlin,,12209,Germany,SQLServer,380.0,400.0,20.0,8.0,False,False,1826
10952,28,45.6,2.0,0.0,SQLServer,ALFKI,1,1998-03-16 00:00:00,1998-04-27,1998-03-24,1.0,40.42,Alfred's Futterkiste,Obere Str. 57,Berlin,,12209,Germany,SQLServer,91.2,91.2,0.0,8.0,False,False,1827
10953,20,81.0,50.0,0.05000000074505806,SQLServer,AROUT,9,1998-03-16 00:00:00,1998-03-30,1998-03-25,2.0,23.72,Around the Horn,Brook Farm Stratford St. Mary,Colchester,Essex,CO7 6JX,UK,SQLServer,3847.5,4050.0,202.5,9.0,False,False,1828
10953,31,12.5,50.0,0.05000000074505806,SQLServer,AROUT,9,1998-03-16 00:00:00,1998-03-30,1998-03-25,2.0,23.72,Around the Horn,Brook Farm Stratford St. Mary,Colchester,Essex,CO7 6JX,UK,SQLServer,593.75,625.0,31.25,9.0,False,False,1829
10954,16,17.45,28.0,0.15000000596046448,SQLServer,LINOD,5,1998-03-17 00:00:00,1998-04-28,1998-03-20,1.0,27.91,LINO-Delicateses,Ave. 5 de Mayo Porlamar,I. de Margarita,Nueva Esparta,4980,Venezuela,SQLServer,415.31,488.6,73.29,3.0,False,False,1830
10954,31,12.5,25.0,0.15000000596046448,SQLServer,LINOD,5,1998-03-17 00:00:00,1998-04-28,1998-03-20,1.0,27.91,LINO-Delicateses,Ave. 5 de Mayo Porlamar,I. de Margarita,Nueva Esparta,4980,Venezuela,SQLServer,265.62,312.5,46.88,3.0,False,False,1831
10954,45,9.5,30.0,0.0,SQLServer,LINOD,5,1998-03-17 00:00:00,1998-04-28,1998-03-20,1.0,27.91,LINO-Delicateses,Ave. 5 de Mayo Porlamar,I. de Margarita,Nueva Esparta,4980,Venezuela,SQLServer,285.0,285.0,0.0,3.0,False,False,1832
10954,60,34.0,24.0,0.15000000596046448,SQLServer,LINOD,5,1998-03-17 00:00:00,1998-04-28,1998-03-20,1.0,27.91,LINO-Delicateses,Ave. 5 de Mayo Porlamar,I. de Margarita,Nueva Esparta,4980,Venezuela,SQLServer,693.6,816.0,122.4,3.0,False,False,1833
10955,75,7.75,12.0,0.20000000298023224,SQLServer,FOLKO,8,1998-03-17 00:00:00,1998-04-14,1998-03-20,2.0,3.26,Folk och fä HB,Åkergatan 24,Bräcke,,S-844 67,Sweden,SQLServer,74.4,93.0,18.6,3.0,False,False,1834
10956,21,10.0,12.0,0.0,SQLServer,BLAUS,6,1998-03-17 00:00:00,1998-04-28,1998-03-20,2.0,44.65,Blauer See Delikatessen,Forsterstr. 57,Mannheim,,68306,Germany,SQLServer,120.0,120.0,0.0,3.0,False,False,1835
10956,47,9.5,14.0,0.0,SQLServer,BLAUS,6,1998-03-17 00:00:00,1998-04-28,1998-03-20,2.0,44.65,Blauer See Delikatessen,Forsterstr. 57,Mannheim,,68306,Germany,SQLServer,133.0,133.0,0.0,3.0,False,False,1836
10956,51,53.0,8.0,0.0,SQLServer,BLAUS,6,1998-03-17 00:00:00,1998-04-28,1998-03-20,2.0,44.65,Blauer See Delikatessen,Forsterstr. 57,Mannheim,,68306,Germany,SQLServer,424.0,424.0,0.0,3.0,False,False,1837
10957,30,25.89,30.0,0.0,SQLServer,HILAA,8,1998-03-18 00:00:00,1998-04-15,1998-03-27,3.0,105.36,HILARION-Abastos,Carrera 22 con Ave. Carlos Soublette #8-35,San Cristóbal,Táchira,5022,Venezuela,SQLServer,776.7,776.7,0.0,9.0,False,False,1838
10957,35,18.0,40.0,0.0,SQLServer,HILAA,8,1998-03-18 00:00:00,1998-04-15,1998-03-27,3.0,105.36,HILARION-Abastos,Carrera 22 con Ave. Carlos Soublette #8-35,San Cristóbal,Táchira,5022,Venezuela,SQLServer,720.0,720.0,0.0,9.0,False,False,1839
10957,64,33.25,8.0,0.0,SQLServer,HILAA,8,1998-03-18 00:00:00,1998-04-15,1998-03-27,3.0,105.36,HILARION-Abastos,Carrera 22 con Ave. Carlos Soublette #8-35,San Cristóbal,Táchira,5022,Venezuela,SQLServer,266.0,266.0,0.0,9.0,False,False,1840
10958,5,21.35,20.0,0.0,SQLServer,OCEAN,7,1998-03-18 00:00:00,1998-04-15,1998-03-27,2.0,49.56,Océano Atlántico Ltda.,Ing. Gustavo Moncada 8585 Piso 20-A,Buenos Aires,,1010,Argentina,SQLServer,427.0,427.0,0.0,9.0,False,False,1841
10958,7,30.0,6.0,0.0,SQLServer,OCEAN,7,1998-03-18 00:00:00,1998-04-15,1998-03-27,2.0,49.56,Océano Atlántico Ltda.,Ing. Gustavo Moncada 8585 Piso 20-A,Buenos Aires,,1010,Argentina,SQLServer,180.0,180.0,0.0,9.0,False,False,1842
10958,72,34.8,5.0,0.0,SQLServer,OCEAN,7,1998-03-18 00:00:00,1998-04-15,1998-03-27,2.0,49.56,Océano Atlántico Ltda.,Ing. Gustavo Moncada 8585 Piso 20-A,Buenos Aires,,1010,Argentina,SQLServer,174.0,174.0,0.0,9.0,False,False,1843
10959,75,7.75,20.0,0.15000000596046448,SQLServer,GOURL,6,1998-03-18 00:00:00,1998-04-29,1998-03-23,2.0,4.98,Gourmet Lanchonetes,"Av. Brasil, 442",Campinas,SP,04876-786,Brazil,SQLServer,131.75,155.0,23.25,5.0,False,False,1844
10960,24,4.5,10.0,0.25,SQLServer,HILAA,3,1998-03-19 00:00:00,1998-04-02,1998-04-08,1.0,2.08,HILARION-Abastos,Carrera 22 con Ave. Carlos Soublette #8-35,San Cristóbal,Táchira,5022,Venezuela,SQLServer,33.75,45.0,11.25,20.0,True,False,1845
10960,41,9.65,24.0,0.0,SQLServer,HILAA,3,1998-03-19 00:00:00,1998-04-02,1998-04-08,1.0,2.08,HILARION-Abastos,Carrera 22 con Ave. Carlos Soublette #8-35,San Cristóbal,Táchira,5022,Venezuela,SQLServer,231.6,231.6,0.0,20.0,True,False,1846
10961,52,7.0,6.0,0.05000000074505806,SQLServer,QUEEN,8,1998-03-19 00:00:00,1998-04-16,1998-03-30,1.0,104.47,Queen Cozinha,"Alameda dos Canàrios, 891",Sao Paulo,SP,05487-020,Brazil,SQLServer,39.9,42.0,2.1,11.0,False,False,1847
10961,76,18.0,60.0,0.0,SQLServer,QUEEN,8,1998-03-19 00:00:00,1998-04-16,1998-03-30,1.0,104.47,Queen Cozinha,"Alameda dos Canàrios, 891",Sao Paulo,SP,05487-020,Brazil,SQLServer,1080.0,1080.0,0.0,11.0,False,False,1848
10962,7,30.0,45.0,0.0,SQLServer,QUICK,8,1998-03-19 00:00:00,1998-04-16,1998-03-23,2.0,275.79,QUICK-Stop,Taucherstraße 10,Cunewalde,,01307,Germany,SQLServer,1350.0,1350.0,0.0,4.0,False,False,1849
10962,13,6.0,77.0,0.0,SQLServer,QUICK,8,1998-03-19 00:00:00,1998-04-16,1998-03-23,2.0,275.79,QUICK-Stop,Taucherstraße 10,Cunewalde,,01307,Germany,SQLServer,462.0,462.0,0.0,4.0,False,False,1850
10962,53,32.8,20.0,0.0,SQLServer,QUICK,8,1998-03-19 00:00:00,1998-04-16,1998-03-23,2.0,275.79,QUICK-Stop,Taucherstraße 10,Cunewalde,,01307,Germany,SQLServer,656.0,656.0,0.0,4.0,False,False,1851
10962,69,36.0,9.0,0.0,SQLServer,QUICK,8,1998-03-19 00:00:00,1998-04-16,1998-03-23,2.0,275.79,QUICK-Stop,Taucherstraße 10,Cunewalde,,01307,Germany,SQLServer,324.0,324.0,0.0,4.0,False,False,1852
10962,76,18.0,44.0,0.0,SQLServer,QUICK,8,1998-03-19 00:00:00,1998-04-16,1998-03-23,2.0,275.79,QUICK-Stop,Taucherstraße 10,Cunewalde,,01307,Germany,SQLServer,792.0,792.0,0.0,4.0,False,False,1853
10963,60,34.0,2.0,0.15000000596046448,SQLServer,FURIB,9,1998-03-19 00:00:00,1998-04-16,1998-03-26,3.0,2.7,Furia Bacalhau e Frutos do Mar,Jardim das rosas n. 32,Lisboa,,1675,Portugal,SQLServer,57.8,68.0,10.2,7.0,False,False,1854
10964,18,62.5,6.0,0.0,SQLServer,SPECD,3,1998-03-20 00:00:00,1998-04-17,1998-03-24,2.0,87.38,Spécialités du monde,"25, rue Lauriston",Paris,,75016,France,SQLServer,375.0,375.0,0.0,4.0,False,False,1855
10964,38,263.5,5.0,0.0,SQLServer,SPECD,3,1998-03-20 00:00:00,1998-04-17,1998-03-24,2.0,87.38,Spécialités du monde,"25, rue Lauriston",Paris,,75016,France,SQLServer,1317.5,1317.5,0.0,4.0,False,False,1856
10964,69,36.0,10.0,0.0,SQLServer,SPECD,3,1998-03-20 00:00:00,1998-04-17,1998-03-24,2.0,87.38,Spécialités du monde,"25, rue Lauriston",Paris,,75016,France,SQLServer,360.0,360.0,0.0,4.0,False,False,1857
10965,51,53.0,16.0,0.0,SQLServer,OLDWO,6,1998-03-20 00:00:00,1998-04-17,1998-03-30,3.0,144.38,Old World Delicatessen,2743 Bering St.,Anchorage,AK,99508,USA,SQLServer,848.0,848.0,0.0,10.0,False,False,1858
10966,37,26.0,8.0,0.0,SQLServer,CHOPS,4,1998-03-20 00:00:00,1998-04-17,1998-04-08,1.0,27.19,Chop-suey Chinese,Hauptstr. 31,Bern,,3012,Switzerland,SQLServer,208.0,208.0,0.0,19.0,False,False,1859
10966,56,38.0,12.0,0.15000000596046448,SQLServer,CHOPS,4,1998-03-20 00:00:00,1998-04-17,1998-04-08,1.0,27.19,Chop-suey Chinese,Hauptstr. 31,Bern,,3012,Switzerland,SQLServer,387.6,456.0,68.4,19.0,False,False,1860
10966,62,49.3,12.0,0.15000000596046448,SQLServer,CHOPS,4,1998-03-20 00:00:00,1998-04-17,1998-04-08,1.0,27.19,Chop-suey Chinese,Hauptstr. 31,Bern,,3012,Switzerland,SQLServer,502.86,591.6,88.74,19.0,False,False,1861
10967,19,9.2,12.0,0.0,SQLServer,TOMSP,2,1998-03-23 00:00:00,1998-04-20,1998-04-02,2.0,62.22,Toms Spezialitäten,Luisenstr. 48,Münster,,44087,Germany,SQLServer,110.4,110.4,0.0,10.0,False,False,1862
10967,49,20.0,40.0,0.0,SQLServer,TOMSP,2,1998-03-23 00:00:00,1998-04-20,1998-04-02,2.0,62.22,Toms Spezialitäten,Luisenstr. 48,Münster,,44087,Germany,SQLServer,800.0,800.0,0.0,10.0,False,False,1863
10968,12,38.0,30.0,0.0,SQLServer,ERNSH,1,1998-03-23 00:00:00,1998-04-20,1998-04-01,3.0,74.6,Ernst Handel,Kirchgasse 6,Graz,,8010,Austria,SQLServer,1140.0,1140.0,0.0,9.0,False,False,1864
10968,24,4.5,30.0,0.0,SQLServer,ERNSH,1,1998-03-23 00:00:00,1998-04-20,1998-04-01,3.0,74.6,Ernst Handel,Kirchgasse 6,Graz,,8010,Austria,SQLServer,135.0,135.0,0.0,9.0,False,False,1865
10968,64,33.25,4.0,0.0,SQLServer,ERNSH,1,1998-03-23 00:00:00,1998-04-20,1998-04-01,3.0,74.6,Ernst Handel,Kirchgasse 6,Graz,,8010,Austria,SQLServer,133.0,133.0,0.0,9.0,False,False,1866
10969,46,12.0,9.0,0.0,SQLServer,COMMI,1,1998-03-23 00:00:00,1998-04-20,1998-03-30,2.0,0.21,Comércio Mineiro,"Av. dos Lusíadas, 23",Sao Paulo,SP,05432-043,Brazil,SQLServer,108.0,108.0,0.0,7.0,False,False,1867
10970,52,7.0,40.0,0.20000000298023224,SQLServer,BOLID,9,1998-03-24 00:00:00,1998-04-07,1998-04-24,1.0,16.16,Bólido Comidas preparadas,"C/ Araquil, 67",Madrid,,28023,Spain,SQLServer,224.0,280.0,56.0,31.0,True,False,1868
10971,29,123.79,14.0,0.0,SQLServer,FRANR,2,1998-03-24 00:00:00,1998-04-21,1998-04-02,2.0,121.82,France restauration,"54, rue Royale",Nantes,,44000,France,SQLServer,1733.06,1733.06,0.0,9.0,False,False,1869
10972,17,39.0,6.0,0.0,SQLServer,LACOR,4,1998-03-24 00:00:00,1998-04-21,1998-03-26,2.0,0.02,La corne d'abondance,"67, avenue de l'Europe",Versailles,,78000,France,SQLServer,234.0,234.0,0.0,2.0,False,False,1870
10972,33,2.5,7.0,0.0,SQLServer,LACOR,4,1998-03-24 00:00:00,1998-04-21,1998-03-26,2.0,0.02,La corne d'abondance,"67, avenue de l'Europe",Versailles,,78000,France,SQLServer,17.5,17.5,0.0,2.0,False,False,1871
10973,26,31.23,5.0,0.0,SQLServer,LACOR,6,1998-03-24 00:00:00,1998-04-21,1998-03-27,2.0,15.17,La corne d'abondance,"67, avenue de l'Europe",Versailles,,78000,France,SQLServer,156.15,156.15,0.0,3.0,False,False,1872
10973,41,9.65,6.0,0.0,SQLServer,LACOR,6,1998-03-24 00:00:00,1998-04-21,1998-03-27,2.0,15.17,La corne d'abondance,"67, avenue de l'Europe",Versailles,,78000,France,SQLServer,57.9,57.9,0.0,3.0,False,False,1873
10973,75,7.75,10.0,0.0,SQLServer,LACOR,6,1998-03-24 00:00:00,1998-04-21,1998-03-27,2.0,15.17,La corne d'abondance,"67, avenue de l'Europe",Versailles,,78000,France,SQLServer,77.5,77.5,0.0,3.0,False,False,1874
10974,63,43.9,10.0,0.0,SQLServer,SPLIR,3,1998-03-25 00:00:00,1998-04-08,1998-04-03,3.0,12.96,Split Rail Beer & Ale,P.O. Box 555,Lander,WY,82520,USA,SQLServer,439.0,439.0,0.0,9.0,False,False,1875
10975,8,40.0,16.0,0.0,SQLServer,BOTTM,1,1998-03-25 00:00:00,1998-04-22,1998-03-27,3.0,32.27,Bottom-Dollar Markets,23 Tsawassen Blvd.,Tsawassen,BC,T2F 8M4,Canada,SQLServer,640.0,640.0,0.0,2.0,False,False,1876
10975,75,7.75,10.0,0.0,SQLServer,BOTTM,1,1998-03-25 00:00:00,1998-04-22,1998-03-27,3.0,32.27,Bottom-Dollar Markets,23 Tsawassen Blvd.,Tsawassen,BC,T2F 8M4,Canada,SQLServer,77.5,77.5,0.0,2.0,False,False,1877
10976,28,45.6,20.0,0.0,SQLServer,HILAA,1,1998-03-25 00:00:00,1998-05-06,1998-04-03,1.0,37.97,HILARION-Abastos,Carrera 22 con Ave. Carlos Soublette #8-35,San Cristóbal,Táchira,5022,Venezuela,SQLServer,912.0,912.0,0.0,9.0,False,False,1878
10977,39,18.0,30.0,0.0,SQLServer,FOLKO,8,1998-03-26 00:00:00,1998-04-23,1998-04-10,3.0,208.5,Folk och fä HB,Åkergatan 24,Bräcke,,S-844 67,Sweden,SQLServer,540.0,540.0,0.0,15.0,False,False,1879
10977,47,9.5,30.0,0.0,SQLServer,FOLKO,8,1998-03-26 00:00:00,1998-04-23,1998-04-10,3.0,208.5,Folk och fä HB,Åkergatan 24,Bräcke,,S-844 67,Sweden,SQLServer,285.0,285.0,0.0,15.0,False,False,1880
10977,51,53.0,10.0,0.0,SQLServer,FOLKO,8,1998-03-26 00:00:00,1998-04-23,1998-04-10,3.0,208.5,Folk och fä HB,Åkergatan 24,Bräcke,,S-844 67,Sweden,SQLServer,530.0,530.0,0.0,15.0,False,False,1881
10977,63,43.9,20.0,0.0,SQLServer,FOLKO,8,1998-03-26 00:00:00,1998-04-23,1998-04-10,3.0,208.5,Folk och fä HB,Åkergatan 24,Bräcke,,S-844 67,Sweden,SQLServer,878.0,878.0,0.0,15.0,False,False,1882
10978,8,40.0,20.0,0.15000000596046448,SQLServer,MAISD,9,1998-03-26 00:00:00,1998-04-23,1998-04-23,2.0,32.82,Maison Dewey,Rue Joseph-Bens 532,Bruxelles,,B-1180,Belgium,SQLServer,680.0,800.0,120.0,28.0,False,False,1883
10978,21,10.0,40.0,0.15000000596046448,SQLServer,MAISD,9,1998-03-26 00:00:00,1998-04-23,1998-04-23,2.0,32.82,Maison Dewey,Rue Joseph-Bens 532,Bruxelles,,B-1180,Belgium,SQLServer,340.0,400.0,60.0,28.0,False,False,1884
10978,40,18.4,10.0,0.0,SQLServer,MAISD,9,1998-03-26 00:00:00,1998-04-23,1998-04-23,2.0,32.82,Maison Dewey,Rue Joseph-Bens 532,Bruxelles,,B-1180,Belgium,SQLServer,184.0,184.0,0.0,28.0,False,False,1885
10978,44,19.45,6.0,0.15000000596046448,SQLServer,MAISD,9,1998-03-26 00:00:00,1998-04-23,1998-04-23,2.0,32.82,Maison Dewey,Rue Joseph-Bens 532,Bruxelles,,B-1180,Belgium,SQLServer,99.19,116.7,17.51,28.0,False,False,1886
10979,7,30.0,18.0,0.0,SQLServer,ERNSH,8,1998-03-26 00:00:00,1998-04-23,1998-03-31,2.0,353.07,Ernst Handel,Kirchgasse 6,Graz,,8010,Austria,SQLServer,540.0,540.0,0.0,5.0,False,False,1887
10979,12,38.0,20.0,0.0,SQLServer,ERNSH,8,1998-03-26 00:00:00,1998-04-23,1998-03-31,2.0,353.07,Ernst Handel,Kirchgasse 6,Graz,,8010,Austria,SQLServer,760.0,760.0,0.0,5.0,False,False,1888
10979,24,4.5,80.0,0.0,SQLServer,ERNSH,8,1998-03-26 00:00:00,1998-04-23,1998-03-31,2.0,353.07,Ernst Handel,Kirchgasse 6,Graz,,8010,Austria,SQLServer,360.0,360.0,0.0,5.0,False,False,1889
10979,27,43.9,30.0,0.0,SQLServer,ERNSH,8,1998-03-26 00:00:00,1998-04-23,1998-03-31,2.0,353.07,Ernst Handel,Kirchgasse 6,Graz,,8010,Austria,SQLServer,1317.0,1317.0,0.0,5.0,False,False,1890
10979,31,12.5,24.0,0.0,SQLServer,ERNSH,8,1998-03-26 00:00:00,1998-04-23,1998-03-31,2.0,353.07,Ernst Handel,Kirchgasse 6,Graz,,8010,Austria,SQLServer,300.0,300.0,0.0,5.0,False,False,1891
10979,63,43.9,35.0,0.0,SQLServer,ERNSH,8,1998-03-26 00:00:00,1998-04-23,1998-03-31,2.0,353.07,Ernst Handel,Kirchgasse 6,Graz,,8010,Austria,SQLServer,1536.5,1536.5,0.0,5.0,False,False,1892
10980,75,7.75,40.0,0.20000000298023224,SQLServer,FOLKO,4,1998-03-27 00:00:00,1998-05-08,1998-04-17,1.0,1.26,Folk och fä HB,Åkergatan 24,Bräcke,,S-844 67,Sweden,SQLServer,248.0,310.0,62.0,21.0,False,False,1893
10981,38,263.5,60.0,0.0,SQLServer,HANAR,1,1998-03-27 00:00:00,1998-04-24,1998-04-02,2.0,193.37,Hanari Carnes,"Rua do Paço, 67",Rio de Janeiro,RJ,05454-876,Brazil,SQLServer,15810.0,15810.0,0.0,6.0,False,False,1894
10982,7,30.0,20.0,0.0,SQLServer,BOTTM,2,1998-03-27 00:00:00,1998-04-24,1998-04-08,1.0,14.01,Bottom-Dollar Markets,23 Tsawassen Blvd.,Tsawassen,BC,T2F 8M4,Canada,SQLServer,600.0,600.0,0.0,12.0,False,False,1895
10982,43,46.0,9.0,0.0,SQLServer,BOTTM,2,1998-03-27 00:00:00,1998-04-24,1998-04-08,1.0,14.01,Bottom-Dollar Markets,23 Tsawassen Blvd.,Tsawassen,BC,T2F 8M4,Canada,SQLServer,414.0,414.0,0.0,12.0,False,False,1896
10983,13,6.0,84.0,0.15000000596046448,SQLServer,SAVEA,2,1998-03-27 00:00:00,1998-04-24,1998-04-06,2.0,657.54,Save-a-lot Markets,187 Suffolk Ln.,Boise,ID,83720,USA,SQLServer,428.4,504.0,75.6,10.0,False,True,1897
10983,57,19.5,15.0,0.0,SQLServer,SAVEA,2,1998-03-27 00:00:00,1998-04-24,1998-04-06,2.0,657.54,Save-a-lot Markets,187 Suffolk Ln.,Boise,ID,83720,USA,SQLServer,292.5,292.5,0.0,10.0,False,True,1898
10984,16,17.45,55.0,0.0,SQLServer,SAVEA,1,1998-03-30 00:00:00,1998-04-27,1998-04-03,3.0,211.22,Save-a-lot Markets,187 Suffolk Ln.,Boise,ID,83720,USA,SQLServer,959.75,959.75,0.0,4.0,False,False,1899
10984,24,4.5,20.0,0.0,SQLServer,SAVEA,1,1998-03-30 00:00:00,1998-04-27,1998-04-03,3.0,211.22,Save-a-lot Markets,187 Suffolk Ln.,Boise,ID,83720,USA,SQLServer,90.0,90.0,0.0,4.0,False,False,1900
10984,36,19.0,40.0,0.0,SQLServer,SAVEA,1,1998-03-30 00:00:00,1998-04-27,1998-04-03,3.0,211.22,Save-a-lot Markets,187 Suffolk Ln.,Boise,ID,83720,USA,SQLServer,760.0,760.0,0.0,4.0,False,False,1901
10985,16,17.45,36.0,0.10000000149011612,SQLServer,HUNGO,2,1998-03-30 00:00:00,1998-04-27,1998-04-02,1.0,91.51,Hungry Owl All-Night Grocers,8 Johnstown Road,Cork,Co. Cork,,Ireland,SQLServer,565.38,628.2,62.82,3.0,False,False,1902
10985,18,62.5,8.0,0.10000000149011612,SQLServer,HUNGO,2,1998-03-30 00:00:00,1998-04-27,1998-04-02,1.0,91.51,Hungry Owl All-Night Grocers,8 Johnstown Road,Cork,Co. Cork,,Ireland,SQLServer,450.0,500.0,50.0,3.0,False,False,1903
10985,32,32.0,35.0,0.10000000149011612,SQLServer,HUNGO,2,1998-03-30 00:00:00,1998-04-27,1998-04-02,1.0,91.51,Hungry Owl All-Night Grocers,8 Johnstown Road,Cork,Co. Cork,,Ireland,SQLServer,1008.0,1120.0,112.0,3.0,False,False,1904
10986,11,21.0,30.0,0.0,SQLServer,OCEAN,8,1998-03-30 00:00:00,1998-04-27,1998-04-21,2.0,217.86,Océano Atlántico Ltda.,Ing. Gustavo Moncada 8585 Piso 20-A,Buenos Aires,,1010,Argentina,SQLServer,630.0,630.0,0.0,22.0,False,False,1905
10986,20,81.0,15.0,0.0,SQLServer,OCEAN,8,1998-03-30 00:00:00,1998-04-27,1998-04-21,2.0,217.86,Océano Atlántico Ltda.,Ing. Gustavo Moncada 8585 Piso 20-A,Buenos Aires,,1010,Argentina,SQLServer,1215.0,1215.0,0.0,22.0,False,False,1906
10986,76,18.0,10.0,0.0,SQLServer,OCEAN,8,1998-03-30 00:00:00,1998-04-27,1998-04-21,2.0,217.86,Océano Atlántico Ltda.,Ing. Gustavo Moncada 8585 Piso 20-A,Buenos Aires,,1010,Argentina,SQLServer,180.0,180.0,0.0,22.0,False,False,1907
10986,77,13.0,15.0,0.0,SQLServer,OCEAN,8,1998-03-30 00:00:00,1998-04-27,1998-04-21,2.0,217.86,Océano Atlántico Ltda.,Ing. Gustavo Moncada 8585 Piso 20-A,Buenos Aires,,1010,Argentina,SQLServer,195.0,195.0,0.0,22.0,False,False,1908
10987,7,30.0,60.0,0.0,SQLServer,EASTC,8,1998-03-31 00:00:00,1998-04-28,1998-04-06,1.0,185.48,Eastern Connection,35 King George,London,,WX3 6FW,UK,SQLServer,1800.0,1800.0,0.0,6.0,False,False,1909
10987,43,46.0,6.0,0.0,SQLServer,EASTC,8,1998-03-31 00:00:00,1998-04-28,1998-04-06,1.0,185.48,Eastern Connection,35 King George,London,,WX3 6FW,UK,SQLServer,276.0,276.0,0.0,6.0,False,False,1910
10987,72,34.8,20.0,0.0,SQLServer,EASTC,8,1998-03-31 00:00:00,1998-04-28,1998-04-06,1.0,185.48,Eastern Connection,35 King George,London,,WX3 6FW,UK,SQLServer,696.0,696.0,0.0,6.0,False,False,1911
10988,7,30.0,60.0,0.0,SQLServer,RATTC,3,1998-03-31 00:00:00,1998-04-28,1998-04-10,2.0,61.14,Rattlesnake Canyon Grocery,2817 Milton Dr.,Albuquerque,NM,87110,USA,SQLServer,1800.0,1800.0,0.0,10.0,False,False,1912
10988,62,49.3,40.0,0.10000000149011612,SQLServer,RATTC,3,1998-03-31 00:00:00,1998-04-28,1998-04-10,2.0,61.14,Rattlesnake Canyon Grocery,2817 Milton Dr.,Albuquerque,NM,87110,USA,SQLServer,1774.8,1972.0,197.2,10.0,False,False,1913
10989,6,25.0,40.0,0.0,SQLServer,QUEDE,2,1998-03-31 00:00:00,1998-04-28,1998-04-02,1.0,34.76,Que Delícia,"Rua da Panificadora, 12",Rio de Janeiro,RJ,02389-673,Brazil,SQLServer,1000.0,1000.0,0.0,2.0,False,False,1914
10989,11,21.0,15.0,0.0,SQLServer,QUEDE,2,1998-03-31 00:00:00,1998-04-28,1998-04-02,1.0,34.76,Que Delícia,"Rua da Panificadora, 12",Rio de Janeiro,RJ,02389-673,Brazil,SQLServer,315.0,315.0,0.0,2.0,False,False,1915
10989,41,9.65,4.0,0.0,SQLServer,QUEDE,2,1998-03-31 00:00:00,1998-04-28,1998-04-02,1.0,34.76,Que Delícia,"Rua da Panificadora, 12",Rio de Janeiro,RJ,02389-673,Brazil,SQLServer,38.6,38.6,0.0,2.0,False,False,1916
10990,21,10.0,65.0,0.0,SQLServer,ERNSH,2,1998-04-01 00:00:00,1998-05-13,1998-04-07,3.0,117.61,Ernst Handel,Kirchgasse 6,Graz,,8010,Austria,SQLServer,650.0,650.0,0.0,6.0,False,False,1917
10990,34,14.0,60.0,0.15000000596046448,SQLServer,ERNSH,2,1998-04-01 00:00:00,1998-05-13,1998-04-07,3.0,117.61,Ernst Handel,Kirchgasse 6,Graz,,8010,Austria,SQLServer,714.0,840.0,126.0,6.0,False,False,1918
10990,55,24.0,65.0,0.15000000596046448,SQLServer,ERNSH,2,1998-04-01 00:00:00,1998-05-13,1998-04-07,3.0,117.61,Ernst Handel,Kirchgasse 6,Graz,,8010,Austria,SQLServer,1326.0,1560.0,234.0,6.0,False,False,1919
10990,61,28.5,66.0,0.15000000596046448,SQLServer,ERNSH,2,1998-04-01 00:00:00,1998-05-13,1998-04-07,3.0,117.61,Ernst Handel,Kirchgasse 6,Graz,,8010,Austria,SQLServer,1598.85,1881.0,282.15,6.0,False,False,1920
10991,2,19.0,50.0,0.20000000298023224,SQLServer,QUICK,1,1998-04-01 00:00:00,1998-04-29,1998-04-07,1.0,38.51,QUICK-Stop,Taucherstraße 10,Cunewalde,,01307,Germany,SQLServer,760.0,950.0,190.0,6.0,False,False,1921
10991,70,15.0,20.0,0.20000000298023224,SQLServer,QUICK,1,1998-04-01 00:00:00,1998-04-29,1998-04-07,1.0,38.51,QUICK-Stop,Taucherstraße 10,Cunewalde,,01307,Germany,SQLServer,240.0,300.0,60.0,6.0,False,False,1922
10991,76,18.0,90.0,0.20000000298023224,SQLServer,QUICK,1,1998-04-01 00:00:00,1998-04-29,1998-04-07,1.0,38.51,QUICK-Stop,Taucherstraße 10,Cunewalde,,01307,Germany,SQLServer,1296.0,1620.0,324.0,6.0,False,False,1923
10992,72,34.8,2.0,0.0,SQLServer,THEBI,1,1998-04-01 00:00:00,1998-04-29,1998-04-03,3.0,4.27,The Big Cheese,89 Jefferson Way Suite 2,Portland,OR,97201,USA,SQLServer,69.6,69.6,0.0,2.0,False,False,1924
10993,29,123.79,50.0,0.25,SQLServer,FOLKO,7,1998-04-01 00:00:00,1998-04-29,1998-04-10,3.0,8.81,Folk och fä HB,Åkergatan 24,Bräcke,,S-844 67,Sweden,SQLServer,4642.12,6189.5,1547.38,9.0,False,False,1925
10993,41,9.65,35.0,0.25,SQLServer,FOLKO,7,1998-04-01 00:00:00,1998-04-29,1998-04-10,3.0,8.81,Folk och fä HB,Åkergatan 24,Bräcke,,S-844 67,Sweden,SQLServer,253.31,337.75,84.44,9.0,False,False,1926
10994,59,55.0,18.0,0.05000000074505806,SQLServer,VAFFE,2,1998-04-02 00:00:00,1998-04-16,1998-04-09,3.0,65.53,Vaffeljernet,Smagsloget 45,Århus,,8200,Denmark,SQLServer,940.5,990.0,49.5,7.0,False,False,1927
10995,51,53.0,20.0,0.0,SQLServer,PERIC,1,1998-04-02 00:00:00,1998-04-30,1998-04-06,3.0,46.0,Pericles Comidas clásicas,Calle Dr. Jorge Cash 321,México D.F.,,05033,Mexico,SQLServer,1060.0,1060.0,0.0,4.0,False,False,1928
10995,60,34.0,4.0,0.0,SQLServer,PERIC,1,1998-04-02 00:00:00,1998-04-30,1998-04-06,3.0,46.0,Pericles Comidas clásicas,Calle Dr. Jorge Cash 321,México D.F.,,05033,Mexico,SQLServer,136.0,136.0,0.0,4.0,False,False,1929
10996,42,14.0,40.0,0.0,SQLServer,QUICK,4,1998-04-02 00:00:00,1998-04-30,1998-04-10,2.0,1.12,QUICK-Stop,Taucherstraße 10,Cunewalde,,01307,Germany,SQLServer,560.0,560.0,0.0,8.0,False,False,1930
10997,32,32.0,50.0,0.0,SQLServer,LILAS,8,1998-04-03 00:00:00,1998-05-15,1998-04-13,2.0,73.91,LILA-Supermercado,Carrera 52 con Ave. Bolívar #65-98 Llano Largo,Barquisimeto,Lara,3508,Venezuela,SQLServer,1600.0,1600.0,0.0,10.0,False,False,1931
10997,46,12.0,20.0,0.25,SQLServer,LILAS,8,1998-04-03 00:00:00,1998-05-15,1998-04-13,2.0,73.91,LILA-Supermercado,Carrera 52 con Ave. Bolívar #65-98 Llano Largo,Barquisimeto,Lara,3508,Venezuela,SQLServer,180.0,240.0,60.0,10.0,False,False,1932
10997,52,7.0,20.0,0.25,SQLServer,LILAS,8,1998-04-03 00:00:00,1998-05-15,1998-04-13,2.0,73.91,LILA-Supermercado,Carrera 52 con Ave. Bolívar #65-98 Llano Largo,Barquisimeto,Lara,3508,Venezuela,SQLServer,105.0,140.0,35.0,10.0,False,False,1933
10998,24,4.5,12.0,0.0,SQLServer,WOLZA,8,1998-04-03 00:00:00,1998-04-17,1998-04-17,2.0,20.31,Wolski Zajazd,ul. Filtrowa 68,Warszawa,,01-012,Poland,SQLServer,54.0,54.0,0.0,14.0,False,False,1934
10998,61,28.5,7.0,0.0,SQLServer,WOLZA,8,1998-04-03 00:00:00,1998-04-17,1998-04-17,2.0,20.31,Wolski Zajazd,ul. Filtrowa 68,Warszawa,,01-012,Poland,SQLServer,199.5,199.5,0.0,14.0,False,False,1935
10998,74,10.0,20.0,0.0,SQLServer,WOLZA,8,1998-04-03 00:00:00,1998-04-17,1998-04-17,2.0,20.31,Wolski Zajazd,ul. Filtrowa 68,Warszawa,,01-012,Poland,SQLServer,200.0,200.0,0.0,14.0,False,False,1936
10998,75,7.75,30.0,0.0,SQLServer,WOLZA,8,1998-04-03 00:00:00,1998-04-17,1998-04-17,2.0,20.31,Wolski Zajazd,ul. Filtrowa 68,Warszawa,,01-012,Poland,SQLServer,232.5,232.5,0.0,14.0,False,False,1937
10999,41,9.65,20.0,0.05000000074505806,SQLServer,OTTIK,6,1998-04-03 00:00:00,1998-05-01,1998-04-10,2.0,96.35,Ottilies Käseladen,Mehrheimerstr. 369,Köln,,50739,Germany,SQLServer,183.35,193.0,9.65,7.0,False,False,1938
10999,51,53.0,15.0,0.05000000074505806,SQLServer,OTTIK,6,1998-04-03 00:00:00,1998-05-01,1998-04-10,2.0,96.35,Ottilies Käseladen,Mehrheimerstr. 369,Köln,,50739,Germany,SQLServer,755.25,795.0,39.75,7.0,False,False,1939
10999,77,13.0,21.0,0.05000000074505806,SQLServer,OTTIK,6,1998-04-03 00:00:00,1998-05-01,1998-04-10,2.0,96.35,Ottilies Käseladen,Mehrheimerstr. 369,Köln,,50739,Germany,SQLServer,259.35,273.0,13.65,7.0,False,False,1940
11000,4,22.0,25.0,0.25,SQLServer,RATTC,2,1998-04-06 00:00:00,1998-05-04,1998-04-14,3.0,55.12,Rattlesnake Canyon Grocery,2817 Milton Dr.,Albuquerque,NM,87110,USA,SQLServer,412.5,550.0,137.5,8.0,False,False,1941
11000,24,4.5,30.0,0.25,SQLServer,RATTC,2,1998-04-06 00:00:00,1998-05-04,1998-04-14,3.0,55.12,Rattlesnake Canyon Grocery,2817 Milton Dr.,Albuquerque,NM,87110,USA,SQLServer,101.25,135.0,33.75,8.0,False,False,1942
11000,77,13.0,30.0,0.0,SQLServer,RATTC,2,1998-04-06 00:00:00,1998-05-04,1998-04-14,3.0,55.12,Rattlesnake Canyon Grocery,2817 Milton Dr.,Albuquerque,NM,87110,USA,SQLServer,390.0,390.0,0.0,8.0,False,False,1943
11001,7,30.0,60.0,0.0,SQLServer,FOLKO,2,1998-04-06 00:00:00,1998-05-04,1998-04-14,2.0,197.3,Folk och fä HB,Åkergatan 24,Bräcke,,S-844 67,Sweden,SQLServer,1800.0,1800.0,0.0,8.0,False,False,1944
11001,22,21.0,25.0,0.0,SQLServer,FOLKO,2,1998-04-06 00:00:00,1998-05-04,1998-04-14,2.0,197.3,Folk och fä HB,Åkergatan 24,Bräcke,,S-844 67,Sweden,SQLServer,525.0,525.0,0.0,8.0,False,False,1945
11001,46,12.0,25.0,0.0,SQLServer,FOLKO,2,1998-04-06 00:00:00,1998-05-04,1998-04-14,2.0,197.3,Folk och fä HB,Åkergatan 24,Bräcke,,S-844 67,Sweden,SQLServer,300.0,300.0,0.0,8.0,False,False,1946
11001,55,24.0,6.0,0.0,SQLServer,FOLKO,2,1998-04-06 00:00:00,1998-05-04,1998-04-14,2.0,197.3,Folk och fä HB,Åkergatan 24,Bräcke,,S-844 67,Sweden,SQLServer,144.0,144.0,0.0,8.0,False,False,1947
11002,13,6.0,56.0,0.0,SQLServer,SAVEA,4,1998-04-06 00:00:00,1998-05-04,1998-04-16,1.0,141.16,Save-a-lot Markets,187 Suffolk Ln.,Boise,ID,83720,USA,SQLServer,336.0,336.0,0.0,10.0,False,False,1948
11002,35,18.0,15.0,0.15000000596046448,SQLServer,SAVEA,4,1998-04-06 00:00:00,1998-05-04,1998-04-16,1.0,141.16,Save-a-lot Markets,187 Suffolk Ln.,Boise,ID,83720,USA,SQLServer,229.5,270.0,40.5,10.0,False,False,1949
11002,42,14.0,24.0,0.15000000596046448,SQLServer,SAVEA,4,1998-04-06 00:00:00,1998-05-04,1998-04-16,1.0,141.16,Save-a-lot Markets,187 Suffolk Ln.,Boise,ID,83720,USA,SQLServer,285.6,336.0,50.4,10.0,False,False,1950
11002,55,24.0,40.0,0.0,SQLServer,SAVEA,4,1998-04-06 00:00:00,1998-05-04,1998-04-16,1.0,141.16,Save-a-lot Markets,187 Suffolk Ln.,Boise,ID,83720,USA,SQLServer,960.0,960.0,0.0,10.0,False,False,1951
11003,1,18.0,4.0,0.0,SQLServer,THECR,3,1998-04-06 00:00:00,1998-05-04,1998-04-08,3.0,14.91,The Cracker Box,55 Grizzly Peak Rd.,Butte,MT,59801,USA,SQLServer,72.0,72.0,0.0,2.0,False,False,1952
11003,40,18.4,10.0,0.0,SQLServer,THECR,3,1998-04-06 00:00:00,1998-05-04,1998-04-08,3.0,14.91,The Cracker Box,55 Grizzly Peak Rd.,Butte,MT,59801,USA,SQLServer,184.0,184.0,0.0,2.0,False,False,1953
11003,52,7.0,10.0,0.0,SQLServer,THECR,3,1998-04-06 00:00:00,1998-05-04,1998-04-08,3.0,14.91,The Cracker Box,55 Grizzly Peak Rd.,Butte,MT,59801,USA,SQLServer,70.0,70.0,0.0,2.0,False,False,1954
11004,26,31.23,6.0,0.0,SQLServer,MAISD,3,1998-04-07 00:00:00,1998-05-05,1998-04-20,1.0,44.84,Maison Dewey,Rue Joseph-Bens 532,Bruxelles,,B-1180,Belgium,SQLServer,187.38,187.38,0.0,13.0,False,False,1955
11004,76,18.0,6.0,0.0,SQLServer,MAISD,3,1998-04-07 00:00:00,1998-05-05,1998-04-20,1.0,44.84,Maison Dewey,Rue Joseph-Bens 532,Bruxelles,,B-1180,Belgium,SQLServer,108.0,108.0,0.0,13.0,False,False,1956
11005,1,18.0,2.0,0.0,SQLServer,WILMK,2,1998-04-07 00:00:00,1998-05-05,1998-04-10,1.0,0.75,Wilman Kala,Keskuskatu 45,Helsinki,,21240,Finland,SQLServer,36.0,36.0,0.0,3.0,False,False,1957
11005,59,55.0,10.0,0.0,SQLServer,WILMK,2,1998-04-07 00:00:00,1998-05-05,1998-04-10,1.0,0.75,Wilman Kala,Keskuskatu 45,Helsinki,,21240,Finland,SQLServer,550.0,550.0,0.0,3.0,False,False,1958
11006,1,18.0,8.0,0.0,SQLServer,GREAL,3,1998-04-07 00:00:00,1998-05-05,1998-04-15,2.0,25.19,Great Lakes Food Market,2732 Baker Blvd.,Eugene,OR,97403,USA,SQLServer,144.0,144.0,0.0,8.0,False,False,1959
11006,29,123.79,2.0,0.25,SQLServer,GREAL,3,1998-04-07 00:00:00,1998-05-05,1998-04-15,2.0,25.19,Great Lakes Food Market,2732 Baker Blvd.,Eugene,OR,97403,USA,SQLServer,185.68,247.58,61.9,8.0,False,False,1960
11007,8,40.0,30.0,0.0,SQLServer,PRINI,8,1998-04-08 00:00:00,1998-05-06,1998-04-13,2.0,202.24,Princesa Isabel Vinhos,Estrada da saúde n. 58,Lisboa,,1756,Portugal,SQLServer,1200.0,1200.0,0.0,5.0,False,False,1961
11007,29,123.79,10.0,0.0,SQLServer,PRINI,8,1998-04-08 00:00:00,1998-05-06,1998-04-13,2.0,202.24,Princesa Isabel Vinhos,Estrada da saúde n. 58,Lisboa,,1756,Portugal,SQLServer,1237.9,1237.9,0.0,5.0,False,False,1962
11007,42,14.0,14.0,0.0,SQLServer,PRINI,8,1998-04-08 00:00:00,1998-05-06,1998-04-13,2.0,202.24,Princesa Isabel Vinhos,Estrada da saúde n. 58,Lisboa,,1756,Portugal,SQLServer,196.0,196.0,0.0,5.0,False,False,1963
11008,28,45.6,70.0,0.05000000074505806,SQLServer,ERNSH,7,1998-04-08 00:00:00,1998-05-06,,3.0,79.46,Ernst Handel,Kirchgasse 6,Graz,,8010,Austria,SQLServer,3032.4,3192.0,159.6,,False,False,1964
11008,34,14.0,90.0,0.05000000074505806,SQLServer,ERNSH,7,1998-04-08 00:00:00,1998-05-06,,3.0,79.46,Ernst Handel,Kirchgasse 6,Graz,,8010,Austria,SQLServer,1197.0,1260.0,63.0,,False,False,1965
11008,71,21.5,21.0,0.0,SQLServer,ERNSH,7,1998-04-08 00:00:00,1998-05-06,,3.0,79.46,Ernst Handel,Kirchgasse 6,Graz,,8010,Austria,SQLServer,451.5,451.5,0.0,,False,False,1966
11009,24,4.5,12.0,0.0,SQLServer,GODOS,2,1998-04-08 00:00:00,1998-05-06,1998-04-10,1.0,59.11,Godos Cocina Típica,"C/ Romero, 33",Sevilla,,41101,Spain,SQLServer,54.0,54.0,0.0,2.0,False,False,1967
11009,36,19.0,18.0,0.25,SQLServer,GODOS,2,1998-04-08 00:00:00,1998-05-06,1998-04-10,1.0,59.11,Godos Cocina Típica,"C/ Romero, 33",Sevilla,,41101,Spain,SQLServer,256.5,342.0,85.5,2.0,False,False,1968
11009,60,34.0,9.0,0.0,SQLServer,GODOS,2,1998-04-08 00:00:00,1998-05-06,1998-04-10,1.0,59.11,Godos Cocina Típica,"C/ Romero, 33",Sevilla,,41101,Spain,SQLServer,306.0,306.0,0.0,2.0,False,False,1969
11010,7,30.0,20.0,0.0,SQLServer,REGGC,2,1998-04-09 00:00:00,1998-05-07,1998-04-21,2.0,28.71,Reggiani Caseifici,Strada Provinciale 124,Reggio Emilia,,42100,Italy,SQLServer,600.0,600.0,0.0,12.0,False,False,1970
11010,24,4.5,10.0,0.0,SQLServer,REGGC,2,1998-04-09 00:00:00,1998-05-07,1998-04-21,2.0,28.71,Reggiani Caseifici,Strada Provinciale 124,Reggio Emilia,,42100,Italy,SQLServer,45.0,45.0,0.0,12.0,False,False,1971
11011,58,13.25,40.0,0.05000000074505806,SQLServer,ALFKI,3,1998-04-09 00:00:00,1998-05-07,1998-04-13,1.0,1.21,Alfred's Futterkiste,Obere Str. 57,Berlin,,12209,Germany,SQLServer,503.5,530.0,26.5,4.0,False,False,1972
11011,71,21.5,20.0,0.0,SQLServer,ALFKI,3,1998-04-09 00:00:00,1998-05-07,1998-04-13,1.0,1.21,Alfred's Futterkiste,Obere Str. 57,Berlin,,12209,Germany,SQLServer,430.0,430.0,0.0,4.0,False,False,1973
11012,19,9.2,50.0,0.05000000074505806,SQLServer,FRANK,1,1998-04-09 00:00:00,1998-04-23,1998-04-17,3.0,242.95,Frankenversand,Berliner Platz 43,München,,80805,Germany,SQLServer,437.0,460.0,23.0,8.0,False,False,1974
11012,60,34.0,36.0,0.05000000074505806,SQLServer,FRANK,1,1998-04-09 00:00:00,1998-04-23,1998-04-17,3.0,242.95,Frankenversand,Berliner Platz 43,München,,80805,Germany,SQLServer,1162.8,1224.0,61.2,8.0,False,False,1975
11012,71,21.5,60.0,0.05000000074505806,SQLServer,FRANK,1,1998-04-09 00:00:00,1998-04-23,1998-04-17,3.0,242.95,Frankenversand,Berliner Platz 43,München,,80805,Germany,SQLServer,1225.5,1290.0,64.5,8.0,False,False,1976
11013,23,9.0,10.0,0.0,SQLServer,ROMEY,2,1998-04-09 00:00:00,1998-05-07,1998-04-10,1.0,32.99,Romero y tomillo,"Gran Vía, 1",Madrid,,28001,Spain,SQLServer,90.0,90.0,0.0,1.0,False,False,1977
11013,42,14.0,4.0,0.0,SQLServer,ROMEY,2,1998-04-09 00:00:00,1998-05-07,1998-04-10,1.0,32.99,Romero y tomillo,"Gran Vía, 1",Madrid,,28001,Spain,SQLServer,56.0,56.0,0.0,1.0,False,False,1978
11013,45,9.5,20.0,0.0,SQLServer,ROMEY,2,1998-04-09 00:00:00,1998-05-07,1998-04-10,1.0,32.99,Romero y tomillo,"Gran Vía, 1",Madrid,,28001,Spain,SQLServer,190.0,190.0,0.0,1.0,False,False,1979
11013,68,12.5,2.0,0.0,SQLServer,ROMEY,2,1998-04-09 00:00:00,1998-05-07,1998-04-10,1.0,32.99,Romero y tomillo,"Gran Vía, 1",Madrid,,28001,Spain,SQLServer,25.0,25.0,0.0,1.0,False,False,1980
11014,41,9.65,28.0,0.10000000149011612,SQLServer,LINOD,2,1998-04-10 00:00:00,1998-05-08,1998-04-15,3.0,23.6,LINO-Delicateses,Ave. 5 de Mayo Porlamar,I. de Margarita,Nueva Esparta,4980,Venezuela,SQLServer,243.18,270.2,27.02,5.0,False,False,1981
11015,30,25.89,15.0,0.0,SQLServer,SANTG,2,1998-04-10 00:00:00,1998-04-24,1998-04-20,2.0,4.62,Santé Gourmet,Erling Skakkes gate 78,Stavern,,4110,Norway,SQLServer,388.35,388.35,0.0,10.0,False,False,1982
11015,77,13.0,18.0,0.0,SQLServer,SANTG,2,1998-04-10 00:00:00,1998-04-24,1998-04-20,2.0,4.62,Santé Gourmet,Erling Skakkes gate 78,Stavern,,4110,Norway,SQLServer,234.0,234.0,0.0,10.0,False,False,1983
11016,31,12.5,15.0,0.0,SQLServer,AROUT,9,1998-04-10 00:00:00,1998-05-08,1998-04-13,2.0,33.8,Around the Horn,Brook Farm Stratford St. Mary,Colchester,Essex,CO7 6JX,UK,SQLServer,187.5,187.5,0.0,3.0,False,False,1984
11016,36,19.0,16.0,0.0,SQLServer,AROUT,9,1998-04-10 00:00:00,1998-05-08,1998-04-13,2.0,33.8,Around the Horn,Brook Farm Stratford St. Mary,Colchester,Essex,CO7 6JX,UK,SQLServer,304.0,304.0,0.0,3.0,False,False,1985
11017,3,10.0,25.0,0.0,SQLServer,ERNSH,9,1998-04-13 00:00:00,1998-05-11,1998-04-20,2.0,754.26,Ernst Handel,Kirchgasse 6,Graz,,8010,Austria,SQLServer,250.0,250.0,0.0,7.0,False,True,1986
11017,59,55.0,110.0,0.0,SQLServer,ERNSH,9,1998-04-13 00:00:00,1998-05-11,1998-04-20,2.0,754.26,Ernst Handel,Kirchgasse 6,Graz,,8010,Austria,SQLServer,6050.0,6050.0,0.0,7.0,False,True,1987
11017,70,15.0,30.0,0.0,SQLServer,ERNSH,9,1998-04-13 00:00:00,1998-05-11,1998-04-20,2.0,754.26,Ernst Handel,Kirchgasse 6,Graz,,8010,Austria,SQLServer,450.0,450.0,0.0,7.0,False,True,1988
11018,12,38.0,20.0,0.0,SQLServer,LONEP,4,1998-04-13 00:00:00,1998-05-11,1998-04-16,2.0,11.65,Lonesome Pine Restaurant,89 Chiaroscuro Rd.,Portland,OR,97219,USA,SQLServer,760.0,760.0,0.0,3.0,False,False,1989
11018,18,62.5,10.0,0.0,SQLServer,LONEP,4,1998-04-13 00:00:00,1998-05-11,1998-04-16,2.0,11.65,Lonesome Pine Restaurant,89 Chiaroscuro Rd.,Portland,OR,97219,USA,SQLServer,625.0,625.0,0.0,3.0,False,False,1990
11018,56,38.0,5.0,0.0,SQLServer,LONEP,4,1998-04-13 00:00:00,1998-05-11,1998-04-16,2.0,11.65,Lonesome Pine Restaurant,89 Chiaroscuro Rd.,Portland,OR,97219,USA,SQLServer,190.0,190.0,0.0,3.0,False,False,1991
11019,46,12.0,3.0,0.0,SQLServer,RANCH,6,1998-04-13 00:00:00,1998-05-11,,3.0,3.17,Rancho grande,Av. del Libertador 900,Buenos Aires,,1010,Argentina,SQLServer,36.0,36.0,0.0,,False,False,1992
11019,49,20.0,2.0,0.0,SQLServer,RANCH,6,1998-04-13 00:00:00,1998-05-11,,3.0,3.17,Rancho grande,Av. del Libertador 900,Buenos Aires,,1010,Argentina,SQLServer,40.0,40.0,0.0,,False,False,1993
11020,10,31.0,24.0,0.15000000596046448,SQLServer,OTTIK,2,1998-04-14 00:00:00,1998-05-12,1998-04-16,2.0,43.3,Ottilies Käseladen,Mehrheimerstr. 369,Köln,,50739,Germany,SQLServer,632.4,744.0,111.6,2.0,False,False,1994
11021,2,19.0,11.0,0.25,SQLServer,QUICK,3,1998-04-14 00:00:00,1998-05-12,1998-04-21,1.0,297.18,QUICK-Stop,Taucherstraße 10,Cunewalde,,01307,Germany,SQLServer,156.75,209.0,52.25,7.0,False,False,1995
11021,20,81.0,15.0,0.0,SQLServer,QUICK,3,1998-04-14 00:00:00,1998-05-12,1998-04-21,1.0,297.18,QUICK-Stop,Taucherstraße 10,Cunewalde,,01307,Germany,SQLServer,1215.0,1215.0,0.0,7.0,False,False,1996
11021,26,31.23,63.0,0.0,SQLServer,QUICK,3,1998-04-14 00:00:00,1998-05-12,1998-04-21,1.0,297.18,QUICK-Stop,Taucherstraße 10,Cunewalde,,01307,Germany,SQLServer,1967.49,1967.49,0.0,7.0,False,False,1997
11021,51,53.0,44.0,0.25,SQLServer,QUICK,3,1998-04-14 00:00:00,1998-05-12,1998-04-21,1.0,297.18,QUICK-Stop,Taucherstraße 10,Cunewalde,,01307,Germany,SQLServer,1749.0,2332.0,583.0,7.0,False,False,1998
11021,72,34.8,35.0,0.0,SQLServer,QUICK,3,1998-04-14 00:00:00,1998-05-12,1998-04-21,1.0,297.18,QUICK-Stop,Taucherstraße 10,Cunewalde,,01307,Germany,SQLServer,1218.0,1218.0,0.0,7.0,False,False,1999
11022,19,9.2,35.0,0.0,SQLServer,HANAR,9,1998-04-14 00:00:00,1998-05-12,1998-05-04,2.0,6.27,Hanari Carnes,"Rua do Paço, 67",Rio de Janeiro,RJ,05454-876,Brazil,SQLServer,322.0,322.0,0.0,20.0,False,False,2000
11022,69,36.0,30.0,0.0,SQLServer,HANAR,9,1998-04-14 00:00:00,1998-05-12,1998-05-04,2.0,6.27,Hanari Carnes,"Rua do Paço, 67",Rio de Janeiro,RJ,05454-876,Brazil,SQLServer,1080.0,1080.0,0.0,20.0,False,False,2001
11023,7,30.0,4.0,0.0,SQLServer,BSBEV,1,1998-04-14 00:00:00,1998-04-28,1998-04-24,2.0,123.83,B's Beverages,Fauntleroy Circus,London,,EC2 5NT,UK,SQLServer,120.0,120.0,0.0,10.0,False,False,2002
11023,43,46.0,30.0,0.0,SQLServer,BSBEV,1,1998-04-14 00:00:00,1998-04-28,1998-04-24,2.0,123.83,B's Beverages,Fauntleroy Circus,London,,EC2 5NT,UK,SQLServer,1380.0,1380.0,0.0,10.0,False,False,2003
11024,26,31.23,12.0,0.0,SQLServer,EASTC,4,1998-04-15 00:00:00,1998-05-13,1998-04-20,1.0,74.36,Eastern Connection,35 King George,London,,WX3 6FW,UK,SQLServer,374.76,374.76,0.0,5.0,False,False,2004
11024,33,2.5,30.0,0.0,SQLServer,EASTC,4,1998-04-15 00:00:00,1998-05-13,1998-04-20,1.0,74.36,Eastern Connection,35 King George,London,,WX3 6FW,UK,SQLServer,75.0,75.0,0.0,5.0,False,False,2005
11024,65,21.05,21.0,0.0,SQLServer,EASTC,4,1998-04-15 00:00:00,1998-05-13,1998-04-20,1.0,74.36,Eastern Connection,35 King George,London,,WX3 6FW,UK,SQLServer,442.05,442.05,0.0,5.0,False,False,2006
11024,71,21.5,50.0,0.0,SQLServer,EASTC,4,1998-04-15 00:00:00,1998-05-13,1998-04-20,1.0,74.36,Eastern Connection,35 King George,London,,WX3 6FW,UK,SQLServer,1075.0,1075.0,0.0,5.0,False,False,2007
11025,1,18.0,10.0,0.10000000149011612,SQLServer,WARTH,6,1998-04-15 00:00:00,1998-05-13,1998-04-24,3.0,29.17,Wartian Herkku,Torikatu 38,Oulu,,90110,Finland,SQLServer,162.0,180.0,18.0,9.0,False,False,2008
11025,13,6.0,20.0,0.10000000149011612,SQLServer,WARTH,6,1998-04-15 00:00:00,1998-05-13,1998-04-24,3.0,29.17,Wartian Herkku,Torikatu 38,Oulu,,90110,Finland,SQLServer,108.0,120.0,12.0,9.0,False,False,2009
11026,18,62.5,8.0,0.0,SQLServer,FRANS,4,1998-04-15 00:00:00,1998-05-13,1998-04-28,1.0,47.09,Franchi S.p.A.,Via Monte Bianco 34,Torino,,10100,Italy,SQLServer,500.0,500.0,0.0,13.0,False,False,2010
11026,51,53.0,10.0,0.0,SQLServer,FRANS,4,1998-04-15 00:00:00,1998-05-13,1998-04-28,1.0,47.09,Franchi S.p.A.,Via Monte Bianco 34,Torino,,10100,Italy,SQLServer,530.0,530.0,0.0,13.0,False,False,2011
11027,24,4.5,30.0,0.25,SQLServer,BOTTM,1,1998-04-16 00:00:00,1998-05-14,1998-04-20,1.0,52.52,Bottom-Dollar Markets,23 Tsawassen Blvd.,Tsawassen,BC,T2F 8M4,Canada,SQLServer,101.25,135.0,33.75,4.0,False,False,2012
11027,62,49.3,21.0,0.25,SQLServer,BOTTM,1,1998-04-16 00:00:00,1998-05-14,1998-04-20,1.0,52.52,Bottom-Dollar Markets,23 Tsawassen Blvd.,Tsawassen,BC,T2F 8M4,Canada,SQLServer,776.47,1035.3,258.83,4.0,False,False,2013
11028,55,24.0,35.0,0.0,SQLServer,KOENE,2,1998-04-16 00:00:00,1998-05-14,1998-04-22,1.0,29.59,Königlich Essen,Maubelstr. 90,Brandenburg,,14776,Germany,SQLServer,840.0,840.0,0.0,6.0,False,False,2014
11028,59,55.0,24.0,0.0,SQLServer,KOENE,2,1998-04-16 00:00:00,1998-05-14,1998-04-22,1.0,29.59,Königlich Essen,Maubelstr. 90,Brandenburg,,14776,Germany,SQLServer,1320.0,1320.0,0.0,6.0,False,False,2015
11029,56,38.0,20.0,0.0,SQLServer,CHOPS,4,1998-04-16 00:00:00,1998-05-14,1998-04-27,1.0,47.84,Chop-suey Chinese,Hauptstr. 31,Bern,,3012,Switzerland,SQLServer,760.0,760.0,0.0,11.0,False,False,2016
11029,63,43.9,12.0,0.0,SQLServer,CHOPS,4,1998-04-16 00:00:00,1998-05-14,1998-04-27,1.0,47.84,Chop-suey Chinese,Hauptstr. 31,Bern,,3012,Switzerland,SQLServer,526.8,526.8,0.0,11.0,False,False,2017
11030,2,19.0,100.0,0.25,SQLServer,SAVEA,7,1998-04-17 00:00:00,1998-05-15,1998-04-27,2.0,830.75,Save-a-lot Markets,187 Suffolk Ln.,Boise,ID,83720,USA,SQLServer,1425.0,1900.0,475.0,10.0,False,True,2018
11030,5,21.35,70.0,0.0,SQLServer,SAVEA,7,1998-04-17 00:00:00,1998-05-15,1998-04-27,2.0,830.75,Save-a-lot Markets,187 Suffolk Ln.,Boise,ID,83720,USA,SQLServer,1494.5,1494.5,0.0,10.0,False,True,2019
11030,29,123.79,60.0,0.25,SQLServer,SAVEA,7,1998-04-17 00:00:00,1998-05-15,1998-04-27,2.0,830.75,Save-a-lot Markets,187 Suffolk Ln.,Boise,ID,83720,USA,SQLServer,5570.55,7427.4,1856.85,10.0,False,True,2020
11030,59,55.0,100.0,0.25,SQLServer,SAVEA,7,1998-04-17 00:00:00,1998-05-15,1998-04-27,2.0,830.75,Save-a-lot Markets,187 Suffolk Ln.,Boise,ID,83720,USA,SQLServer,4125.0,5500.0,1375.0,10.0,False,True,2021
11031,1,18.0,45.0,0.0,SQLServer,SAVEA,6,1998-04-17 00:00:00,1998-05-15,1998-04-24,2.0,227.22,Save-a-lot Markets,187 Suffolk Ln.,Boise,ID,83720,USA,SQLServer,810.0,810.0,0.0,7.0,False,False,2022
11031,13,6.0,80.0,0.0,SQLServer,SAVEA,6,1998-04-17 00:00:00,1998-05-15,1998-04-24,2.0,227.22,Save-a-lot Markets,187 Suffolk Ln.,Boise,ID,83720,USA,SQLServer,480.0,480.0,0.0,7.0,False,False,2023
11031,24,4.5,21.0,0.0,SQLServer,SAVEA,6,1998-04-17 00:00:00,1998-05-15,1998-04-24,2.0,227.22,Save-a-lot Markets,187 Suffolk Ln.,Boise,ID,83720,USA,SQLServer,94.5,94.5,0.0,7.0,False,False,2024
11031,64,33.25,20.0,0.0,SQLServer,SAVEA,6,1998-04-17 00:00:00,1998-05-15,1998-04-24,2.0,227.22,Save-a-lot Markets,187 Suffolk Ln.,Boise,ID,83720,USA,SQLServer,665.0,665.0,0.0,7.0,False,False,2025
11031,71,21.5,16.0,0.0,SQLServer,SAVEA,6,1998-04-17 00:00:00,1998-05-15,1998-04-24,2.0,227.22,Save-a-lot Markets,187 Suffolk Ln.,Boise,ID,83720,USA,SQLServer,344.0,344.0,0.0,7.0,False,False,2026
11032,36,19.0,35.0,0.0,SQLServer,WHITC,2,1998-04-17 00:00:00,1998-05-15,1998-04-23,3.0,606.19,White Clover Markets,1029 - 12th Ave. S.,Seattle,WA,98124,USA,SQLServer,665.0,665.0,0.0,6.0,False,True,2027
11032,38,263.5,25.0,0.0,SQLServer,WHITC,2,1998-04-17 00:00:00,1998-05-15,1998-04-23,3.0,606.19,White Clover Markets,1029 - 12th Ave. S.,Seattle,WA,98124,USA,SQLServer,6587.5,6587.5,0.0,6.0,False,True,2028
11032,59,55.0,30.0,0.0,SQLServer,WHITC,2,1998-04-17 00:00:00,1998-05-15,1998-04-23,3.0,606.19,White Clover Markets,1029 - 12th Ave. S.,Seattle,WA,98124,USA,SQLServer,1650.0,1650.0,0.0,6.0,False,True,2029
11033,53,32.8,70.0,0.10000000149011612,SQLServer,RICSU,7,1998-04-17 00:00:00,1998-05-15,1998-04-23,3.0,84.74,Richter Supermarkt,Starenweg 5,Genève,,1204,Switzerland,SQLServer,2066.4,2296.0,229.6,6.0,False,False,2030
11033,69,36.0,36.0,0.10000000149011612,SQLServer,RICSU,7,1998-04-17 00:00:00,1998-05-15,1998-04-23,3.0,84.74,Richter Supermarkt,Starenweg 5,Genève,,1204,Switzerland,SQLServer,1166.4,1296.0,129.6,6.0,False,False,2031
11034,21,10.0,15.0,0.10000000149011612,SQLServer,OLDWO,8,1998-04-20 00:00:00,1998-06-01,1998-04-27,1.0,40.32,Old World Delicatessen,2743 Bering St.,Anchorage,AK,99508,USA,SQLServer,135.0,150.0,15.0,7.0,False,False,2032
11034,44,19.45,12.0,0.0,SQLServer,OLDWO,8,1998-04-20 00:00:00,1998-06-01,1998-04-27,1.0,40.32,Old World Delicatessen,2743 Bering St.,Anchorage,AK,99508,USA,SQLServer,233.4,233.4,0.0,7.0,False,False,2033
11034,61,28.5,6.0,0.0,SQLServer,OLDWO,8,1998-04-20 00:00:00,1998-06-01,1998-04-27,1.0,40.32,Old World Delicatessen,2743 Bering St.,Anchorage,AK,99508,USA,SQLServer,171.0,171.0,0.0,7.0,False,False,2034
11035,1,18.0,10.0,0.0,SQLServer,SUPRD,2,1998-04-20 00:00:00,1998-05-18,1998-04-24,2.0,0.17,Suprêmes délices,"Boulevard Tirou, 255",Charleroi,,B-6000,Belgium,SQLServer,180.0,180.0,0.0,4.0,False,False,2035
11035,35,18.0,60.0,0.0,SQLServer,SUPRD,2,1998-04-20 00:00:00,1998-05-18,1998-04-24,2.0,0.17,Suprêmes délices,"Boulevard Tirou, 255",Charleroi,,B-6000,Belgium,SQLServer,1080.0,1080.0,0.0,4.0,False,False,2036
11035,42,14.0,30.0,0.0,SQLServer,SUPRD,2,1998-04-20 00:00:00,1998-05-18,1998-04-24,2.0,0.17,Suprêmes délices,"Boulevard Tirou, 255",Charleroi,,B-6000,Belgium,SQLServer,420.0,420.0,0.0,4.0,False,False,2037
11035,54,7.45,10.0,0.0,SQLServer,SUPRD,2,1998-04-20 00:00:00,1998-05-18,1998-04-24,2.0,0.17,Suprêmes délices,"Boulevard Tirou, 255",Charleroi,,B-6000,Belgium,SQLServer,74.5,74.5,0.0,4.0,False,False,2038
11036,13,6.0,7.0,0.0,SQLServer,DRACD,8,1998-04-20 00:00:00,1998-05-18,1998-04-22,3.0,149.47,Drachenblut Delikatessen,Walserweg 21,Aachen,,52066,Germany,SQLServer,42.0,42.0,0.0,2.0,False,False,2039
11036,59,55.0,30.0,0.0,SQLServer,DRACD,8,1998-04-20 00:00:00,1998-05-18,1998-04-22,3.0,149.47,Drachenblut Delikatessen,Walserweg 21,Aachen,,52066,Germany,SQLServer,1650.0,1650.0,0.0,2.0,False,False,2040
11037,70,15.0,4.0,0.0,SQLServer,GODOS,7,1998-04-21 00:00:00,1998-05-19,1998-04-27,1.0,3.2,Godos Cocina Típica,"C/ Romero, 33",Sevilla,,41101,Spain,SQLServer,60.0,60.0,0.0,6.0,False,False,2041
11038,40,18.4,5.0,0.20000000298023224,SQLServer,SUPRD,1,1998-04-21 00:00:00,1998-05-19,1998-04-30,2.0,29.59,Suprêmes délices,"Boulevard Tirou, 255",Charleroi,,B-6000,Belgium,SQLServer,73.6,92.0,18.4,9.0,False,False,2042
11038,52,7.0,2.0,0.0,SQLServer,SUPRD,1,1998-04-21 00:00:00,1998-05-19,1998-04-30,2.0,29.59,Suprêmes délices,"Boulevard Tirou, 255",Charleroi,,B-6000,Belgium,SQLServer,14.0,14.0,0.0,9.0,False,False,2043
11038,71,21.5,30.0,0.0,SQLServer,SUPRD,1,1998-04-21 00:00:00,1998-05-19,1998-04-30,2.0,29.59,Suprêmes délices,"Boulevard Tirou, 255",Charleroi,,B-6000,Belgium,SQLServer,645.0,645.0,0.0,9.0,False,False,2044
11039,28,45.6,20.0,0.0,SQLServer,LINOD,1,1998-04-21 00:00:00,1998-05-19,,2.0,65.0,LINO-Delicateses,Ave. 5 de Mayo Porlamar,I. de Margarita,Nueva Esparta,4980,Venezuela,SQLServer,912.0,912.0,0.0,,False,False,2045
11039,35,18.0,24.0,0.0,SQLServer,LINOD,1,1998-04-21 00:00:00,1998-05-19,,2.0,65.0,LINO-Delicateses,Ave. 5 de Mayo Porlamar,I. de Margarita,Nueva Esparta,4980,Venezuela,SQLServer,432.0,432.0,0.0,,False,False,2046
11039,49,20.0,60.0,0.0,SQLServer,LINOD,1,1998-04-21 00:00:00,1998-05-19,,2.0,65.0,LINO-Delicateses,Ave. 5 de Mayo Porlamar,I. de Margarita,Nueva Esparta,4980,Venezuela,SQLServer,1200.0,1200.0,0.0,,False,False,2047
11039,57,19.5,28.0,0.0,SQLServer,LINOD,1,1998-04-21 00:00:00,1998-05-19,,2.0,65.0,LINO-Delicateses,Ave. 5 de Mayo Porlamar,I. de Margarita,Nueva Esparta,4980,Venezuela,SQLServer,546.0,546.0,0.0,,False,False,2048
11040,21,10.0,20.0,0.0,SQLServer,GREAL,4,1998-04-22 00:00:00,1998-05-20,,3.0,18.84,Great Lakes Food Market,2732 Baker Blvd.,Eugene,OR,97403,USA,SQLServer,200.0,200.0,0.0,,False,False,2049
11041,2,19.0,30.0,0.20000000298023224,SQLServer,CHOPS,3,1998-04-22 00:00:00,1998-05-20,1998-04-28,2.0,48.22,Chop-suey Chinese,Hauptstr. 31,Bern,,3012,Switzerland,SQLServer,456.0,570.0,114.0,6.0,False,False,2050
11041,63,43.9,30.0,0.0,SQLServer,CHOPS,3,1998-04-22 00:00:00,1998-05-20,1998-04-28,2.0,48.22,Chop-suey Chinese,Hauptstr. 31,Bern,,3012,Switzerland,SQLServer,1317.0,1317.0,0.0,6.0,False,False,2051
11042,44,19.45,15.0,0.0,SQLServer,COMMI,2,1998-04-22 00:00:00,1998-05-06,1998-05-01,1.0,29.99,Comércio Mineiro,"Av. dos Lusíadas, 23",Sao Paulo,SP,05432-043,Brazil,SQLServer,291.75,291.75,0.0,9.0,False,False,2052
11042,61,28.5,4.0,0.0,SQLServer,COMMI,2,1998-04-22 00:00:00,1998-05-06,1998-05-01,1.0,29.99,Comércio Mineiro,"Av. dos Lusíadas, 23",Sao Paulo,SP,05432-043,Brazil,SQLServer,114.0,114.0,0.0,9.0,False,False,2053
11043,11,21.0,10.0,0.0,SQLServer,SPECD,5,1998-04-22 00:00:00,1998-05-20,1998-04-29,2.0,8.8,Spécialités du monde,"25, rue Lauriston",Paris,,75016,France,SQLServer,210.0,210.0,0.0,7.0,False,False,2054
11044,62,49.3,12.0,0.0,SQLServer,WOLZA,4,1998-04-23 00:00:00,1998-05-21,1998-05-01,1.0,8.72,Wolski Zajazd,ul. Filtrowa 68,Warszawa,,01-012,Poland,SQLServer,591.6,591.6,0.0,8.0,False,False,2055
11045,33,2.5,15.0,0.0,SQLServer,BOTTM,6,1998-04-23 00:00:00,1998-05-21,,2.0,70.58,Bottom-Dollar Markets,23 Tsawassen Blvd.,Tsawassen,BC,T2F 8M4,Canada,SQLServer,37.5,37.5,0.0,,False,False,2056
11045,51,53.0,24.0,0.0,SQLServer,BOTTM,6,1998-04-23 00:00:00,1998-05-21,,2.0,70.58,Bottom-Dollar Markets,23 Tsawassen Blvd.,Tsawassen,BC,T2F 8M4,Canada,SQLServer,1272.0,1272.0,0.0,,False,False,2057
11046,12,38.0,20.0,0.05000000074505806,SQLServer,WANDK,8,1998-04-23 00:00:00,1998-05-21,1998-04-24,2.0,71.64,Die Wandernde Kuh,Adenauerallee 900,Stuttgart,,70563,Germany,SQLServer,722.0,760.0,38.0,1.0,False,False,2058
11046,32,32.0,15.0,0.05000000074505806,SQLServer,WANDK,8,1998-04-23 00:00:00,1998-05-21,1998-04-24,2.0,71.64,Die Wandernde Kuh,Adenauerallee 900,Stuttgart,,70563,Germany,SQLServer,456.0,480.0,24.0,1.0,False,False,2059
11046,35,18.0,18.0,0.05000000074505806,SQLServer,WANDK,8,1998-04-23 00:00:00,1998-05-21,1998-04-24,2.0,71.64,Die Wandernde Kuh,Adenauerallee 900,Stuttgart,,70563,Germany,SQLServer,307.8,324.0,16.2,1.0,False,False,2060
11047,1,18.0,25.0,0.25,SQLServer,EASTC,7,1998-04-24 00:00:00,1998-05-22,1998-05-01,3.0,46.62,Eastern Connection,35 King George,London,,WX3 6FW,UK,SQLServer,337.5,450.0,112.5,7.0,False,False,2061
11047,5,21.35,30.0,0.25,SQLServer,EASTC,7,1998-04-24 00:00:00,1998-05-22,1998-05-01,3.0,46.62,Eastern Connection,35 King George,London,,WX3 6FW,UK,SQLServer,480.38,640.5,160.12,7.0,False,False,2062
11048,68,12.5,42.0,0.0,SQLServer,BOTTM,7,1998-04-24 00:00:00,1998-05-22,1998-04-30,3.0,24.12,Bottom-Dollar Markets,23 Tsawassen Blvd.,Tsawassen,BC,T2F 8M4,Canada,SQLServer,525.0,525.0,0.0,6.0,False,False,2063
11049,2,19.0,10.0,0.20000000298023224,SQLServer,GOURL,3,1998-04-24 00:00:00,1998-05-22,1998-05-04,1.0,8.34,Gourmet Lanchonetes,"Av. Brasil, 442",Campinas,SP,04876-786,Brazil,SQLServer,152.0,190.0,38.0,10.0,False,False,2064
11049,12,38.0,4.0,0.20000000298023224,SQLServer,GOURL,3,1998-04-24 00:00:00,1998-05-22,1998-05-04,1.0,8.34,Gourmet Lanchonetes,"Av. Brasil, 442",Campinas,SP,04876-786,Brazil,SQLServer,121.6,152.0,30.4,10.0,False,False,2065
11050,76,18.0,50.0,0.10000000149011612,SQLServer,FOLKO,8,1998-04-27 00:00:00,1998-05-25,1998-05-05,2.0,59.41,Folk och fä HB,Åkergatan 24,Bräcke,,S-844 67,Sweden,SQLServer,810.0,900.0,90.0,8.0,False,False,2066
11051,24,4.5,10.0,0.20000000298023224,SQLServer,LAMAI,7,1998-04-27 00:00:00,1998-05-25,,3.0,2.79,La maison d'Asie,1 rue Alsace-Lorraine,Toulouse,,31000,France,SQLServer,36.0,45.0,9.0,,False,False,2067
11052,43,46.0,30.0,0.20000000298023224,SQLServer,HANAR,3,1998-04-27 00:00:00,1998-05-25,1998-05-01,1.0,67.26,Hanari Carnes,"Rua do Paço, 67",Rio de Janeiro,RJ,05454-876,Brazil,SQLServer,1104.0,1380.0,276.0,4.0,False,False,2068
11052,61,28.5,10.0,0.20000000298023224,SQLServer,HANAR,3,1998-04-27 00:00:00,1998-05-25,1998-05-01,1.0,67.26,Hanari Carnes,"Rua do Paço, 67",Rio de Janeiro,RJ,05454-876,Brazil,SQLServer,228.0,285.0,57.0,4.0,False,False,2069
11053,18,62.5,35.0,0.20000000298023224,SQLServer,PICCO,2,1998-04-27 00:00:00,1998-05-25,1998-04-29,2.0,53.05,Piccolo und mehr,Geislweg 14,Salzburg,,5020,Austria,SQLServer,1750.0,2187.5,437.5,2.0,False,False,2070
11053,32,32.0,20.0,0.0,SQLServer,PICCO,2,1998-04-27 00:00:00,1998-05-25,1998-04-29,2.0,53.05,Piccolo und mehr,Geislweg 14,Salzburg,,5020,Austria,SQLServer,640.0,640.0,0.0,2.0,False,False,2071
11053,64,33.25,25.0,0.20000000298023224,SQLServer,PICCO,2,1998-04-27 00:00:00,1998-05-25,1998-04-29,2.0,53.05,Piccolo und mehr,Geislweg 14,Salzburg,,5020,Austria,SQLServer,665.0,831.25,166.25,2.0,False,False,2072
11054,33,2.5,10.0,0.0,SQLServer,CACTU,8,1998-04-28 00:00:00,1998-05-26,,1.0,0.33,Cactus Comidas para llevar,Cerrito 333,Buenos Aires,,1010,Argentina,SQLServer,25.0,25.0,0.0,,False,False,2073
11054,67,14.0,20.0,0.0,SQLServer,CACTU,8,1998-04-28 00:00:00,1998-05-26,,1.0,0.33,Cactus Comidas para llevar,Cerrito 333,Buenos Aires,,1010,Argentina,SQLServer,280.0,280.0,0.0,,False,False,2074
11055,24,4.5,15.0,0.0,SQLServer,HILAA,7,1998-04-28 00:00:00,1998-05-26,1998-05-05,2.0,120.92,HILARION-Abastos,Carrera 22 con Ave. Carlos Soublette #8-35,San Cristóbal,Táchira,5022,Venezuela,SQLServer,67.5,67.5,0.0,7.0,False,False,2075
11055,25,14.0,15.0,0.0,SQLServer,HILAA,7,1998-04-28 00:00:00,1998-05-26,1998-05-05,2.0,120.92,HILARION-Abastos,Carrera 22 con Ave. Carlos Soublette #8-35,San Cristóbal,Táchira,5022,Venezuela,SQLServer,210.0,210.0,0.0,7.0,False,False,2076
11055,51,53.0,20.0,0.0,SQLServer,HILAA,7,1998-04-28 00:00:00,1998-05-26,1998-05-05,2.0,120.92,HILARION-Abastos,Carrera 22 con Ave. Carlos Soublette #8-35,San Cristóbal,Táchira,5022,Venezuela,SQLServer,1060.0,1060.0,0.0,7.0,False,False,2077
11055,57,19.5,20.0,0.0,SQLServer,HILAA,7,1998-04-28 00:00:00,1998-05-26,1998-05-05,2.0,120.92,HILARION-Abastos,Carrera 22 con Ave. Carlos Soublette #8-35,San Cristóbal,Táchira,5022,Venezuela,SQLServer,390.0,390.0,0.0,7.0,False,False,2078
11056,7,30.0,40.0,0.0,SQLServer,EASTC,8,1998-04-28 00:00:00,1998-05-12,1998-05-01,2.0,278.96,Eastern Connection,35 King George,London,,WX3 6FW,UK,SQLServer,1200.0,1200.0,0.0,3.0,False,False,2079
11056,55,24.0,35.0,0.0,SQLServer,EASTC,8,1998-04-28 00:00:00,1998-05-12,1998-05-01,2.0,278.96,Eastern Connection,35 King George,London,,WX3 6FW,UK,SQLServer,840.0,840.0,0.0,3.0,False,False,2080
11056,60,34.0,50.0,0.0,SQLServer,EASTC,8,1998-04-28 00:00:00,1998-05-12,1998-05-01,2.0,278.96,Eastern Connection,35 King George,London,,WX3 6FW,UK,SQLServer,1700.0,1700.0,0.0,3.0,False,False,2081
11057,70,15.0,3.0,0.0,SQLServer,NORTS,3,1998-04-29 00:00:00,1998-05-27,1998-05-01,3.0,4.13,North/South,South House 300 Queensbridge,London,,SW7 1RZ,UK,SQLServer,45.0,45.0,0.0,2.0,False,False,2082
11058,21,10.0,3.0,0.0,SQLServer,BLAUS,9,1998-04-29 00:00:00,1998-05-27,,3.0,31.14,Blauer See Delikatessen,Forsterstr. 57,Mannheim,,68306,Germany,SQLServer,30.0,30.0,0.0,,False,False,2083
11058,60,34.0,21.0,0.0,SQLServer,BLAUS,9,1998-04-29 00:00:00,1998-05-27,,3.0,31.14,Blauer See Delikatessen,Forsterstr. 57,Mannheim,,68306,Germany,SQLServer,714.0,714.0,0.0,,False,False,2084
11058,61,28.5,4.0,0.0,SQLServer,BLAUS,9,1998-04-29 00:00:00,1998-05-27,,3.0,31.14,Blauer See Delikatessen,Forsterstr. 57,Mannheim,,68306,Germany,SQLServer,114.0,114.0,0.0,,False,False,2085
11059,13,6.0,30.0,0.0,SQLServer,RICAR,2,1998-04-29 00:00:00,1998-06-10,,2.0,85.8,Ricardo Adocicados,"Av. Copacabana, 267",Rio de Janeiro,RJ,02389-890,Brazil,SQLServer,180.0,180.0,0.0,,False,False,2086
11059,17,39.0,12.0,0.0,SQLServer,RICAR,2,1998-04-29 00:00:00,1998-06-10,,2.0,85.8,Ricardo Adocicados,"Av. Copacabana, 267",Rio de Janeiro,RJ,02389-890,Brazil,SQLServer,468.0,468.0,0.0,,False,False,2087
11059,60,34.0,35.0,0.0,SQLServer,RICAR,2,1998-04-29 00:00:00,1998-06-10,,2.0,85.8,Ricardo Adocicados,"Av. Copacabana, 267",Rio de Janeiro,RJ,02389-890,Brazil,SQLServer,1190.0,1190.0,0.0,,False,False,2088
11060,60,34.0,4.0,0.0,SQLServer,FRANS,2,1998-04-30 00:00:00,1998-05-28,1998-05-04,2.0,10.98,Franchi S.p.A.,Via Monte Bianco 34,Torino,,10100,Italy,SQLServer,136.0,136.0,0.0,4.0,False,False,2089
11060,77,13.0,10.0,0.0,SQLServer,FRANS,2,1998-04-30 00:00:00,1998-05-28,1998-05-04,2.0,10.98,Franchi S.p.A.,Via Monte Bianco 34,Torino,,10100,Italy,SQLServer,130.0,130.0,0.0,4.0,False,False,2090
11061,60,34.0,15.0,0.0,SQLServer,GREAL,4,1998-04-30 00:00:00,1998-06-11,,3.0,14.01,Great Lakes Food Market,2732 Baker Blvd.,Eugene,OR,97403,USA,SQLServer,510.0,510.0,0.0,,False,False,2091
11062,53,32.8,10.0,0.20000000298023224,SQLServer,REGGC,4,1998-04-30 00:00:00,1998-05-28,,2.0,29.93,Reggiani Caseifici,Strada Provinciale 124,Reggio Emilia,,42100,Italy,SQLServer,262.4,328.0,65.6,,False,False,2092
11062,70,15.0,12.0,0.20000000298023224,SQLServer,REGGC,4,1998-04-30 00:00:00,1998-05-28,,2.0,29.93,Reggiani Caseifici,Strada Provinciale 124,Reggio Emilia,,42100,Italy,SQLServer,144.0,180.0,36.0,,False,False,2093
11063,34,14.0,30.0,0.0,SQLServer,HUNGO,3,1998-04-30 00:00:00,1998-05-28,1998-05-06,2.0,81.73,Hungry Owl All-Night Grocers,8 Johnstown Road,Cork,Co. Cork,,Ireland,SQLServer,420.0,420.0,0.0,6.0,False,False,2094
11063,40,18.4,40.0,0.10000000149011612,SQLServer,HUNGO,3,1998-04-30 00:00:00,1998-05-28,1998-05-06,2.0,81.73,Hungry Owl All-Night Grocers,8 Johnstown Road,Cork,Co. Cork,,Ireland,SQLServer,662.4,736.0,73.6,6.0,False,False,2095
11063,41,9.65,30.0,0.10000000149011612,SQLServer,HUNGO,3,1998-04-30 00:00:00,1998-05-28,1998-05-06,2.0,81.73,Hungry Owl All-Night Grocers,8 Johnstown Road,Cork,Co. Cork,,Ireland,SQLServer,260.55,289.5,28.95,6.0,False,False,2096
11064,17,39.0,77.0,0.10000000149011612,SQLServer,SAVEA,1,1998-05-01 00:00:00,1998-05-29,1998-05-04,1.0,30.09,Save-a-lot Markets,187 Suffolk Ln.,Boise,ID,83720,USA,SQLServer,2702.7,3003.0,300.3,3.0,False,False,2097
11064,41,9.65,12.0,0.0,SQLServer,SAVEA,1,1998-05-01 00:00:00,1998-05-29,1998-05-04,1.0,30.09,Save-a-lot Markets,187 Suffolk Ln.,Boise,ID,83720,USA,SQLServer,115.8,115.8,0.0,3.0,False,False,2098
11064,53,32.8,25.0,0.10000000149011612,SQLServer,SAVEA,1,1998-05-01 00:00:00,1998-05-29,1998-05-04,1.0,30.09,Save-a-lot Markets,187 Suffolk Ln.,Boise,ID,83720,USA,SQLServer,738.0,820.0,82.0,3.0,False,False,2099
11064,55,24.0,4.0,0.10000000149011612,SQLServer,SAVEA,1,1998-05-01 00:00:00,1998-05-29,1998-05-04,1.0,30.09,Save-a-lot Markets,187 Suffolk Ln.,Boise,ID,83720,USA,SQLServer,86.4,96.0,9.6,3.0,False,False,2100
11064,68,12.5,55.0,0.0,SQLServer,SAVEA,1,1998-05-01 00:00:00,1998-05-29,1998-05-04,1.0,30.09,Save-a-lot Markets,187 Suffolk Ln.,Boise,ID,83720,USA,SQLServer,687.5,687.5,0.0,3.0,False,False,2101
11065,30,25.89,4.0,0.25,SQLServer,LILAS,8,1998-05-01 00:00:00,1998-05-29,,1.0,12.91,LILA-Supermercado,Carrera 52 con Ave. Bolívar #65-98 Llano Largo,Barquisimeto,Lara,3508,Venezuela,SQLServer,77.67,103.56,25.89,,False,False,2102
11065,54,7.45,20.0,0.25,SQLServer,LILAS,8,1998-05-01 00:00:00,1998-05-29,,1.0,12.91,LILA-Supermercado,Carrera 52 con Ave. Bolívar #65-98 Llano Largo,Barquisimeto,Lara,3508,Venezuela,SQLServer,111.75,149.0,37.25,,False,False,2103
11066,16,17.45,3.0,0.0,SQLServer,WHITC,7,1998-05-01 00:00:00,1998-05-29,1998-05-04,2.0,44.72,White Clover Markets,1029 - 12th Ave. S.,Seattle,WA,98124,USA,SQLServer,52.35,52.35,0.0,3.0,False,False,2104
11066,19,9.2,42.0,0.0,SQLServer,WHITC,7,1998-05-01 00:00:00,1998-05-29,1998-05-04,2.0,44.72,White Clover Markets,1029 - 12th Ave. S.,Seattle,WA,98124,USA,SQLServer,386.4,386.4,0.0,3.0,False,False,2105
11066,34,14.0,35.0,0.0,SQLServer,WHITC,7,1998-05-01 00:00:00,1998-05-29,1998-05-04,2.0,44.72,White Clover Markets,1029 - 12th Ave. S.,Seattle,WA,98124,USA,SQLServer,490.0,490.0,0.0,3.0,False,False,2106
11067,41,9.65,9.0,0.0,SQLServer,DRACD,1,1998-05-04 00:00:00,1998-05-18,1998-05-06,2.0,7.98,Drachenblut Delikatessen,Walserweg 21,Aachen,,52066,Germany,SQLServer,86.85,86.85,0.0,2.0,False,False,2107
11068,28,45.6,8.0,0.15000000596046448,SQLServer,QUEEN,8,1998-05-04 00:00:00,1998-06-01,,2.0,81.75,Queen Cozinha,"Alameda dos Canàrios, 891",Sao Paulo,SP,05487-020,Brazil,SQLServer,310.08,364.8,54.72,,False,False,2108
11068,43,46.0,36.0,0.15000000596046448,SQLServer,QUEEN,8,1998-05-04 00:00:00,1998-06-01,,2.0,81.75,Queen Cozinha,"Alameda dos Canàrios, 891",Sao Paulo,SP,05487-020,Brazil,SQLServer,1407.6,1656.0,248.4,,False,False,2109
11068,77,13.0,28.0,0.15000000596046448,SQLServer,QUEEN,8,1998-05-04 00:00:00,1998-06-01,,2.0,81.75,Queen Cozinha,"Alameda dos Canàrios, 891",Sao Paulo,SP,05487-020,Brazil,SQLServer,309.4,364.0,54.6,,False,False,2110
11069,39,18.0,20.0,0.0,SQLServer,TORTU,1,1998-05-04 00:00:00,1998-06-01,1998-05-06,2.0,15.67,Tortuga Restaurante,Avda. Azteca 123,México D.F.,,05033,Mexico,SQLServer,360.0,360.0,0.0,2.0,False,False,2111
11070,1,18.0,40.0,0.15000000596046448,SQLServer,LEHMS,2,1998-05-05 00:00:00,1998-06-02,,1.0,136.0,Lehmanns Marktstand,Magazinweg 7,Frankfurt a.M.,,60528,Germany,SQLServer,612.0,720.0,108.0,,False,False,2112
11070,2,19.0,20.0,0.15000000596046448,SQLServer,LEHMS,2,1998-05-05 00:00:00,1998-06-02,,1.0,136.0,Lehmanns Marktstand,Magazinweg 7,Frankfurt a.M.,,60528,Germany,SQLServer,323.0,380.0,57.0,,False,False,2113
11070,16,17.45,30.0,0.15000000596046448,SQLServer,LEHMS,2,1998-05-05 00:00:00,1998-06-02,,1.0,136.0,Lehmanns Marktstand,Magazinweg 7,Frankfurt a.M.,,60528,Germany,SQLServer,444.97,523.5,78.53,,False,False,2114
11070,31,12.5,20.0,0.0,SQLServer,LEHMS,2,1998-05-05 00:00:00,1998-06-02,,1.0,136.0,Lehmanns Marktstand,Magazinweg 7,Frankfurt a.M.,,60528,Germany,SQLServer,250.0,250.0,0.0,,False,False,2115
11071,7,30.0,15.0,0.05000000074505806,SQLServer,LILAS,1,1998-05-05 00:00:00,1998-06-02,,1.0,0.93,LILA-Supermercado,Carrera 52 con Ave. Bolívar #65-98 Llano Largo,Barquisimeto,Lara,3508,Venezuela,SQLServer,427.5,450.0,22.5,,False,False,2116
11071,13,6.0,10.0,0.05000000074505806,SQLServer,LILAS,1,1998-05-05 00:00:00,1998-06-02,,1.0,0.93,LILA-Supermercado,Carrera 52 con Ave. Bolívar #65-98 Llano Largo,Barquisimeto,Lara,3508,Venezuela,SQLServer,57.0,60.0,3.0,,False,False,2117
11072,2,19.0,8.0,0.0,SQLServer,ERNSH,4,1998-05-05 00:00:00,1998-06-02,,2.0,258.64,Ernst Handel,Kirchgasse 6,Graz,,8010,Austria,SQLServer,152.0,152.0,0.0,,False,False,2118
11072,41,9.65,40.0,0.0,SQLServer,ERNSH,4,1998-05-05 00:00:00,1998-06-02,,2.0,258.64,Ernst Handel,Kirchgasse 6,Graz,,8010,Austria,SQLServer,386.0,386.0,0.0,,False,False,2119
11072,50,16.25,22.0,0.0,SQLServer,ERNSH,4,1998-05-05 00:00:00,1998-06-02,,2.0,258.64,Ernst Handel,Kirchgasse 6,Graz,,8010,Austria,SQLServer,357.5,357.5,0.0,,False,False,2120
11072,64,33.25,130.0,0.0,SQLServer,ERNSH,4,1998-05-05 00:00:00,1998-06-02,,2.0,258.64,Ernst Handel,Kirchgasse 6,Graz,,8010,Austria,SQLServer,4322.5,4322.5,0.0,,False,False,2121
11073,11,21.0,10.0,0.0,SQLServer,PERIC,2,1998-05-05 00:00:00,1998-06-02,,2.0,24.95,Pericles Comidas clásicas,Calle Dr. Jorge Cash 321,México D.F.,,05033,Mexico,SQLServer,210.0,210.0,0.0,,False,False,2122
11073,24,4.5,20.0,0.0,SQLServer,PERIC,2,1998-05-05 00:00:00,1998-06-02,,2.0,24.95,Pericles Comidas clásicas,Calle Dr. Jorge Cash 321,México D.F.,,05033,Mexico,SQLServer,90.0,90.0,0.0,,False,False,2123
11074,16,17.45,14.0,0.05000000074505806,SQLServer,SIMOB,7,1998-05-06 00:00:00,1998-06-03,,2.0,18.44,Simons bistro,Vinbæltet 34,Kobenhavn,,1734,Denmark,SQLServer,232.08,244.3,12.22,,False,False,2124
11075,2,19.0,10.0,0.15000000596046448,SQLServer,RICSU,8,1998-05-06 00:00:00,1998-06-03,,2.0,6.19,Richter Supermarkt,Starenweg 5,Genève,,1204,Switzerland,SQLServer,161.5,190.0,28.5,,False,False,2125
11075,46,12.0,30.0,0.15000000596046448,SQLServer,RICSU,8,1998-05-06 00:00:00,1998-06-03,,2.0,6.19,Richter Supermarkt,Starenweg 5,Genève,,1204,Switzerland,SQLServer,306.0,360.0,54.0,,False,False,2126
11075,76,18.0,2.0,0.15000000596046448,SQLServer,RICSU,8,1998-05-06 00:00:00,1998-06-03,,2.0,6.19,Richter Supermarkt,Starenweg 5,Genève,,1204,Switzerland,SQLServer,30.6,36.0,5.4,,False,False,2127
11076,6,25.0,20.0,0.25,SQLServer,BONAP,4,1998-05-06 00:00:00,1998-06-03,,2.0,38.28,Bon app',"12, rue des Bouchers",Marseille,,13008,France,SQLServer,375.0,500.0,125.0,,False,False,2128
11076,14,23.25,20.0,0.25,SQLServer,BONAP,4,1998-05-06 00:00:00,1998-06-03,,2.0,38.28,Bon app',"12, rue des Bouchers",Marseille,,13008,France,SQLServer,348.75,465.0,116.25,,False,False,2129
11076,19,9.2,10.0,0.25,SQLServer,BONAP,4,1998-05-06 00:00:00,1998-06-03,,2.0,38.28,Bon app',"12, rue des Bouchers",Marseille,,13008,France,SQLServer,69.0,92.0,23.0,,False,False,2130
11077,2,19.0,24.0,0.20000000298023224,SQLServer,RATTC,1,1998-05-06 00:00:00,1998-06-03,,2.0,8.53,Rattlesnake Canyon Grocery,2817 Milton Dr.,Albuquerque,NM,87110,USA,SQLServer,364.8,456.0,91.2,,False,False,2131
11077,3,10.0,4.0,0.0,SQLServer,RATTC,1,1998-05-06 00:00:00,1998-06-03,,2.0,8.53,Rattlesnake Canyon Grocery,2817 Milton Dr.,Albuquerque,NM,87110,USA,SQLServer,40.0,40.0,0.0,,False,False,2132
11077,4,22.0,1.0,0.0,SQLServer,RATTC,1,1998-05-06 00:00:00,1998-06-03,,2.0,8.53,Rattlesnake Canyon Grocery,2817 Milton Dr.,Albuquerque,NM,87110,USA,SQLServer,22.0,22.0,0.0,,False,False,2133
11077,6,25.0,1.0,0.019999999552965164,SQLServer,RATTC,1,1998-05-06 00:00:00,1998-06-03,,2.0,8.53,Rattlesnake Canyon Grocery,2817 Milton Dr.,Albuquerque,NM,87110,USA,SQLServer,24.5,25.0,0.5,,False,False,2134
11077,7,30.0,1.0,0.05000000074505806,SQLServer,RATTC,1,1998-05-06 00:00:00,1998-06-03,,2.0,8.53,Rattlesnake Canyon Grocery,2817 Milton Dr.,Albuquerque,NM,87110,USA,SQLServer,28.5,30.0,1.5,,False,False,2135
11077,8,40.0,2.0,0.10000000149011612,SQLServer,RATTC,1,1998-05-06 00:00:00,1998-06-03,,2.0,8.53,Rattlesnake Canyon Grocery,2817 Milton Dr.,Albuquerque,NM,87110,USA,SQLServer,72.0,80.0,8.0,,False,False,2136
11077,10,31.0,1.0,0.0,SQLServer,RATTC,1,1998-05-06 00:00:00,1998-06-03,,2.0,8.53,Rattlesnake Canyon Grocery,2817 Milton Dr.,Albuquerque,NM,87110,USA,SQLServer,31.0,31.0,0.0,,False,False,2137
11077,12,38.0,2.0,0.05000000074505806,SQLServer,RATTC,1,1998-05-06 00:00:00,1998-06-03,,2.0,8.53,Rattlesnake Canyon Grocery,2817 Milton Dr.,Albuquerque,NM,87110,USA,SQLServer,72.2,76.0,3.8,,False,False,2138
11077,13,6.0,4.0,0.0,SQLServer,RATTC,1,1998-05-06 00:00:00,1998-06-03,,2.0,8.53,Rattlesnake Canyon Grocery,2817 Milton Dr.,Albuquerque,NM,87110,USA,SQLServer,24.0,24.0,0.0,,False,False,2139
11077,14,23.25,1.0,0.029999999329447746,SQLServer,RATTC,1,1998-05-06 00:00:00,1998-06-03,,2.0,8.53,Rattlesnake Canyon Grocery,2817 Milton Dr.,Albuquerque,NM,87110,USA,SQLServer,22.55,23.25,0.7,,False,False,2140
11077,16,17.45,2.0,0.029999999329447746,SQLServer,RATTC,1,1998-05-06 00:00:00,1998-06-03,,2.0,8.53,Rattlesnake Canyon Grocery,2817 Milton Dr.,Albuquerque,NM,87110,USA,SQLServer,33.85,34.9,1.05,,False,False,2141
11077,20,81.0,1.0,0.03999999910593033,SQLServer,RATTC,1,1998-05-06 00:00:00,1998-06-03,,2.0,8.53,Rattlesnake Canyon Grocery,2817 Milton Dr.,Albuquerque,NM,87110,USA,SQLServer,77.76,81.0,3.24,,False,False,2142
11077,23,9.0,2.0,0.0,SQLServer,RATTC,1,1998-05-06 00:00:00,1998-06-03,,2.0,8.53,Rattlesnake Canyon Grocery,2817 Milton Dr.,Albuquerque,NM,87110,USA,SQLServer,18.0,18.0,0.0,,False,False,2143
11077,32,32.0,1.0,0.0,SQLServer,RATTC,1,1998-05-06 00:00:00,1998-06-03,,2.0,8.53,Rattlesnake Canyon Grocery,2817 Milton Dr.,Albuquerque,NM,87110,USA,SQLServer,32.0,32.0,0.0,,False,False,2144
11077,39,18.0,2.0,0.05000000074505806,SQLServer,RATTC,1,1998-05-06 00:00:00,1998-06-03,,2.0,8.53,Rattlesnake Canyon Grocery,2817 Milton Dr.,Albuquerque,NM,87110,USA,SQLServer,34.2,36.0,1.8,,False,False,2145
11077,41,9.65,3.0,0.0,SQLServer,RATTC,1,1998-05-06 00:00:00,1998-06-03,,2.0,8.53,Rattlesnake Canyon Grocery,2817 Milton Dr.,Albuquerque,NM,87110,USA,SQLServer,28.95,28.95,0.0,,False,False,2146
11077,46,12.0,3.0,0.019999999552965164,SQLServer,RATTC,1,1998-05-06 00:00:00,1998-06-03,,2.0,8.53,Rattlesnake Canyon Grocery,2817 Milton Dr.,Albuquerque,NM,87110,USA,SQLServer,35.28,36.0,0.72,,False,False,2147
11077,52,7.0,2.0,0.0,SQLServer,RATTC,1,1998-05-06 00:00:00,1998-06-03,,2.0,8.53,Rattlesnake Canyon Grocery,2817 Milton Dr.,Albuquerque,NM,87110,USA,SQLServer,14.0,14.0,0.0,,False,False,2148
11077,55,24.0,2.0,0.0,SQLServer,RATTC,1,1998-05-06 00:00:00,1998-06-03,,2.0,8.53,Rattlesnake Canyon Grocery,2817 Milton Dr.,Albuquerque,NM,87110,USA,SQLServer,48.0,48.0,0.0,,False,False,2149
11077,60,34.0,2.0,0.05999999865889549,SQLServer,RATTC,1,1998-05-06 00:00:00,1998-06-03,,2.0,8.53,Rattlesnake Canyon Grocery,2817 Milton Dr.,Albuquerque,NM,87110,USA,SQLServer,63.92,68.0,4.08,,False,False,2150
11077,64,33.25,2.0,0.029999999329447746,SQLServer,RATTC,1,1998-05-06 00:00:00,1998-06-03,,2.0,8.53,Rattlesnake Canyon Grocery,2817 Milton Dr.,Albuquerque,NM,87110,USA,SQLServer,64.51,66.5,1.99,,False,False,2151
11077,66,17.0,1.0,0.0,SQLServer,RATTC,1,1998-05-06 00:00:00,1998-06-03,,2.0,8.53,Rattlesnake Canyon Grocery,2817 Milton Dr.,Albuquerque,NM,87110,USA,SQLServer,17.0,17.0,0.0,,False,False,2152
11077,73,15.0,2.0,0.009999999776482582,SQLServer,RATTC,1,1998-05-06 00:00:00,1998-06-03,,2.0,8.53,Rattlesnake Canyon Grocery,2817 Milton Dr.,Albuquerque,NM,87110,USA,SQLServer,29.7,30.0,0.3,,False,False,2153
11077,75,7.75,4.0,0.0,SQLServer,RATTC,1,1998-05-06 00:00:00,1998-06-03,,2.0,8.53,Rattlesnake Canyon Grocery,2817 Milton Dr.,Albuquerque,NM,87110,USA,SQLServer,31.0,31.0,0.0,,False,False,2154
11077,77,13.0,2.0,0.0,SQLServer,RATTC,1,1998-05-06 00:00:00,1998-06-03,,2.0,8.53,Rattlesnake Canyon Grocery,2817 Milton Dr.,Albuquerque,NM,87110,USA,SQLServer,26.0,26.0,0.0,,False,False,2155
30,34,14.0,100.0,0.0,Access,27,9,2006-01-15 00:00:00,,2006-01-22,2.0,200.0,Karen Toh,789 27th Street,Las Vegas,NV,99999,USA,Access,1400.0,1400.0,0.0,7.0,False,False,2156
30,80,3.5,30.0,0.0,Access,27,9,2006-01-15 00:00:00,,2006-01-22,2.0,200.0,Karen Toh,789 27th Street,Las Vegas,NV,99999,USA,Access,105.0,105.0,0.0,7.0,False,False,2157
31,7,30.0,10.0,0.0,Access,4,3,2006-01-20 00:00:00,,2006-01-22,1.0,5.0,Christina Lee,123 4th Street,New York,NY,99999,USA,Access,300.0,300.0,0.0,2.0,False,False,2158
31,51,53.0,10.0,0.0,Access,4,3,2006-01-20 00:00:00,,2006-01-22,1.0,5.0,Christina Lee,123 4th Street,New York,NY,99999,USA,Access,530.0,530.0,0.0,2.0,False,False,2159
31,80,3.5,10.0,0.0,Access,4,3,2006-01-20 00:00:00,,2006-01-22,1.0,5.0,Christina Lee,123 4th Street,New York,NY,99999,USA,Access,35.0,35.0,0.0,2.0,False,False,2160
32,1,18.0,15.0,0.0,Access,12,4,2006-01-22 00:00:00,,2006-01-22,2.0,5.0,John Edwards,123 12th Street,Las Vegas,NV,99999,USA,Access,270.0,270.0,0.0,0.0,False,False,2161
32,43,46.0,20.0,0.0,Access,12,4,2006-01-22 00:00:00,,2006-01-22,2.0,5.0,John Edwards,123 12th Street,Las Vegas,NV,99999,USA,Access,920.0,920.0,0.0,0.0,False,False,2162
33,19,9.2,30.0,0.0,Access,8,6,2006-01-30 00:00:00,,2006-01-31,3.0,50.0,Elizabeth Andersen,123 8th Street,Portland,OR,99999,USA,Access,276.0,276.0,0.0,1.0,False,False,2163
34,19,9.2,20.0,0.0,Access,4,9,2006-02-06 00:00:00,,2006-02-07,3.0,4.0,Christina Lee,123 4th Street,New York,NY,99999,USA,Access,184.0,184.0,0.0,1.0,False,False,2164
35,48,12.75,10.0,0.0,Access,29,3,2006-02-10 00:00:00,,2006-02-12,2.0,7.0,Soo Jung Lee,789 29th Street,Denver,CO,99999,USA,Access,127.5,127.5,0.0,2.0,False,False,2165
36,41,9.65,200.0,0.0,Access,3,4,2006-02-23 00:00:00,,2006-02-25,2.0,7.0,Thomas Axen,123 3rd Street,Los Angelas,CA,99999,USA,Access,1930.0,1930.0,0.0,2.0,False,False,2166
37,8,40.0,17.0,0.0,Access,6,8,2006-03-06 00:00:00,,2006-03-09,2.0,12.0,Francisco Pérez-Olaeta,123 6th Street,Milwaukee,WI,99999,USA,Access,680.0,680.0,0.0,3.0,False,False,2167
38,43,46.0,300.0,0.0,Access,28,9,2006-03-10 00:00:00,,2006-03-11,3.0,10.0,Amritansh Raghav,789 28th Street,Memphis,TN,99999,USA,Access,13800.0,13800.0,0.0,1.0,False,False,2168
39,48,12.75,100.0,0.0,Access,8,3,2006-03-22 00:00:00,,2006-03-24,3.0,5.0,Elizabeth Andersen,123 8th Street,Portland,OR,99999,USA,Access,1275.0,1275.0,0.0,2.0,False,False,2169
40,81,2.99,200.0,0.0,Access,10,4,2006-03-24 00:00:00,,2006-03-24,2.0,9.0,Roland Wacker,123 10th Street,Chicago,IL,99999,USA,Access,598.0,598.0,0.0,0.0,False,False,2170
41,43,46.0,300.0,0.0,Access,7,1,2006-03-24 00:00:00,,,,0.0,Ming-Yang Xie,123 7th Street,Boise,ID,99999,USA,Access,13800.0,13800.0,0.0,,False,False,2171
42,6,25.0,10.0,0.0,Access,10,1,2006-03-24 00:00:00,,2006-04-07,1.0,0.0,Roland Wacker,123 10th Street,Chicago,IL,99999,USA,Access,250.0,250.0,0.0,14.0,False,False,2172
42,4,22.0,10.0,0.0,Access,10,1,2006-03-24 00:00:00,,2006-04-07,1.0,0.0,Roland Wacker,123 10th Street,Chicago,IL,99999,USA,Access,220.0,220.0,0.0,14.0,False,False,2173
42,19,9.2,10.0,0.0,Access,10,1,2006-03-24 00:00:00,,2006-04-07,1.0,0.0,Roland Wacker,123 10th Street,Chicago,IL,99999,USA,Access,92.0,92.0,0.0,14.0,False,False,2174
43,80,3.5,20.0,0.0,Access,11,1,2006-03-24 00:00:00,,,3.0,0.0,Peter Krschne,123 11th Street,Miami,FL,99999,USA,Access,70.0,70.0,0.0,,False,False,2175
43,81,2.99,50.0,0.0,Access,11,1,2006-03-24 00:00:00,,,3.0,0.0,Peter Krschne,123 11th Street,Miami,FL,99999,USA,Access,149.5,149.5,0.0,,False,False,2176
44,1,18.0,25.0,0.0,Access,1,1,2006-03-24 00:00:00,,,,0.0,Anna Bedecs,123 1st Street,Seattle,WA,99999,USA,Access,450.0,450.0,0.0,,False,False,2177
44,43,46.0,25.0,0.0,Access,1,1,2006-03-24 00:00:00,,,,0.0,Anna Bedecs,123 1st Street,Seattle,WA,99999,USA,Access,1150.0,1150.0,0.0,,False,False,2178
44,81,2.99,25.0,0.0,Access,1,1,2006-03-24 00:00:00,,,,0.0,Anna Bedecs,123 1st Street,Seattle,WA,99999,USA,Access,74.75,74.75,0.0,,False,False,2179
45,41,9.65,50.0,0.0,Access,28,1,2006-04-07 00:00:00,,2006-04-07,3.0,40.0,Amritansh Raghav,789 28th Street,Memphis,TN,99999,USA,Access,482.5,482.5,0.0,0.0,False,False,2180
45,40,18.4,50.0,0.0,Access,28,1,2006-04-07 00:00:00,,2006-04-07,3.0,40.0,Amritansh Raghav,789 28th Street,Memphis,TN,99999,USA,Access,920.0,920.0,0.0,0.0,False,False,2181
46,57,19.5,100.0,0.0,Access,9,7,2006-04-05 00:00:00,,2006-04-05,1.0,100.0,Sven Mortensen,123 9th Street,Salt Lake City,UT,99999,USA,Access,1950.0,1950.0,0.0,0.0,False,False,2182
46,72,34.8,50.0,0.0,Access,9,7,2006-04-05 00:00:00,,2006-04-05,1.0,100.0,Sven Mortensen,123 9th Street,Salt Lake City,UT,99999,USA,Access,1740.0,1740.0,0.0,0.0,False,False,2183
47,34,14.0,300.0,0.0,Access,6,6,2006-04-08 00:00:00,,2006-04-08,2.0,300.0,Francisco Pérez-Olaeta,123 6th Street,Milwaukee,WI,99999,USA,Access,4200.0,4200.0,0.0,0.0,False,False,2184
48,8,40.0,25.0,0.0,Access,8,4,2006-04-05 00:00:00,,2006-04-05,2.0,50.0,Elizabeth Andersen,123 8th Street,Portland,OR,99999,USA,Access,1000.0,1000.0,0.0,0.0,False,False,2185
48,19,9.2,25.0,0.0,Access,8,4,2006-04-05 00:00:00,,2006-04-05,2.0,50.0,Elizabeth Andersen,123 8th Street,Portland,OR,99999,USA,Access,230.0,230.0,0.0,0.0,False,False,2186
50,21,10.0,20.0,0.0,Access,25,9,2006-04-05 00:00:00,,2006-04-05,1.0,5.0,John Rodman,789 25th Street,Chicago,IL,99999,USA,Access,200.0,200.0,0.0,0.0,False,False,2187
51,5,21.35,25.0,0.0,Access,26,9,2006-04-05 00:00:00,,2006-04-05,3.0,60.0,Run Liu,789 26th Street,Miami,FL,99999,USA,Access,533.75,533.75,0.0,0.0,False,False,2188
51,41,9.65,30.0,0.0,Access,26,9,2006-04-05 00:00:00,,2006-04-05,3.0,60.0,Run Liu,789 26th Street,Miami,FL,99999,USA,Access,289.5,289.5,0.0,0.0,False,False,2189
51,40,18.4,30.0,0.0,Access,26,9,2006-04-05 00:00:00,,2006-04-05,3.0,60.0,Run Liu,789 26th Street,Miami,FL,99999,USA,Access,552.0,552.0,0.0,0.0,False,False,2190
56,48,12.75,10.0,0.0,Access,6,2,2006-04-03 00:00:00,,2006-04-03,3.0,0.0,Francisco Pérez-Olaeta,123 6th Street,Milwaukee,WI,99999,USA,Access,127.5,127.5,0.0,0.0,False,False,2191
55,34,14.0,87.0,0.0,Access,29,1,2006-04-05 00:00:00,,2006-04-05,2.0,200.0,Soo Jung Lee,789 29th Street,Denver,CO,99999,USA,Access,1218.0,1218.0,0.0,0.0,False,False,2192
79,7,30.0,30.0,0.0,Access,6,2,2006-06-23 00:00:00,,2006-06-23,3.0,0.0,Francisco Pérez-Olaeta,123 6th Street,Milwaukee,WI,99999,USA,Access,900.0,900.0,0.0,0.0,False,False,2193
79,51,53.0,30.0,0.0,Access,6,2,2006-06-23 00:00:00,,2006-06-23,3.0,0.0,Francisco Pérez-Olaeta,123 6th Street,Milwaukee,WI,99999,USA,Access,1590.0,1590.0,0.0,0.0,False,False,2194
78,17,39.0,40.0,0.0,Access,29,1,2006-06-05 00:00:00,,2006-06-05,2.0,200.0,Soo Jung Lee,789 29th Street,Denver,CO,99999,USA,Access,1560.0,1560.0,0.0,0.0,False,False,2195
77,6,25.0,90.0,0.0,Access,26,9,2006-06-05 00:00:00,,2006-06-05,3.0,60.0,Run Liu,789 26th Street,Miami,FL,99999,USA,Access,2250.0,2250.0,0.0,0.0,False,False,2196
76,4,22.0,30.0,0.0,Access,25,9,2006-06-05 00:00:00,,2006-06-05,1.0,5.0,John Rodman,789 25th Street,Chicago,IL,99999,USA,Access,660.0,660.0,0.0,0.0,False,False,2197
75,48,12.75,40.0,0.0,Access,8,4,2006-06-05 00:00:00,,2006-06-05,2.0,50.0,Elizabeth Andersen,123 8th Street,Portland,OR,99999,USA,Access,510.0,510.0,0.0,0.0,False,False,2198
74,48,12.75,40.0,0.0,Access,6,6,2006-06-08 00:00:00,,2006-06-08,2.0,300.0,Francisco Pérez-Olaeta,123 6th Street,Milwaukee,WI,99999,USA,Access,510.0,510.0,0.0,0.0,False,False,2199
73,41,9.65,10.0,0.0,Access,9,7,2006-06-05 00:00:00,,2006-06-05,1.0,100.0,Sven Mortensen,123 9th Street,Salt Lake City,UT,99999,USA,Access,96.5,96.5,0.0,0.0,False,False,2200
72,43,46.0,5.0,0.0,Access,28,1,2006-06-07 00:00:00,,2006-06-07,3.0,40.0,Amritansh Raghav,789 28th Street,Memphis,TN,99999,USA,Access,230.0,230.0,0.0,0.0,False,False,2201
71,40,18.4,40.0,0.0,Access,1,1,2006-05-24 00:00:00,,,3.0,0.0,Anna Bedecs,123 1st Street,Seattle,WA,99999,USA,Access,736.0,736.0,0.0,,False,False,2202
70,8,40.0,20.0,0.0,Access,11,1,2006-05-24 00:00:00,,,3.0,0.0,Peter Krschne,123 11th Street,Miami,FL,99999,USA,Access,800.0,800.0,0.0,,False,False,2203
69,80,3.5,15.0,0.0,Access,10,1,2006-05-24 00:00:00,,,1.0,0.0,Roland Wacker,123 10th Street,Chicago,IL,99999,USA,Access,52.5,52.5,0.0,,False,False,2204
67,74,10.0,20.0,0.0,Access,10,4,2006-05-24 00:00:00,,2006-05-24,2.0,9.0,Roland Wacker,123 10th Street,Chicago,IL,99999,USA,Access,200.0,200.0,0.0,0.0,False,False,2205
60,72,34.8,40.0,0.0,Access,8,6,2006-04-30 00:00:00,,2006-04-30,3.0,50.0,Elizabeth Andersen,123 8th Street,Portland,OR,99999,USA,Access,1392.0,1392.0,0.0,0.0,False,False,2206
63,3,10.0,50.0,0.0,Access,3,4,2006-04-25 00:00:00,,2006-04-25,2.0,7.0,Thomas Axen,123 3rd Street,Los Angelas,CA,99999,USA,Access,500.0,500.0,0.0,0.0,False,False,2207
63,8,40.0,3.0,0.0,Access,3,4,2006-04-25 00:00:00,,2006-04-25,2.0,7.0,Thomas Axen,123 3rd Street,Los Angelas,CA,99999,USA,Access,120.0,120.0,0.0,0.0,False,False,2208
58,20,81.0,40.0,0.0,Access,4,3,2006-04-22 00:00:00,,2006-04-22,1.0,5.0,Christina Lee,123 4th Street,New York,NY,99999,USA,Access,3240.0,3240.0,0.0,0.0,False,False,2209
58,52,7.0,40.0,0.0,Access,4,3,2006-04-22 00:00:00,,2006-04-22,1.0,5.0,Christina Lee,123 4th Street,New York,NY,99999,USA,Access,280.0,280.0,0.0,0.0,False,False,2210
80,56,38.0,10.0,0.0,Access,4,2,2006-04-25 17:03:55,,,,0.0,Christina Lee,123 4th Street,New York,NY,99999,USA,Access,380.0,380.0,0.0,,False,False,2211
81,81,2.99,0.0,0.0,Access,3,2,2006-04-25 17:26:53,,,,0.0,Thomas Axen,123 3rd Street,Los Angelas,CA,99999,USA,Access,0.0,0.0,0.0,,False,False,2212
81,56,38.0,0.0,0.0,Access,3,2,2006-04-25 17:26:53,,,,0.0,Thomas Axen,123 3rd Street,Los Angelas,CA,99999,USA,Access,0.0,0.0,0.0,,False,False,2213
